[Licensing::Module] Trying to connect to existing licensing client channel...
Built from '6000.5/staging' branch; Version is '6000.5.4f1 (d550df8bd089) revision 13979871'; Using compiler version '194234433'; Build Type 'Release'
OS: 'Windows 10  (10.0.19045) 64bit Professional' Language: 'ru' Physical Memory: 16265 MB
[Licensing::IpcConnector] Successfully connected to: "LicenseClient-Иван" at "2026-08-26T07:59:38.267988Z"
BatchMode: 1, IsHumanControllingUs: 0, StartBugReporterOnCrash: 0, Is64bit: 1
System  architecture: x64
Process architecture: x64
Date: 2026-08-26T07:59:38Z

COMMAND LINE ARGUMENTS:
Z:\UNITY\Editor\6000.5.4f1\Editor\Unity.exe
-adb2
-batchMode
-noUpm
-name
AssetImportWorkerHW2
-projectPath
Z:/UNITY/Projects/racing-sim-low-poly/RacingSim
-logFile
Logs/AssetImportWorkerHW2.log
-srvPort
50873
-parentPid
4276
-analyticsCloudUserId
10171394731915
-analyticsLocalProjectId
761e7e679cf607248b93b98558fc3d2b
-licensingIpc
LicenseClient-Иван
-noDiagnosticSwitchPersistentStore
-job-worker-count
5
-background-job-worker-count
8
-asset-garbage-collectors
1
-force-d3d12
-name
AssetImport
Successfully changed project path to: Z:/UNITY/Projects/racing-sim-low-poly/RacingSim
Z:/UNITY/Projects/racing-sim-low-poly/RacingSim
[UnityMemory] Configuration Parameters - Can be set up in boot.config
    "memorysetup-temp-allocator-size-gi-baking-worker=262144"
    "memorysetup-temp-allocator-size-gi-baking-worker=262144"
    "memorysetup-temp-allocator-size-gi-baking-worker=262144"
    "memorysetup-temp-allocator-size-gi-baking-worker=262144"
    "memorysetup-temp-allocator-size-gi-baking-worker=262144"
    "memorysetup-temp-allocator-size-nav-mesh-worker=65536"
    "memorysetup-temp-allocator-size-audio-worker=65536"
    "memorysetup-temp-allocator-size-cloud-worker=32768"
    "memorysetup-temp-allocator-size-gfx=262144"
    "memorysetup-temp-allocator-size-preload-manager=33554432"
    "memorysetup-allocator-temp-initial-block-size-main=262144"
    "memorysetup-allocator-temp-initial-block-size-worker=262144"
    "memorysetup-temp-allocator-size-job-worker=262144"
    "memorysetup-temp-allocator-size-background-worker=32768"
    "memorysetup-bucket-allocator-granularity=16"
    "memorysetup-bucket-allocator-bucket-count=8"
    "memorysetup-bucket-allocator-block-size=33554432"
    "memorysetup-bucket-allocator-block-count=8"
    "memorysetup-main-allocator-block-size=16777216"
    "memorysetup-thread-allocator-block-size=16777216"
    "memorysetup-main-allocator-mimalloc-enabled=0"
    "memorysetup-gfx-main-allocator-block-size=16777216"
    "memorysetup-gfx-thread-allocator-block-size=16777216"
    "memorysetup-cache-allocator-block-size=4194304"
    "memorysetup-typetree-allocator-block-size=2097152"
    "memorysetup-profiler-bucket-allocator-granularity=16"
    "memorysetup-profiler-bucket-allocator-bucket-count=8"
    "memorysetup-profiler-bucket-allocator-block-size=33554432"
    "memorysetup-profiler-bucket-allocator-block-count=8"
    "memorysetup-profiler-allocator-block-size=16777216"
    "memorysetup-profiler-editor-allocator-block-size=1048576"
    "memorysetup-temp-allocator-size-main=16777216"
    "memorysetup-job-temp-allocator-block-size=2097152"
    "memorysetup-job-temp-allocator-block-size-background=1048576"
    "memorysetup-job-temp-allocator-reduction-small-platforms=262144"
Player connection [1836]  Target information:

Player connection [1836]  * "[IP] 192.168.8.115 [Port] 0 [Flags] 2 [Guid] 1326064039 [EditorId] 1326064039 [Version] 1048832 [Id] WindowsEditor(7,DESKTOP-VKT7RGT) [Debug] 1 [PackageName] WindowsEditor [ProjectName] Editor" 

Player connection [1836] Host joined multi-casting on [225.0.0.222:54997]...
Player connection [1836] Host joined alternative multi-casting on [225.0.0.222:34997]...
JobSystem: Creating JobQueue using job-worker-count value 5
Input System module state changed to: Initialized.
[Physics::Module] Initialized fallback backend.
[Physics::Module] Id: 0xdecafbad
Library Redirect Path: Library/
[Physics::Module] Selected backend.
[Physics::Module] Name: PhysX
[Physics::Module] Id: 0xf2b8ea05
[Physics::Module] SDK Version: 4.1.2
[Physics::Module] Integration Version: 1.0.0
[Physics::Module] Threading Mode: Multi-Threaded
Refreshing native plugins compatible for Editor in 4.76 ms, found 4 plugins.
Initialize engine version: 6000.5.4f1 (d550df8bd089)
[Subsystems] Discovering subsystems at path Z:/UNITY/Editor/6000.5.4f1/Editor/Data/Resources/UnitySubsystems
[Subsystems] Discovering subsystems at path Z:/UNITY/Projects/racing-sim-low-poly/RacingSim/Assets
Forcing GfxDevice: Direct3D 12
GfxDevice: creating device client; kGfxThreadingModeNonThreaded
d3d12: failed to query info queue interface (0x80004002).
Direct3D:
    Version:         Direct3D 12 [level 12.2]
    Renderer:        NVIDIA GeForce RTX 3070 (ID=0x2488)
    Vendor:          NVIDIA
    VRAM:            8018 MB
    App VRAM Budget: 7250 MB
    Driver:          32.0.16.1074
Initialize mono
Mono path[0] = 'Z:/UNITY/Editor/6000.5.4f1/Editor/Data/Managed'
Mono path[1] = 'Z:/UNITY/Editor/6000.5.4f1/Editor/Data/BCLExtensions/runtime/netstandard2.1'
Mono path[2] = 'Z:/UNITY/Editor/6000.5.4f1/Editor/Data/MonoBleedingEdge/lib/mono/unityjit-win32'
Mono config path = 'Z:/UNITY/Editor/6000.5.4f1/Editor/Data/MonoBleedingEdge/etc'
Using monoOptions --debugger-agent=transport=dt_socket,embedding=1,server=y,suspend=n,address=127.0.0.1:56196
CodeReloadManager initialized
Begin MonoManager ReloadAssembly
[Licensing::Client] Error: HandshakeResponse reported an error:
	ResponseCode: 505
	ResponseStatus: Unsupported protocol version '1.18.1'.
[Licensing::Module] Error: Failed to handshake to channel: "LicenseClient-Иван"
[Licensing::IpcConnector] LicenseClient-Иван channel disconnected successfully.
[Licensing::IpcConnector] Successfully connected to: "LicenseClient-Иван-6000.5.4" at "2026-08-26T07:59:39.3326874Z"
[Licensing::Client] Code 10 while verifying Licensing Client signature (process Id: 12712, path: "Z:/UNITY/Editor/6000.5.4f1/Editor/Data/Resources/Licensing/Client/Unity.Licensing.Client.exe")
[Licensing::Module] LicensingClient has failed validation; ignoring
[Licensing::Client] Handshaking with LicensingClient:
  Version:                 1.18.1+9fbee8e
  Session Id:              7126aebedfec429eb9aaed6452dcd3a1
  Correlation Id:          b13e54c8c3ba10305385b481d0b14502
  External correlation Id: 7388375264099151348
  Machine Id:              lZ6J0gUcbcByzG+Ak5e7N0CmXQA=
[Licensing::Module] Successfully connected to LicensingClient on channel: "LicenseClient-Иван-6000.5.4" (connect: 0.00s, validation: 0.00s, handshake: 0.00s)
[Licensing::IpcConnector] Successfully connected to: "LicenseClient-Иван-6000.5.4-notifications" at "2026-08-26T07:59:39.3388492Z"
[Licensing::Module] Licensing Background thread has ended after 1.07s
Registering precompiled unity dll's ...
Register platform support module: Z:/UNITY/Editor/6000.5.4f1/Editor/Data/PlaybackEngines/WindowsStandaloneSupport/UnityEditor.WindowsStandalone.Extensions.dll
[Licensing::Client] Successfully resolved entitlement details
[Licensing::Module] License group:
  Id: F4-DQYR-K32M-YQDA-VF2F-XXXX
  Product: Unity Personal
  Type: ULF
  Expiration: Unlimited
[Licensing::Module] License group:
  Id: 10171394731915-UnityPersXXXX
  Product: Unity Personal
  Type: Assigned
  Expiration: Unlimited
Register platform support module: Z:/UNITY/Editor/6000.5.4f1/Editor/Data/PlaybackEngines/MetroSupport/UnityEditor.UWP.Extensions.dll
[Licensing::Client] Successfully resolved entitlement details
[Licensing::Module] License group:
  Id: F4-DQYR-K32M-YQDA-VF2F-XXXX
  Product: Unity Personal
  Type: ULF
  Expiration: Unlimited
[Licensing::Module] License group:
  Id: 10171394731915-UnityPersXXXX
  Product: Unity Personal
  Type: Assigned
  Expiration: Unlimited
Register platform support module: Z:/UNITY/Editor/6000.5.4f1/Editor/Data/PlaybackEngines/AndroidPlayer/UnityEditor.Android.Extensions.dll
Registered in 0.007887 seconds.
Native extension for Android target not found
Native extension for UWP target not found
Native extension for WindowsStandalone target not found
Package Manager log level set to [2]
[Package Manager] Failed to launch server process. Reason: Unity was launched with the -noUpm command-line argument
[Package Manager] Unable to send message (not connected to server process).
[Package Manager] Cannot connect to Unity Package Manager local server
ScheduleIndexationOnStartup MainProcess:False IndexOnStartup:True
Mono: successfully reloaded assembly
- Finished resetting the current domain, in  0.461 seconds
Domain Reload Profiling: 1133ms
	BeginReloadAssembly (228ms)
	RebuildCommonClasses (7ms)
	RebuildNativeTypeToScriptingClass (19ms)
	initialDomainReloadingComplete (80ms)
	LoadAllAssembliesAndSetupDomain (336ms)
		LoadAssemblies (225ms)
		AnalyzeDomain (252ms)
			TypeCache.Refresh (251ms)
				TypeCache.ScanAssembly (235ms)
	FinalizeReload (463ms)
		SetupLoadedEditorAssemblies (0ms)
			InitializePlatformSupportModulesInManaged (9ms)
			BeforeProcessingInitializeOnLoad (111ms)
			ProcessInitializeOnLoadAttributes (119ms)
			ProcessInitializeOnLoadMethodAttributes (125ms)
Initializing Unity extensions:
[Licensing::Client] Successfully resolved entitlement details
[Licensing::Module] License group:
  Id: F4-DQYR-K32M-YQDA-VF2F-XXXX
  Product: Unity Personal
  Type: ULF
  Expiration: Unlimited
[Licensing::Module] License group:
  Id: 10171394731915-UnityPersXXXX
  Product: Unity Personal
  Type: Assigned
  Expiration: Unlimited
========================================================================
Worker process is ready to serve import requests
Import Worker Mode flag is 0x00
Begin MonoManager ReloadAssembly
Native extension for Android target not found
Native extension for UWP target not found
Native extension for WindowsStandalone target not found
[Package Manager] Failed to launch server process. Reason: Unity was launched with the -noUpm command-line argument
[Package Manager] Unable to send message (not connected to server process).
[Package Manager] Cannot connect to Unity Package Manager local server
Refreshing native plugins compatible for Editor in 2.31 ms, found 4 plugins.
[Package Manager] Failed to launch server process. Reason: Unity was launched with the -noUpm command-line argument
[Package Manager] Unable to send message (not connected to server process).
[Package Manager] Cannot connect to Unity Package Manager local server
ScheduleIndexationOnStartup MainProcess:False IndexOnStartup:True
Mono: successfully reloaded assembly
- Finished resetting the current domain, in  0.775 seconds
Domain Reload Profiling: 1897ms
	BeginReloadAssembly (266ms)
		DisableScriptedObjects (7ms)
		CreateAndSetChildDomain (38ms)
	RebuildCommonClasses (12ms)
	RebuildNativeTypeToScriptingClass (20ms)
	initialDomainReloadingComplete (82ms)
	LoadAllAssembliesAndSetupDomain (741ms)
		LoadAssemblies (461ms)
		AnalyzeDomain (313ms)
			TypeCache.Refresh (216ms)
				TypeCache.ScanAssembly (195ms)
			BuildScriptInfoCaches (86ms)
			ResolveRequiredComponents (8ms)
	FinalizeReload (776ms)
		SetupLoadedEditorAssemblies (0ms)
			InitializePlatformSupportModulesInManaged (9ms)
			BeforeProcessingInitializeOnLoad (99ms)
			ProcessInitializeOnLoadAttributes (318ms)
			ProcessInitializeOnLoadMethodAttributes (116ms)
		AwakeInstancesAfterBackupRestoration (3ms)
AcceleratorClientConnectionCallback - disconnected - :0
Launched and connected shader compiler UnityShaderCompiler.exe after 0.01 seconds
Unloading 22 Unused Serialized files (Serialized files now loaded: 0)
Curl error 3: URL rejected: Malformed input to a URL function
Unloading 6578 unused Assets / (7.7 MB). Loaded Objects now: 7421.
Memory consumption went from 331.6 MB to 323.8 MB.
Total: 13.713900 ms (FindLiveObjects: 1.018300 ms CreateObjectMapping: 2.121500 ms MarkObjects: 6.925300 ms  DeleteObjects: 3.646400 ms)

========================================================================
Received Import Request.
  Time of request: 2026-08-26T07:59:43.1339993Z
  Time since last request: 167404.08849779999582 seconds.
  importAddress: GUID: 8ea1b4baf5ef6ac4e98d94dd636898bd - Path: Assets/Fence pack/Textures/fencec_normals.TGA - Importer: ScriptedImporter/UnityEditor.QuickSearchModule:UnityEditor.Search:ASIAI0B
Importing 'GUID: 8ea1b4baf5ef6ac4e98d94dd636898bd - Path: Assets/Fence pack/Textures/fencec_normals.TGA - Importer: ScriptedImporter/UnityEditor.QuickSearchModule:UnityEditor.Search:ASIAI0B' with importer (ScriptedImporter : UnityEditor.QuickSearchModule:UnityEditor.Search:ASIAI0B)
Imported 'GUID: 8ea1b4baf5ef6ac4e98d94dd636898bd' -> (Import Result ID: '9e7f43344f579a820db18798cd35e38b') in 0.133 seconds [static and dynamic dependencies]. Details - ImportResultOutputID=dfbc480ddfa0019c2de0d9c9b5f6e91f DependenciesID=b90e2c68a8aa215bc19f342968912b8b StaticDependenciesID=148c22ab9e59e2be61768eb301a7ee67 
Number of updated asset objects reloaded before import = 0
Number of asset objects unloaded after import = 1
========================================================================
Received Import Request.
  Time of request: 2026-08-26T07:59:43.2867095Z
  Time since last request: 0.0092604 seconds.
  importAddress: GUID: 0c92b5244caccfe49bdb507fa94580c7 - Path: Assets/Fence pack/Textures/Fence_e_f.tga - Importer: ScriptedImporter/UnityEditor.QuickSearchModule:UnityEditor.Search:ASIAI0B
Importing 'GUID: 0c92b5244caccfe49bdb507fa94580c7 - Path: Assets/Fence pack/Textures/Fence_e_f.tga - Importer: ScriptedImporter/UnityEditor.QuickSearchModule:UnityEditor.Search:ASIAI0B' with importer (ScriptedImporter : UnityEditor.QuickSearchModule:UnityEditor.Search:ASIAI0B)
Imported 'GUID: 0c92b5244caccfe49bdb507fa94580c7' -> (Import Result ID: '3e6a69b88ac6700ade1c8a9f37fb9c23') in 0.026 seconds [static and dynamic dependencies]. Details - ImportResultOutputID=adb5453fe0177e8f251e2daec0c5efa7 DependenciesID=abddca308038bddadd605f51593f873e StaticDependenciesID=f0d8bd8794e80dc6405fbec50f9a290c 
Number of updated asset objects reloaded before import = 0
Number of asset objects unloaded after import = 1
========================================================================
Received Import Request.
  Time of request: 2026-08-26T07:59:43.3208437Z
  Time since last request: 0.0004964 seconds.
  importAddress: GUID: 8f5461dc878fb3d4485619a3ffbacecb - Path: Assets/Fence pack/Textures/fence_c.tga - Importer: ScriptedImporter/UnityEditor.QuickSearchModule:UnityEditor.Search:ASIAI0B
Importing 'GUID: 8f5461dc878fb3d4485619a3ffbacecb - Path: Assets/Fence pack/Textures/fence_c.tga - Importer: ScriptedImporter/UnityEditor.QuickSearchModule:UnityEditor.Search:ASIAI0B' with importer (ScriptedImporter : UnityEditor.QuickSearchModule:UnityEditor.Search:ASIAI0B)
Imported 'GUID: 8f5461dc878fb3d4485619a3ffbacecb' -> (Import Result ID: '2edc901bdb7a379a4d6b25a8dca25de7') in 0.039 seconds [static and dynamic dependencies]. Details - ImportResultOutputID=8f47dd9d3c5b0d60be354f99faf11df8 DependenciesID=b16bfa2836e22ab7aed9f7ee34dfab02 StaticDependenciesID=c307969c494305c64335ac7bb9a0c67e 
Number of updated asset objects reloaded before import = 0
Number of asset objects unloaded after import = 1
========================================================================
Received Import Request.
  Time of request: 2026-08-26T07:59:43.3701944Z
  Time since last request: 0.00035 seconds.
  importAddress: GUID: 9086358f316fa634b9f0c48bea978d3f - Path: Assets/Fence pack/Prefabs/fence_a_turn.prefab - Importer: ScriptedImporter/UnityEditor.QuickSearchModule:UnityEditor.Search:ASIAI0B
Importing 'GUID: 9086358f316fa634b9f0c48bea978d3f - Path: Assets/Fence pack/Prefabs/fence_a_turn.prefab - Importer: ScriptedImporter/UnityEditor.QuickSearchModule:UnityEditor.Search:ASIAI0B' with importer (ScriptedImporter : UnityEditor.QuickSearchModule:UnityEditor.Search:ASIAI0B)
Imported 'GUID: 9086358f316fa634b9f0c48bea978d3f' -> (Import Result ID: 'b2a17a058a83956aa5cf7208ac03ebc9') in 0.053 seconds [static and dynamic dependencies]. Details - ImportResultOutputID=d81ba6f182743a6a6b6907752c9153c2 DependenciesID=55775bff7b0c81d45262d771979e7c01 StaticDependenciesID=0c98f316992c10573f263e7979faaa16 
Number of updated asset objects reloaded before import = 0
Number of asset objects unloaded after import = 8
========================================================================
Received Import Request.
  Time of request: 2026-08-26T07:59:43.433176Z
  Time since last request: 0.0001514 seconds.
  importAddress: GUID: 7f147c0ec89c71b4dbd8c95038e02155 - Path: Assets/Fence pack/Materials/fence_b 1.mat - Importer: ScriptedImporter/UnityEditor.QuickSearchModule:UnityEditor.Search:ASIAI0B
Importing 'GUID: 7f147c0ec89c71b4dbd8c95038e02155 - Path: Assets/Fence pack/Materials/fence_b 1.mat - Importer: ScriptedImporter/UnityEditor.QuickSearchModule:UnityEditor.Search:ASIAI0B' with importer (ScriptedImporter : UnityEditor.QuickSearchModule:UnityEditor.Search:ASIAI0B)
Imported 'GUID: 7f147c0ec89c71b4dbd8c95038e02155' -> (Import Result ID: 'f868cddf0bd12d5e1a5be2fd2e735357') in 0.033 seconds [static and dynamic dependencies]. Details - ImportResultOutputID=64efcb2db3a8b4f8466051724e7ccf6a DependenciesID=92f699a7aca54f09d9b6fede07ac6077 StaticDependenciesID=80fbb1e89f841be3d72bccd453a68b67 
Number of updated asset objects reloaded before import = 0
Number of asset objects unloaded after import = 3
========================================================================
Received Import Request.
  Time of request: 2026-08-26T07:59:43.4761339Z
  Time since last request: 0.0003209 seconds.
  importAddress: GUID: 71ad279a59e163044b203bde5e353162 - Path: Assets/Fence pack/Prefabs/fence_a_straight_end.prefab - Importer: ScriptedImporter/UnityEditor.QuickSearchModule:UnityEditor.Search:ASIAI0B
Importing 'GUID: 71ad279a59e163044b203bde5e353162 - Path: Assets/Fence pack/Prefabs/fence_a_straight_end.prefab - Importer: ScriptedImporter/UnityEditor.QuickSearchModule:UnityEditor.Search:ASIAI0B' with importer (ScriptedImporter : UnityEditor.QuickSearchModule:UnityEditor.Search:ASIAI0B)
Imported 'GUID: 71ad279a59e163044b203bde5e353162' -> (Import Result ID: '34ae62b6780706a387946e2ce7dfabc2') in 0.024 seconds [static and dynamic dependencies]. Details - ImportResultOutputID=77c363014bf6a12ccca28e5b3cba1f72 DependenciesID=e2e7fd87ab4dbea94408f42b2cc83b7f StaticDependenciesID=f981350379b40de8a0b6013a2de424c4 
Number of updated asset objects reloaded before import = 0
Number of asset objects unloaded after import = 8
========================================================================
Received Import Request.
  Time of request: 2026-08-26T07:59:43.5102745Z
  Time since last request: 0.0002084 seconds.
  importAddress: GUID: 78fe8916ac297e64a8fd32ab9dd09bd4 - Path: Assets/Fence pack/Materials/fence_b.mat - Importer: ScriptedImporter/UnityEditor.QuickSearchModule:UnityEditor.Search:ASIAI0B
Importing 'GUID: 78fe8916ac297e64a8fd32ab9dd09bd4 - Path: Assets/Fence pack/Materials/fence_b.mat - Importer: ScriptedImporter/UnityEditor.QuickSearchModule:UnityEditor.Search:ASIAI0B' with importer (ScriptedImporter : UnityEditor.QuickSearchModule:UnityEditor.Search:ASIAI0B)
Imported 'GUID: 78fe8916ac297e64a8fd32ab9dd09bd4' -> (Import Result ID: '99763b263bebee810177f2e598a37462') in 0.016 seconds [static and dynamic dependencies]. Details - ImportResultOutputID=b5f4b98e1dd70133e648a33c9e302fdc DependenciesID=dc9584b9b1ea67dee86a18f466eefe5c StaticDependenciesID=cac4f332df9b3b42bfd7d9033659d895 
Number of updated asset objects reloaded before import = 0
Number of asset objects unloaded after import = 4
========================================================================
Received Import Request.
  Time of request: 2026-08-26T07:59:43.5374257Z
  Time since last request: 0.0003078 seconds.
  importAddress: GUID: 1b78c0b4697a82e428e2dcc56bbacd43 - Path: Assets/Fence pack/Textures/fence_d.tga - Importer: ScriptedImporter/UnityEditor.QuickSearchModule:UnityEditor.Search:ASIAI0B
Importing 'GUID: 1b78c0b4697a82e428e2dcc56bbacd43 - Path: Assets/Fence pack/Textures/fence_d.tga - Importer: ScriptedImporter/UnityEditor.QuickSearchModule:UnityEditor.Search:ASIAI0B' with importer (ScriptedImporter : UnityEditor.QuickSearchModule:UnityEditor.Search:ASIAI0B)
Imported 'GUID: 1b78c0b4697a82e428e2dcc56bbacd43' -> (Import Result ID: '269d5ae27b79ab2c431ac2292ddc69a7') in 0.032 seconds [static and dynamic dependencies]. Details - ImportResultOutputID=0e9e402855e211018a619b6ab3362c2d DependenciesID=a147fea486780113921a56d0d30fc7ce StaticDependenciesID=491f32357d2f56b747d1a4cbff24f501 
Number of updated asset objects reloaded before import = 0
Number of asset objects unloaded after import = 1
========================================================================
Received Import Request.
  Time of request: 2026-08-26T07:59:43.5787594Z
  Time since last request: 0.0003829 seconds.
  importAddress: GUID: 99c9720ab356a0642a771bea13969a05 - Path: Assets/Scenes/MainScene.unity - Importer: ScriptedImporter/UnityEditor.QuickSearchModule:UnityEditor.Search:ASIAI0B
Importing 'GUID: 99c9720ab356a0642a771bea13969a05 - Path: Assets/Scenes/MainScene.unity - Importer: ScriptedImporter/UnityEditor.QuickSearchModule:UnityEditor.Search:ASIAI0B' with importer (ScriptedImporter : UnityEditor.QuickSearchModule:UnityEditor.Search:ASIAI0B)
Imported 'GUID: 99c9720ab356a0642a771bea13969a05' -> (Import Result ID: '4ded6a114e1468f5a18e6e0b6c67f11e') in 0.005 seconds [static and dynamic dependencies]. Details - ImportResultOutputID=273fbc113c6c6010431b5377a28b016d DependenciesID=4e13b3a114fad2c4159d655175ff9926 StaticDependenciesID=345989ec42a7c8b0cdf79875858b620a 
Number of updated asset objects reloaded before import = 0
Number of asset objects unloaded after import = 1
========================================================================
Received Import Request.
  Time of request: 2026-08-26T07:59:43.59222Z
  Time since last request: 0.0003817 seconds.
  importAddress: GUID: 4357217ce6e63554f97828955f1d9394 - Path: Assets/Fence pack/Prefabs/Fence_e_straight 1.prefab - Importer: ScriptedImporter/UnityEditor.QuickSearchModule:UnityEditor.Search:ASIAI0B
Importing 'GUID: 4357217ce6e63554f97828955f1d9394 - Path: Assets/Fence pack/Prefabs/Fence_e_straight 1.prefab - Importer: ScriptedImporter/UnityEditor.QuickSearchModule:UnityEditor.Search:ASIAI0B' with importer (ScriptedImporter : UnityEditor.QuickSearchModule:UnityEditor.Search:ASIAI0B)
Imported 'GUID: 4357217ce6e63554f97828955f1d9394' -> (Import Result ID: '2a9bd7ab1b6e83ac2736d2924b2276e9') in 0.027 seconds [static and dynamic dependencies]. Details - ImportResultOutputID=25cc5e4ca6c902047f5b85790957bfe6 DependenciesID=ac3fe35a46c755f9b45ac9b6a5900784 StaticDependenciesID=34379bcf79f12c4ec9609d8662c55766 
Number of updated asset objects reloaded before import = 0
Number of asset objects unloaded after import = 8
========================================================================
Received Import Request.
  Time of request: 2026-08-26T07:59:43.6298394Z
  Time since last request: 0.0001144 seconds.
  importAddress: GUID: cb843698ff3044f47a2cdab6a49ef035 - Path: Assets/Fence pack/Materials/fence_d.mat - Importer: ScriptedImporter/UnityEditor.QuickSearchModule:UnityEditor.Search:ASIAI0B
Importing 'GUID: cb843698ff3044f47a2cdab6a49ef035 - Path: Assets/Fence pack/Materials/fence_d.mat - Importer: ScriptedImporter/UnityEditor.QuickSearchModule:UnityEditor.Search:ASIAI0B' with importer (ScriptedImporter : UnityEditor.QuickSearchModule:UnityEditor.Search:ASIAI0B)
Imported 'GUID: cb843698ff3044f47a2cdab6a49ef035' -> (Import Result ID: 'b60e5f4307abcb5eec9414942666d86e') in 0.013 seconds [static and dynamic dependencies]. Details - ImportResultOutputID=ffa5d1104aa1e77079252ba308455131 DependenciesID=075a0277c8fa35af8b7119e938e337c9 StaticDependenciesID=31eec6d11af6b66ab6eaa7a83f8a2e94 
Number of updated asset objects reloaded before import = 0
Number of asset objects unloaded after import = 4
========================================================================
Received Import Request.
  Time of request: 2026-08-26T07:59:43.6515978Z
  Time since last request: 0.0002724 seconds.
  importAddress: GUID: ccbe4e8945d144243bb0550b1007d3bc - Path: Assets/Fence pack/Textures/fence_g_h_normals.tga - Importer: ScriptedImporter/UnityEditor.QuickSearchModule:UnityEditor.Search:ASIAI0B
Importing 'GUID: ccbe4e8945d144243bb0550b1007d3bc - Path: Assets/Fence pack/Textures/fence_g_h_normals.tga - Importer: ScriptedImporter/UnityEditor.QuickSearchModule:UnityEditor.Search:ASIAI0B' with importer (ScriptedImporter : UnityEditor.QuickSearchModule:UnityEditor.Search:ASIAI0B)
Imported 'GUID: ccbe4e8945d144243bb0550b1007d3bc' -> (Import Result ID: 'a9a2428dd25dc909c39e5e1921ca86d7') in 0.012 seconds [static and dynamic dependencies]. Details - ImportResultOutputID=6bda8a778e36e1d7532e5714034f93cf DependenciesID=516db075d0cf45eaf4d8d6fe4b44282b StaticDependenciesID=bcb9a760a9731b2788ae3a6454eb4559 
Number of updated asset objects reloaded before import = 0
Number of asset objects unloaded after import = 1
========================================================================
Received Import Request.
  Time of request: 2026-08-26T08:00:00.0223868Z
  Time since last request: 16.3483885 seconds.
  importAddress: GUID: c17833375ea78984db65d0f43c6d76d1 - Path: Assets/Fence pack/Prefabs/fence_a_gate.prefab - Importer: PreviewImporter
Importing 'GUID: c17833375ea78984db65d0f43c6d76d1 - Path: Assets/Fence pack/Prefabs/fence_a_gate.prefab - Importer: PreviewImporter' with importer (PreviewImporter)
Imported 'GUID: c17833375ea78984db65d0f43c6d76d1' -> (Import Result ID: '406acb8eeb2fd36f301ea868f0727ac1') in 0.436 seconds [static and dynamic dependencies]. Details - ImportResultOutputID=9f7945de8cbe9df3cdda31342b8d0de5 DependenciesID=661830c5f3016c3401ccf7e8cc1ce00c StaticDependenciesID=9b3f445541e8e0565f3f5cc2a76bf258 
Number of updated asset objects reloaded before import = 0
Number of asset objects unloaded after import = 17
========================================================================
Received Import Request.
  Time of request: 2026-08-26T08:00:00.4685598Z
  Time since last request: 0.0000552 seconds.
  importAddress: GUID: 0a4154eacc46663499b287aba5cdb822 - Path: Assets/Fence pack/Prefabs/Fence_f_straight3.prefab - Importer: PreviewImporter
Importing 'GUID: 0a4154eacc46663499b287aba5cdb822 - Path: Assets/Fence pack/Prefabs/Fence_f_straight3.prefab - Importer: PreviewImporter' with importer (PreviewImporter)
Imported 'GUID: 0a4154eacc46663499b287aba5cdb822' -> (Import Result ID: 'c076917912126e895c9196d8697a2c27') in 0.025 seconds [static and dynamic dependencies]. Details - ImportResultOutputID=b9dd2c764bd112e7d4e330d868d996b3 DependenciesID=a61fb71a179f0cf87447d1706afcfcad StaticDependenciesID=dce750be1df139b30c7b1d6fd0ba2db2 
Number of updated asset objects reloaded before import = 0
Number of asset objects unloaded after import = 11
========================================================================
Received Import Request.
  Time of request: 2026-08-26T08:00:00.502694Z
  Time since last request: 0.0000333 seconds.
  importAddress: GUID: 9086358f316fa634b9f0c48bea978d3f - Path: Assets/Fence pack/Prefabs/fence_a_turn.prefab - Importer: PreviewImporter
Importing 'GUID: 9086358f316fa634b9f0c48bea978d3f - Path: Assets/Fence pack/Prefabs/fence_a_turn.prefab - Importer: PreviewImporter' with importer (PreviewImporter)
Imported 'GUID: 9086358f316fa634b9f0c48bea978d3f' -> (Import Result ID: '64f9435afb3eb6d9bb05821fa9373017') in 0.025 seconds [static and dynamic dependencies]. Details - ImportResultOutputID=9613835d34548c92aa013ace0c97a295 DependenciesID=96f11a712fd8db32c557e40b86f18a35 StaticDependenciesID=bbc287d92466f0fda5f05e3f8be52bc5 
Number of updated asset objects reloaded before import = 0
Number of asset objects unloaded after import = 11
========================================================================
Received Import Request.
  Time of request: 2026-08-26T08:00:00.5392082Z
  Time since last request: 0.0002565 seconds.
  importAddress: GUID: 3a2d1327eff07ce4eaccbbdf2dcbcd0a - Path: Assets/Fence pack/Prefabs/fence_d.prefab - Importer: PreviewImporter
Importing 'GUID: 3a2d1327eff07ce4eaccbbdf2dcbcd0a - Path: Assets/Fence pack/Prefabs/fence_d.prefab - Importer: PreviewImporter' with importer (PreviewImporter)
Imported 'GUID: 3a2d1327eff07ce4eaccbbdf2dcbcd0a' -> (Import Result ID: 'e1a254f725c6377164c6e0d4668dfa2d') in 0.023 seconds [static and dynamic dependencies]. Details - ImportResultOutputID=5a6a49b44063ae860b4a5c2fbf56be69 DependenciesID=fc9683dc57857c903fe42de32b43985f StaticDependenciesID=1add10fd1f72a0d3390ee861ab5be893 
Number of updated asset objects reloaded before import = 0
Number of asset objects unloaded after import = 13
========================================================================
Received Import Request.
  Time of request: 2026-08-26T08:00:00.573889Z
  Time since last request: 0.0000773 seconds.
  importAddress: GUID: 6670cfccda906b04a835d0476bb3e60b - Path: Assets/Fence pack/Prefabs/Fence_e_straight1.prefab - Importer: PreviewImporter
Importing 'GUID: 6670cfccda906b04a835d0476bb3e60b - Path: Assets/Fence pack/Prefabs/Fence_e_straight1.prefab - Importer: PreviewImporter' with importer (PreviewImporter)
Imported 'GUID: 6670cfccda906b04a835d0476bb3e60b' -> (Import Result ID: '9ead20fe926e1e39c322ffa0bf3c219d') in 0.023 seconds [static and dynamic dependencies]. Details - ImportResultOutputID=4bea25ae60c273ae1c47849760bb985c DependenciesID=36be9a97bdc656c3f5f1483b8348f315 StaticDependenciesID=5a36714c42d641a098871875a2d1b581 
Number of updated asset objects reloaded before import = 0
Number of asset objects unloaded after import = 11
========================================================================
Received Import Request.
  Time of request: 2026-08-26T08:00:00.6067996Z
  Time since last request: 0.0001122 seconds.
  importAddress: GUID: 7a72186447e5db9489b951242b2e9c64 - Path: Assets/Fence pack/Prefabs/fence_g_straight2.prefab - Importer: PreviewImporter
Importing 'GUID: 7a72186447e5db9489b951242b2e9c64 - Path: Assets/Fence pack/Prefabs/fence_g_straight2.prefab - Importer: PreviewImporter' with importer (PreviewImporter)
Imported 'GUID: 7a72186447e5db9489b951242b2e9c64' -> (Import Result ID: 'a48f5935d64a0751b70f63c69c8fc0bb') in 0.021 seconds [static and dynamic dependencies]. Details - ImportResultOutputID=1db59105940d2e71cab47e18fc59aaab DependenciesID=f53ec5f2a37a293b4f6bb128eee0a53b StaticDependenciesID=8afeda263c05a18f893f32d3020fba61 
Number of updated asset objects reloaded before import = 0
Number of asset objects unloaded after import = 11
========================================================================
Received Import Request.
  Time of request: 2026-08-26T08:00:00.6361732Z
  Time since last request: 0.0001348 seconds.
  importAddress: GUID: e2b8798791004904693406ed2ed5245e - Path: Assets/Fence pack/Prefabs/fence_b_corner.prefab - Importer: PreviewImporter
Importing 'GUID: e2b8798791004904693406ed2ed5245e - Path: Assets/Fence pack/Prefabs/fence_b_corner.prefab - Importer: PreviewImporter' with importer (PreviewImporter)
Imported 'GUID: e2b8798791004904693406ed2ed5245e' -> (Import Result ID: '115bb3a07e60320a8da5ab788fc38e8a') in 0.017 seconds [static and dynamic dependencies]. Details - ImportResultOutputID=bce99aa5d823f50bf0758bf1fbe690cd DependenciesID=5e3cc8ed3c30beef0b189dcd48586d33 StaticDependenciesID=f7fee3bd0efc9bd5b9cde4a1a711c46e 
Number of updated asset objects reloaded before import = 0
Number of asset objects unloaded after import = 11
========================================================================
Received Import Request.
  Time of request: 2026-08-26T08:00:00.6630926Z
  Time since last request: 0.0000367 seconds.
  importAddress: GUID: 26f9e56afa7092c4695e0787a8782697 - Path: Assets/Fence pack/Prefabs/Fence_f_straight.prefab - Importer: PreviewImporter
Importing 'GUID: 26f9e56afa7092c4695e0787a8782697 - Path: Assets/Fence pack/Prefabs/Fence_f_straight.prefab - Importer: PreviewImporter' with importer (PreviewImporter)
Imported 'GUID: 26f9e56afa7092c4695e0787a8782697' -> (Import Result ID: '5e00a0e54141ad5ee43e66374e38a67b') in 0.015 seconds [static and dynamic dependencies]. Details - ImportResultOutputID=8110008f0b0b2fb4c364c61460c443d4 DependenciesID=eccad5071c2906101e8381ddd2fb827c StaticDependenciesID=8c9252ea00f9fb7da1b459ef868f0c6f 
Number of updated asset objects reloaded before import = 0
Number of asset objects unloaded after import = 11
========================================================================
Received Prepare
AcceleratorClientConnectionCallback - disconnected - :0
Begin MonoManager ReloadAssembly
Native extension for Android target not found
Native extension for UWP target not found
Native extension for WindowsStandalone target not found
[Package Manager] Failed to launch server process. Reason: Unity was launched with the -noUpm command-line argument
[Package Manager] Unable to send message (not connected to server process).
[Package Manager] Cannot connect to Unity Package Manager local server
[Package Manager] Failed to launch server process. Reason: Unity was launched with the -noUpm command-line argument
[Package Manager] Unable to send message (not connected to server process).
[Package Manager] Cannot connect to Unity Package Manager local server
ScheduleIndexationOnStartup MainProcess:False IndexOnStartup:True
Mono: successfully reloaded assembly
- Finished resetting the current domain, in  0.702 seconds
Domain Reload Profiling: 1403ms
	BeginReloadAssembly (258ms)
		DisableScriptedObjects (18ms)
		CreateAndSetChildDomain (55ms)
	RebuildCommonClasses (8ms)
	RebuildNativeTypeToScriptingClass (14ms)
	initialDomainReloadingComplete (72ms)
	LoadAllAssembliesAndSetupDomain (349ms)
		LoadAssemblies (356ms)
		AnalyzeDomain (19ms)
			TypeCache.Refresh (8ms)
			ResolveRequiredComponents (7ms)
	FinalizeReload (703ms)
		SetupLoadedEditorAssemblies (0ms)
			InitializePlatformSupportModulesInManaged (8ms)
			BeforeProcessingInitializeOnLoad (82ms)
			ProcessInitializeOnLoadAttributes (241ms)
			ProcessInitializeOnLoadMethodAttributes (106ms)
		AwakeInstancesAfterBackupRestoration (13ms)
Refreshing native plugins compatible for Editor in 2.27 ms, found 4 plugins.
Unloading 22 Unused Serialized files (Serialized files now loaded: 0)
Unloading 6574 unused Assets / (6.2 MB). Loaded Objects now: 7497.
Memory consumption went from 343.2 MB to 337.0 MB.
Total: 9.626900 ms (FindLiveObjects: 0.733400 ms CreateObjectMapping: 1.644000 ms MarkObjects: 4.875200 ms  DeleteObjects: 2.373600 ms)

Prepare: number of updated asset objects reloaded= 0
========================================================================
Received Import Request.
  Time of request: 2026-08-26T08:00:50.7762048Z
  Time since last request: 50.0899408 seconds.
  importAddress: GUID: d9f35230ed361074ca7492aca2232c82 - Path: Assets/New Terrain.asset - Importer: PreviewImporter
Importing 'GUID: d9f35230ed361074ca7492aca2232c82 - Path: Assets/New Terrain.asset - Importer: PreviewImporter' with importer (PreviewImporter)
The tree M_Realistic21_1 must use the Nature/Soft Occlusion shader. Otherwise billboarding/lighting will not work correctly.
Imported 'GUID: d9f35230ed361074ca7492aca2232c82' -> (Import Result ID: 'ded0887ff390d778e632613b53efb86a') in 0.078 seconds [static and dynamic dependencies]. Details - ImportResultOutputID=26010319e69e282b9b86a9c7bac54367 DependenciesID=b99fc444f3e65cd45cc0d49f199002ae StaticDependenciesID=2d43095036ffea983ef1ad047ba4259a 
Number of updated asset objects reloaded before import = 0
Number of asset objects unloaded after import = 17
========================================================================
Received Prepare
AcceleratorClientConnectionCallback - disconnected - :0
[Licensing::Client] Successfully resolved entitlement details
[Licensing::Module] License group:
  Id: F4-DQYR-K32M-YQDA-VF2F-XXXX
  Product: Unity Personal
  Type: ULF
  Expiration: Unlimited
[Licensing::Module] License group:
  Id: 10171394731915-UnityPersXXXX
  Product: Unity Personal
  Type: Assigned
  Expiration: Unlimited
Begin MonoManager ReloadAssembly
Native extension for Android target not found
Native extension for UWP target not found
Native extension for WindowsStandalone target not found
[Package Manager] Failed to launch server process. Reason: Unity was launched with the -noUpm command-line argument
[Package Manager] Unable to send message (not connected to server process).
[Package Manager] Cannot connect to Unity Package Manager local server
[Package Manager] Failed to launch server process. Reason: Unity was launched with the -noUpm command-line argument
[Package Manager] Unable to send message (not connected to server process).
[Package Manager] Cannot connect to Unity Package Manager local server
ScheduleIndexationOnStartup MainProcess:False IndexOnStartup:True
Mono: successfully reloaded assembly
- Finished resetting the current domain, in  0.675 seconds
Domain Reload Profiling: 1321ms
	BeginReloadAssembly (224ms)
		DisableScriptedObjects (5ms)
		CreateAndSetChildDomain (46ms)
	RebuildCommonClasses (8ms)
	RebuildNativeTypeToScriptingClass (15ms)
	initialDomainReloadingComplete (63ms)
	LoadAllAssembliesAndSetupDomain (336ms)
		LoadAssemblies (327ms)
		AnalyzeDomain (18ms)
			TypeCache.Refresh (7ms)
			ResolveRequiredComponents (7ms)
	FinalizeReload (676ms)
		SetupLoadedEditorAssemblies (0ms)
			InitializePlatformSupportModulesInManaged (7ms)
			BeforeProcessingInitializeOnLoad (85ms)
			ProcessInitializeOnLoadAttributes (256ms)
			ProcessInitializeOnLoadMethodAttributes (115ms)
			AfterProcessingInitializeOnLoad (3ms)
		AwakeInstancesAfterBackupRestoration (23ms)
Refreshing native plugins compatible for Editor in 2.10 ms, found 4 plugins.
Unloading 22 Unused Serialized files (Serialized files now loaded: 0)
Unloading 6574 unused Assets / (6.2 MB). Loaded Objects now: 7502.
Memory consumption went from 344.6 MB to 338.5 MB.
Total: 12.883600 ms (FindLiveObjects: 0.990000 ms CreateObjectMapping: 2.581900 ms MarkObjects: 5.884400 ms  DeleteObjects: 3.426400 ms)

Prepare: number of updated asset objects reloaded= 0
========================================================================
Received Prepare
AcceleratorClientConnectionCallback - disconnected - :0
Begin MonoManager ReloadAssembly
Native extension for Android target not found
Native extension for UWP target not found
Native extension for WindowsStandalone target not found
[Package Manager] Failed to launch server process. Reason: Unity was launched with the -noUpm command-line argument
[Package Manager] Unable to send message (not connected to server process).
[Package Manager] Cannot connect to Unity Package Manager local server
[Package Manager] Failed to launch server process. Reason: Unity was launched with the -noUpm command-line argument
[Package Manager] Unable to send message (not connected to server process).
[Package Manager] Cannot connect to Unity Package Manager local server
ScheduleIndexationOnStartup MainProcess:False IndexOnStartup:True
Mono: successfully reloaded assembly
- Finished resetting the current domain, in  0.685 seconds
Domain Reload Profiling: 1316ms
	BeginReloadAssembly (220ms)
		DisableScriptedObjects (6ms)
		CreateAndSetChildDomain (42ms)
	RebuildCommonClasses (8ms)
	RebuildNativeTypeToScriptingClass (14ms)
	initialDomainReloadingComplete (54ms)
	LoadAllAssembliesAndSetupDomain (335ms)
		LoadAssemblies (319ms)
		AnalyzeDomain (19ms)
			TypeCache.Refresh (8ms)
			ResolveRequiredComponents (8ms)
	FinalizeReload (686ms)
		SetupLoadedEditorAssemblies (0ms)
			InitializePlatformSupportModulesInManaged (8ms)
			BeforeProcessingInitializeOnLoad (78ms)
			ProcessInitializeOnLoadAttributes (262ms)
			ProcessInitializeOnLoadMethodAttributes (124ms)
			AfterProcessingInitializeOnLoad (3ms)
		AwakeInstancesAfterBackupRestoration (26ms)
Unloading 22 Unused Serialized files (Serialized files now loaded: 0)
Unloading 6574 unused Assets / (6.3 MB). Loaded Objects now: 7505.
Memory consumption went from 347.2 MB to 340.9 MB.
Total: 10.560900 ms (FindLiveObjects: 0.886900 ms CreateObjectMapping: 1.792500 ms MarkObjects: 4.994100 ms  DeleteObjects: 2.886700 ms)

Prepare: number of updated asset objects reloaded= 0
========================================================================
Received Prepare
AcceleratorClientConnectionCallback - disconnected - :0
Unloading 22 Unused Serialized files (Serialized files now loaded: 0)
Unloading 22 unused Assets / (2.6 MB). Loaded Objects now: 7505.
Memory consumption went from 345.0 MB to 342.4 MB.
Total: 6.703800 ms (FindLiveObjects: 0.393200 ms CreateObjectMapping: 0.880900 ms MarkObjects: 4.927900 ms  DeleteObjects: 0.501400 ms)

Prepare: number of updated asset objects reloaded= 0
========================================================================
Received Prepare
AcceleratorClientConnectionCallback - disconnected - :0
[Licensing::Client] Successfully resolved entitlement details
[Licensing::Module] License group:
  Id: F4-DQYR-K32M-YQDA-VF2F-XXXX
  Product: Unity Personal
  Type: ULF
  Expiration: Unlimited
[Licensing::Module] License group:
  Id: 10171394731915-UnityPersXXXX
  Product: Unity Personal
  Type: Assigned
  Expiration: Unlimited
Begin MonoManager ReloadAssembly
Native extension for Android target not found
Native extension for UWP target not found
Native extension for WindowsStandalone target not found
[Package Manager] Failed to launch server process. Reason: Unity was launched with the -noUpm command-line argument
[Package Manager] Unable to send message (not connected to server process).
[Package Manager] Cannot connect to Unity Package Manager local server
[Package Manager] Failed to launch server process. Reason: Unity was launched with the -noUpm command-line argument
[Package Manager] Unable to send message (not connected to server process).
[Package Manager] Cannot connect to Unity Package Manager local server
ScheduleIndexationOnStartup MainProcess:False IndexOnStartup:True
Mono: successfully reloaded assembly
- Finished resetting the current domain, in  0.640 seconds
Domain Reload Profiling: 1268ms
	BeginReloadAssembly (217ms)
		DisableScriptedObjects (6ms)
		CreateAndSetChildDomain (41ms)
	RebuildCommonClasses (8ms)
	RebuildNativeTypeToScriptingClass (14ms)
	initialDomainReloadingComplete (61ms)
	LoadAllAssembliesAndSetupDomain (327ms)
		LoadAssemblies (322ms)
		AnalyzeDomain (18ms)
			TypeCache.Refresh (7ms)
			ResolveRequiredComponents (7ms)
	FinalizeReload (641ms)
		SetupLoadedEditorAssemblies (0ms)
			InitializePlatformSupportModulesInManaged (8ms)
			BeforeProcessingInitializeOnLoad (79ms)
			ProcessInitializeOnLoadAttributes (242ms)
			ProcessInitializeOnLoadMethodAttributes (112ms)
			AfterProcessingInitializeOnLoad (3ms)
		AwakeInstancesAfterBackupRestoration (21ms)
Unloading 22 Unused Serialized files (Serialized files now loaded: 0)
Unloading 6574 unused Assets / (5.9 MB). Loaded Objects now: 7508.
Memory consumption went from 352.4 MB to 346.5 MB.
Total: 11.342900 ms (FindLiveObjects: 0.831500 ms CreateObjectMapping: 2.293000 ms MarkObjects: 5.223800 ms  DeleteObjects: 2.993800 ms)

Prepare: number of updated asset objects reloaded= 0
========================================================================
Received Prepare
AcceleratorClientConnectionCallback - disconnected - :0
Refreshing native plugins compatible for Editor in 2.02 ms, found 4 plugins.
Unloading 22 Unused Serialized files (Serialized files now loaded: 0)
Unloading 22 unused Assets / (2.6 MB). Loaded Objects now: 7508.
Memory consumption went from 350.2 MB to 347.6 MB.
Total: 6.386200 ms (FindLiveObjects: 0.430500 ms CreateObjectMapping: 0.939600 ms MarkObjects: 4.417900 ms  DeleteObjects: 0.597600 ms)

Prepare: number of updated asset objects reloaded= 0
========================================================================
Received Prepare
AcceleratorClientConnectionCallback - disconnected - :0
Unloading 22 Unused Serialized files (Serialized files now loaded: 0)
Unloading 22 unused Assets / (2.6 MB). Loaded Objects now: 7508.
Memory consumption went from 352.7 MB to 350.1 MB.
Total: 7.181800 ms (FindLiveObjects: 0.442500 ms CreateObjectMapping: 0.635200 ms MarkObjects: 5.491800 ms  DeleteObjects: 0.611400 ms)

Prepare: number of updated asset objects reloaded= 0
========================================================================
Received Import Request.
  Time of request: 2026-08-26T08:20:35.53443Z
  Time since last request: 1184.69558789999996 seconds.
  importAddress: GUID: 824b5d6dbf491b542962004eb0c62b23 - Path: Assets/Models - Importer: PreviewImporter
Importing 'GUID: 824b5d6dbf491b542962004eb0c62b23 - Path: Assets/Models - Importer: PreviewImporter' with importer (PreviewImporter)
Imported 'GUID: 824b5d6dbf491b542962004eb0c62b23' -> (Import Result ID: '799ae3a6696ae8ce8d8477ccc8ca5d8a') in 0.002 seconds [static and dynamic dependencies]. Details - ImportResultOutputID=47d3dc48934608efcb286e0a38beee66 DependenciesID=8d6a4175715d28a66fc145a110691fe5 StaticDependenciesID=d112b47624818084e704f4cb9f4c7336 
Number of updated asset objects reloaded before import = 0
Number of asset objects unloaded after import = 0
========================================================================
Received Import Request.
  Time of request: 2026-08-26T08:20:46.5335719Z
  Time since last request: 10.9873887 seconds.
  importAddress: GUID: 824b5d6dbf491b542962004eb0c62b23 - Path: Assets/GameModels - Importer: PreviewImporter
Importing 'GUID: 824b5d6dbf491b542962004eb0c62b23 - Path: Assets/GameModels - Importer: PreviewImporter' with importer (PreviewImporter)
Imported 'GUID: 824b5d6dbf491b542962004eb0c62b23' -> (Import Result ID: 'a8bf55b54075e728b46f4d1a05cb8ce9') in 0.007 seconds [static and dynamic dependencies]. Details - ImportResultOutputID=47d3dc48934608efcb286e0a38beee66 DependenciesID=0926879a7cf33e3c5dde33fc99e72605 StaticDependenciesID=f7fbfb2f50e0893270e47c6a8a3435e8 
Number of updated asset objects reloaded before import = 0
Number of asset objects unloaded after import = 0
========================================================================
Received Import Request.
  Time of request: 2026-08-26T08:20:57.7528708Z
  Time since last request: 11.2035693 seconds.
  importAddress: GUID: 1b450ec9bdc800446a0ef6dd32da1b3c - Path: Assets/GameModels/SimpleSpringboard.fbx - Importer: PreviewImporter
Importing 'GUID: 1b450ec9bdc800446a0ef6dd32da1b3c - Path: Assets/GameModels/SimpleSpringboard.fbx - Importer: PreviewImporter' with importer (PreviewImporter)
Imported 'GUID: 1b450ec9bdc800446a0ef6dd32da1b3c' -> (Import Result ID: 'b2e236d679f07c46c84bd2caffa43c9c') in 0.448 seconds [static and dynamic dependencies]. Details - ImportResultOutputID=51cb1eb594515792f73e515a2371b1b3 DependenciesID=e57fc0b1b7cbae6d37122dd9e831d15e StaticDependenciesID=645276a6bdfc1917e7f82ecba990135c 
Number of updated asset objects reloaded before import = 0
Number of asset objects unloaded after import = 8
========================================================================
Received Import Request.
  Time of request: 2026-08-26T08:22:39.0679824Z
  Time since last request: 100.8563683 seconds.
  importAddress: GUID: 51e380ed3dc62f84d837a1717137f91b - Path: Assets/Prefabs - Importer: PreviewImporter
Importing 'GUID: 51e380ed3dc62f84d837a1717137f91b - Path: Assets/Prefabs - Importer: PreviewImporter' with importer (PreviewImporter)
Imported 'GUID: 51e380ed3dc62f84d837a1717137f91b' -> (Import Result ID: '858a198ec1029f5597a085174776d69e') in 0.000 seconds [static and dynamic dependencies]. Details - ImportResultOutputID=292a29cc6bad5e9a27c3233938e850d4 DependenciesID=9c9f1e56653bce3a2123255ac45588f1 StaticDependenciesID=a7be0676fce41579753104e870806ddc 
Number of updated asset objects reloaded before import = 0
Number of asset objects unloaded after import = 0
========================================================================
Received Import Request.
  Time of request: 2026-08-26T08:23:45.1923804Z
  Time since last request: 66.1160398 seconds.
  importAddress: GUID: 66b79ab0d2c60f34ca83c59020884369 - Path: Assets/Prefabs/SimpleSpringboard.prefab - Importer: PreviewImporter
Importing 'GUID: 66b79ab0d2c60f34ca83c59020884369 - Path: Assets/Prefabs/SimpleSpringboard.prefab - Importer: PreviewImporter' with importer (PreviewImporter)
Imported 'GUID: 66b79ab0d2c60f34ca83c59020884369' -> (Import Result ID: '2cb0618f80e97ff4df39df5bbbacbc9b') in 0.010 seconds [static and dynamic dependencies]. Details - ImportResultOutputID=7661f1a14394b6e42d483060d6e55f46 DependenciesID=3753b1201376428f2519bd029f578296 StaticDependenciesID=292afefd60b41b11282ca7c0bce89300 
Number of updated asset objects reloaded before import = 0
Number of asset objects unloaded after import = 14
========================================================================
Received Prepare
AcceleratorClientConnectionCallback - disconnected - :0
[Licensing::Client] Successfully resolved entitlement details
[Licensing::Module] License group:
  Id: F4-DQYR-K32M-YQDA-VF2F-XXXX
  Product: Unity Personal
  Type: ULF
  Expiration: Unlimited
[Licensing::Module] License group:
  Id: 10171394731915-UnityPersXXXX
  Product: Unity Personal
  Type: Assigned
  Expiration: Unlimited
Begin MonoManager ReloadAssembly
Refreshing native plugins compatible for Editor in 2.51 ms, found 4 plugins.
Native extension for Android target not found
Native extension for UWP target not found
Native extension for WindowsStandalone target not found
[Package Manager] Failed to launch server process. Reason: Unity was launched with the -noUpm command-line argument
[Package Manager] Unable to send message (not connected to server process).
[Package Manager] Cannot connect to Unity Package Manager local server
[Package Manager] Failed to launch server process. Reason: Unity was launched with the -noUpm command-line argument
[Package Manager] Unable to send message (not connected to server process).
[Package Manager] Cannot connect to Unity Package Manager local server
ScheduleIndexationOnStartup MainProcess:False IndexOnStartup:True
Mono: successfully reloaded assembly
- Finished resetting the current domain, in  0.793 seconds
Domain Reload Profiling: 1599ms
	BeginReloadAssembly (285ms)
		DisableScriptedObjects (17ms)
		CreateAndSetChildDomain (56ms)
	RebuildCommonClasses (8ms)
	RebuildNativeTypeToScriptingClass (14ms)
	initialDomainReloadingComplete (66ms)
	LoadAllAssembliesAndSetupDomain (431ms)
		LoadAssemblies (432ms)
		AnalyzeDomain (24ms)
			TypeCache.Refresh (8ms)
			ResolveRequiredComponents (11ms)
	FinalizeReload (794ms)
		SetupLoadedEditorAssemblies (0ms)
			InitializePlatformSupportModulesInManaged (8ms)
			BeforeProcessingInitializeOnLoad (87ms)
			ProcessInitializeOnLoadAttributes (346ms)
			ProcessInitializeOnLoadMethodAttributes (124ms)
			AfterProcessingInitializeOnLoad (3ms)
		AwakeInstancesAfterBackupRestoration (23ms)
Refreshing native plugins compatible for Editor in 2.46 ms, found 4 plugins.
Unloading 22 Unused Serialized files (Serialized files now loaded: 0)
Unloading 6574 unused Assets / (6.3 MB). Loaded Objects now: 7534.
Memory consumption went from 345.5 MB to 339.3 MB.
Total: 13.942500 ms (FindLiveObjects: 1.064400 ms CreateObjectMapping: 2.776600 ms MarkObjects: 6.190900 ms  DeleteObjects: 3.909500 ms)

Prepare: number of updated asset objects reloaded= 0
========================================================================
Received Prepare
AcceleratorClientConnectionCallback - disconnected - :0
Begin MonoManager ReloadAssembly
Native extension for Android target not found
Native extension for UWP target not found
Native extension for WindowsStandalone target not found
[Package Manager] Failed to launch server process. Reason: Unity was launched with the -noUpm command-line argument
[Package Manager] Unable to send message (not connected to server process).
[Package Manager] Cannot connect to Unity Package Manager local server
[Package Manager] Failed to launch server process. Reason: Unity was launched with the -noUpm command-line argument
[Package Manager] Unable to send message (not connected to server process).
[Package Manager] Cannot connect to Unity Package Manager local server
ScheduleIndexationOnStartup MainProcess:False IndexOnStartup:True
Mono: successfully reloaded assembly
- Finished resetting the current domain, in  0.677 seconds
Domain Reload Profiling: 1309ms
	BeginReloadAssembly (222ms)
		DisableScriptedObjects (6ms)
		CreateAndSetChildDomain (42ms)
	RebuildCommonClasses (8ms)
	RebuildNativeTypeToScriptingClass (14ms)
	initialDomainReloadingComplete (59ms)
	LoadAllAssembliesAndSetupDomain (328ms)
		LoadAssemblies (322ms)
		AnalyzeDomain (18ms)
			TypeCache.Refresh (7ms)
			ResolveRequiredComponents (8ms)
	FinalizeReload (678ms)
		SetupLoadedEditorAssemblies (0ms)
			InitializePlatformSupportModulesInManaged (8ms)
			BeforeProcessingInitializeOnLoad (88ms)
			ProcessInitializeOnLoadAttributes (253ms)
			ProcessInitializeOnLoadMethodAttributes (114ms)
		AwakeInstancesAfterBackupRestoration (20ms)
Refreshing native plugins compatible for Editor in 2.50 ms, found 4 plugins.
Unloading 22 Unused Serialized files (Serialized files now loaded: 0)
Unloading 6574 unused Assets / (5.8 MB). Loaded Objects now: 7537.
Memory consumption went from 348.0 MB to 342.2 MB.
Total: 11.231000 ms (FindLiveObjects: 0.967500 ms CreateObjectMapping: 2.386200 ms MarkObjects: 5.016700 ms  DeleteObjects: 2.859600 ms)

Prepare: number of updated asset objects reloaded= 0
========================================================================
Received Prepare
AcceleratorClientConnectionCallback - disconnected - :0
[Licensing::Client] Successfully resolved entitlement details
[Licensing::Module] License group:
  Id: F4-DQYR-K32M-YQDA-VF2F-XXXX
  Product: Unity Personal
  Type: ULF
  Expiration: Unlimited
[Licensing::Module] License group:
  Id: 10171394731915-UnityPersXXXX
  Product: Unity Personal
  Type: Assigned
  Expiration: Unlimited
Begin MonoManager ReloadAssembly
Native extension for Android target not found
Native extension for UWP target not found
Native extension for WindowsStandalone target not found
[Package Manager] Failed to launch server process. Reason: Unity was launched with the -noUpm command-line argument
[Package Manager] Unable to send message (not connected to server process).
[Package Manager] Cannot connect to Unity Package Manager local server
[Package Manager] Failed to launch server process. Reason: Unity was launched with the -noUpm command-line argument
[Package Manager] Unable to send message (not connected to server process).
[Package Manager] Cannot connect to Unity Package Manager local server
ScheduleIndexationOnStartup MainProcess:False IndexOnStartup:True
Mono: successfully reloaded assembly
- Finished resetting the current domain, in  0.671 seconds
Domain Reload Profiling: 1313ms
	BeginReloadAssembly (235ms)
		DisableScriptedObjects (6ms)
		CreateAndSetChildDomain (42ms)
	RebuildCommonClasses (8ms)
	RebuildNativeTypeToScriptingClass (17ms)
	initialDomainReloadingComplete (58ms)
	LoadAllAssembliesAndSetupDomain (323ms)
		LoadAssemblies (327ms)
		AnalyzeDomain (17ms)
			TypeCache.Refresh (6ms)
			ResolveRequiredComponents (7ms)
	FinalizeReload (672ms)
		SetupLoadedEditorAssemblies (0ms)
			InitializePlatformSupportModulesInManaged (7ms)
			BeforeProcessingInitializeOnLoad (83ms)
			ProcessInitializeOnLoadAttributes (258ms)
			ProcessInitializeOnLoadMethodAttributes (118ms)
		AwakeInstancesAfterBackupRestoration (22ms)
Refreshing native plugins compatible for Editor in 2.06 ms, found 4 plugins.
Unloading 22 Unused Serialized files (Serialized files now loaded: 0)
Unloading 6574 unused Assets / (6.3 MB). Loaded Objects now: 7540.
Memory consumption went from 350.6 MB to 344.3 MB.
Total: 11.698900 ms (FindLiveObjects: 0.889500 ms CreateObjectMapping: 2.122500 ms MarkObjects: 5.358400 ms  DeleteObjects: 3.327300 ms)

Prepare: number of updated asset objects reloaded= 0
========================================================================
Received Prepare
AcceleratorClientConnectionCallback - disconnected - :0
Begin MonoManager ReloadAssembly
Native extension for Android target not found
Native extension for UWP target not found
Native extension for WindowsStandalone target not found
[Package Manager] Failed to launch server process. Reason: Unity was launched with the -noUpm command-line argument
[Package Manager] Unable to send message (not connected to server process).
[Package Manager] Cannot connect to Unity Package Manager local server
[Package Manager] Failed to launch server process. Reason: Unity was launched with the -noUpm command-line argument
[Package Manager] Unable to send message (not connected to server process).
[Package Manager] Cannot connect to Unity Package Manager local server
ScheduleIndexationOnStartup MainProcess:False IndexOnStartup:True
Mono: successfully reloaded assembly
- Finished resetting the current domain, in  0.679 seconds
Domain Reload Profiling: 1311ms
	BeginReloadAssembly (222ms)
		DisableScriptedObjects (6ms)
		CreateAndSetChildDomain (43ms)
	RebuildCommonClasses (8ms)
	RebuildNativeTypeToScriptingClass (15ms)
	initialDomainReloadingComplete (61ms)
	LoadAllAssembliesAndSetupDomain (325ms)
		LoadAssemblies (319ms)
		AnalyzeDomain (19ms)
			TypeCache.Refresh (7ms)
			ResolveRequiredComponents (8ms)
	FinalizeReload (681ms)
		SetupLoadedEditorAssemblies (0ms)
			InitializePlatformSupportModulesInManaged (8ms)
			BeforeProcessingInitializeOnLoad (82ms)
			ProcessInitializeOnLoadAttributes (269ms)
			ProcessInitializeOnLoadMethodAttributes (115ms)
		AwakeInstancesAfterBackupRestoration (21ms)
Unloading 22 Unused Serialized files (Serialized files now loaded: 0)
Unloading 6574 unused Assets / (5.5 MB). Loaded Objects now: 7543.
Memory consumption went from 353.2 MB to 347.7 MB.
Total: 11.787600 ms (FindLiveObjects: 0.991200 ms CreateObjectMapping: 2.576300 ms MarkObjects: 5.321000 ms  DeleteObjects: 2.898300 ms)

Prepare: number of updated asset objects reloaded= 0
========================================================================
Received Prepare
AcceleratorClientConnectionCallback - disconnected - :0
Unloading 22 Unused Serialized files (Serialized files now loaded: 0)
Unloading 22 unused Assets / (2.6 MB). Loaded Objects now: 7543.
Memory consumption went from 351.1 MB to 348.4 MB.
Total: 6.909300 ms (FindLiveObjects: 0.457600 ms CreateObjectMapping: 1.083500 ms MarkObjects: 4.618700 ms  DeleteObjects: 0.748600 ms)

Prepare: number of updated asset objects reloaded= 0
========================================================================
Received Prepare
AcceleratorClientConnectionCallback - disconnected - :0
[Licensing::Client] Successfully resolved entitlement details
[Licensing::Module] License group:
  Id: F4-DQYR-K32M-YQDA-VF2F-XXXX
  Product: Unity Personal
  Type: ULF
  Expiration: Unlimited
[Licensing::Module] License group:
  Id: 10171394731915-UnityPersXXXX
  Product: Unity Personal
  Type: Assigned
  Expiration: Unlimited
Begin MonoManager ReloadAssembly
Native extension for Android target not found
Native extension for UWP target not found
Native extension for WindowsStandalone target not found
[Package Manager] Failed to launch server process. Reason: Unity was launched with the -noUpm command-line argument
[Package Manager] Unable to send message (not connected to server process).
[Package Manager] Cannot connect to Unity Package Manager local server
[Package Manager] Failed to launch server process. Reason: Unity was launched with the -noUpm command-line argument
[Package Manager] Unable to send message (not connected to server process).
[Package Manager] Cannot connect to Unity Package Manager local server
ScheduleIndexationOnStartup MainProcess:False IndexOnStartup:True
Mono: successfully reloaded assembly
- Finished resetting the current domain, in  0.673 seconds
Domain Reload Profiling: 1313ms
	BeginReloadAssembly (225ms)
		DisableScriptedObjects (7ms)
		CreateAndSetChildDomain (43ms)
	RebuildCommonClasses (8ms)
	RebuildNativeTypeToScriptingClass (15ms)
	initialDomainReloadingComplete (67ms)
	LoadAllAssembliesAndSetupDomain (325ms)
		LoadAssemblies (320ms)
		AnalyzeDomain (18ms)
			TypeCache.Refresh (7ms)
			ResolveRequiredComponents (7ms)
	FinalizeReload (674ms)
		SetupLoadedEditorAssemblies (0ms)
			InitializePlatformSupportModulesInManaged (7ms)
			BeforeProcessingInitializeOnLoad (85ms)
			ProcessInitializeOnLoadAttributes (254ms)
			ProcessInitializeOnLoadMethodAttributes (117ms)
		AwakeInstancesAfterBackupRestoration (22ms)
Refreshing native plugins compatible for Editor in 2.05 ms, found 4 plugins.
Unloading 22 Unused Serialized files (Serialized files now loaded: 0)
Unloading 6574 unused Assets / (6.0 MB). Loaded Objects now: 7546.
Memory consumption went from 358.4 MB to 352.4 MB.
Total: 11.802800 ms (FindLiveObjects: 0.866900 ms CreateObjectMapping: 2.080400 ms MarkObjects: 5.618300 ms  DeleteObjects: 3.236000 ms)

Prepare: number of updated asset objects reloaded= 0
========================================================================
Received Prepare
AcceleratorClientConnectionCallback - disconnected - :0
Begin MonoManager ReloadAssembly
Refreshing native plugins compatible for Editor in 2.05 ms, found 4 plugins.
Native extension for Android target not found
Native extension for UWP target not found
Native extension for WindowsStandalone target not found
[Package Manager] Failed to launch server process. Reason: Unity was launched with the -noUpm command-line argument
[Package Manager] Unable to send message (not connected to server process).
[Package Manager] Cannot connect to Unity Package Manager local server
[Package Manager] Failed to launch server process. Reason: Unity was launched with the -noUpm command-line argument
[Package Manager] Unable to send message (not connected to server process).
[Package Manager] Cannot connect to Unity Package Manager local server
ScheduleIndexationOnStartup MainProcess:False IndexOnStartup:True
Mono: successfully reloaded assembly
- Finished resetting the current domain, in  0.720 seconds
Domain Reload Profiling: 1362ms
	BeginReloadAssembly (222ms)
		DisableScriptedObjects (8ms)
		CreateAndSetChildDomain (44ms)
	RebuildCommonClasses (8ms)
	RebuildNativeTypeToScriptingClass (14ms)
	initialDomainReloadingComplete (62ms)
	LoadAllAssembliesAndSetupDomain (334ms)
		LoadAssemblies (320ms)
		AnalyzeDomain (19ms)
			TypeCache.Refresh (8ms)
			ResolveRequiredComponents (8ms)
	FinalizeReload (721ms)
		SetupLoadedEditorAssemblies (0ms)
			InitializePlatformSupportModulesInManaged (8ms)
			BeforeProcessingInitializeOnLoad (83ms)
			ProcessInitializeOnLoadAttributes (288ms)
			ProcessInitializeOnLoadMethodAttributes (121ms)
			AfterProcessingInitializeOnLoad (3ms)
		AwakeInstancesAfterBackupRestoration (25ms)
Unloading 22 Unused Serialized files (Serialized files now loaded: 0)
Unloading 6574 unused Assets / (5.6 MB). Loaded Objects now: 7549.
Memory consumption went from 361.0 MB to 355.4 MB.
Total: 12.540500 ms (FindLiveObjects: 1.235600 ms CreateObjectMapping: 2.378500 ms MarkObjects: 5.572800 ms  DeleteObjects: 3.352700 ms)

Prepare: number of updated asset objects reloaded= 0
========================================================================
Received Prepare
AcceleratorClientConnectionCallback - disconnected - :0
Begin MonoManager ReloadAssembly
Native extension for Android target not found
Native extension for UWP target not found
Native extension for WindowsStandalone target not found
[Package Manager] Failed to launch server process. Reason: Unity was launched with the -noUpm command-line argument
[Package Manager] Unable to send message (not connected to server process).
[Package Manager] Cannot connect to Unity Package Manager local server
[Package Manager] Failed to launch server process. Reason: Unity was launched with the -noUpm command-line argument
[Package Manager] Unable to send message (not connected to server process).
[Package Manager] Cannot connect to Unity Package Manager local server
ScheduleIndexationOnStartup MainProcess:False IndexOnStartup:True
Mono: successfully reloaded assembly
- Finished resetting the current domain, in  0.665 seconds
Domain Reload Profiling: 1312ms
	BeginReloadAssembly (226ms)
		DisableScriptedObjects (8ms)
		CreateAndSetChildDomain (45ms)
	RebuildCommonClasses (8ms)
	RebuildNativeTypeToScriptingClass (14ms)
	initialDomainReloadingComplete (60ms)
	LoadAllAssembliesAndSetupDomain (337ms)
		LoadAssemblies (331ms)
		AnalyzeDomain (18ms)
			TypeCache.Refresh (7ms)
			ResolveRequiredComponents (7ms)
	FinalizeReload (666ms)
		SetupLoadedEditorAssemblies (0ms)
			InitializePlatformSupportModulesInManaged (7ms)
			BeforeProcessingInitializeOnLoad (81ms)
			ProcessInitializeOnLoadAttributes (255ms)
			ProcessInitializeOnLoadMethodAttributes (114ms)
		AwakeInstancesAfterBackupRestoration (21ms)
Unloading 22 Unused Serialized files (Serialized files now loaded: 0)
Unloading 6574 unused Assets / (6.4 MB). Loaded Objects now: 7552.
Memory consumption went from 363.7 MB to 357.3 MB.
Total: 11.406400 ms (FindLiveObjects: 0.917700 ms CreateObjectMapping: 2.284100 ms MarkObjects: 4.531700 ms  DeleteObjects: 3.672200 ms)

Prepare: number of updated asset objects reloaded= 0
========================================================================
Received Prepare
AcceleratorClientConnectionCallback - disconnected - :0
[Licensing::Client] Successfully resolved entitlement details
[Licensing::Module] License group:
  Id: F4-DQYR-K32M-YQDA-VF2F-XXXX
  Product: Unity Personal
  Type: ULF
  Expiration: Unlimited
[Licensing::Module] License group:
  Id: 10171394731915-UnityPersXXXX
  Product: Unity Personal
  Type: Assigned
  Expiration: Unlimited
Begin MonoManager ReloadAssembly
Native extension for Android target not found
Native extension for UWP target not found
Native extension for WindowsStandalone target not found
[Package Manager] Failed to launch server process. Reason: Unity was launched with the -noUpm command-line argument
[Package Manager] Unable to send message (not connected to server process).
[Package Manager] Cannot connect to Unity Package Manager local server
[Package Manager] Failed to launch server process. Reason: Unity was launched with the -noUpm command-line argument
[Package Manager] Unable to send message (not connected to server process).
[Package Manager] Cannot connect to Unity Package Manager local server
ScheduleIndexationOnStartup MainProcess:False IndexOnStartup:True
Mono: successfully reloaded assembly
- Finished resetting the current domain, in  0.688 seconds
Domain Reload Profiling: 1347ms
	BeginReloadAssembly (228ms)
		DisableScriptedObjects (7ms)
		CreateAndSetChildDomain (45ms)
	RebuildCommonClasses (8ms)
	RebuildNativeTypeToScriptingClass (17ms)
	initialDomainReloadingComplete (61ms)
	LoadAllAssembliesAndSetupDomain (344ms)
		LoadAssemblies (319ms)
		AnalyzeDomain (19ms)
			TypeCache.Refresh (8ms)
			ResolveRequiredComponents (8ms)
	FinalizeReload (690ms)
		SetupLoadedEditorAssemblies (0ms)
			InitializePlatformSupportModulesInManaged (7ms)
			BeforeProcessingInitializeOnLoad (80ms)
			ProcessInitializeOnLoadAttributes (266ms)
			ProcessInitializeOnLoadMethodAttributes (125ms)
		AwakeInstancesAfterBackupRestoration (21ms)
Refreshing native plugins compatible for Editor in 2.08 ms, found 4 plugins.
Unloading 22 Unused Serialized files (Serialized files now loaded: 0)
Unloading 6574 unused Assets / (5.5 MB). Loaded Objects now: 7555.
Memory consumption went from 366.3 MB to 360.8 MB.
Total: 11.554900 ms (FindLiveObjects: 0.853000 ms CreateObjectMapping: 2.278000 ms MarkObjects: 5.185300 ms  DeleteObjects: 3.237500 ms)

Prepare: number of updated asset objects reloaded= 0
========================================================================
Received Prepare
AcceleratorClientConnectionCallback - disconnected - :0
Begin MonoManager ReloadAssembly
Native extension for Android target not found
Native extension for UWP target not found
Native extension for WindowsStandalone target not found
[Package Manager] Failed to launch server process. Reason: Unity was launched with the -noUpm command-line argument
[Package Manager] Unable to send message (not connected to server process).
[Package Manager] Cannot connect to Unity Package Manager local server
[Package Manager] Failed to launch server process. Reason: Unity was launched with the -noUpm command-line argument
[Package Manager] Unable to send message (not connected to server process).
[Package Manager] Cannot connect to Unity Package Manager local server
ScheduleIndexationOnStartup MainProcess:False IndexOnStartup:True
Mono: successfully reloaded assembly
- Finished resetting the current domain, in  0.665 seconds
Domain Reload Profiling: 1306ms
	BeginReloadAssembly (227ms)
		DisableScriptedObjects (6ms)
		CreateAndSetChildDomain (47ms)
	RebuildCommonClasses (10ms)
	RebuildNativeTypeToScriptingClass (15ms)
	initialDomainReloadingComplete (62ms)
	LoadAllAssembliesAndSetupDomain (326ms)
		LoadAssemblies (318ms)
		AnalyzeDomain (18ms)
			TypeCache.Refresh (7ms)
			ResolveRequiredComponents (7ms)
	FinalizeReload (666ms)
		SetupLoadedEditorAssemblies (0ms)
			InitializePlatformSupportModulesInManaged (7ms)
			BeforeProcessingInitializeOnLoad (83ms)
			ProcessInitializeOnLoadAttributes (253ms)
			ProcessInitializeOnLoadMethodAttributes (120ms)
			AfterProcessingInitializeOnLoad (3ms)
		AwakeInstancesAfterBackupRestoration (21ms)
Refreshing native plugins compatible for Editor in 2.10 ms, found 4 plugins.
Unloading 22 Unused Serialized files (Serialized files now loaded: 0)
Unloading 6574 unused Assets / (6.5 MB). Loaded Objects now: 7558.
Memory consumption went from 369.0 MB to 362.5 MB.
Total: 13.407200 ms (FindLiveObjects: 0.891100 ms CreateObjectMapping: 2.043600 ms MarkObjects: 5.646200 ms  DeleteObjects: 4.825200 ms)

Prepare: number of updated asset objects reloaded= 0
========================================================================
Received Prepare
AcceleratorClientConnectionCallback - disconnected - :0
Unloading 22 Unused Serialized files (Serialized files now loaded: 0)
Unloading 22 unused Assets / (2.6 MB). Loaded Objects now: 7558.
Memory consumption went from 366.9 MB to 364.3 MB.
Total: 6.157500 ms (FindLiveObjects: 0.499700 ms CreateObjectMapping: 0.623600 ms MarkObjects: 4.522800 ms  DeleteObjects: 0.510700 ms)

Prepare: number of updated asset objects reloaded= 0
========================================================================
Received Prepare
AcceleratorClientConnectionCallback - disconnected - :0
[Licensing::Client] Successfully resolved entitlement details
[Licensing::Module] License group:
  Id: F4-DQYR-K32M-YQDA-VF2F-XXXX
  Product: Unity Personal
  Type: ULF
  Expiration: Unlimited
[Licensing::Module] License group:
  Id: 10171394731915-UnityPersXXXX
  Product: Unity Personal
  Type: Assigned
  Expiration: Unlimited
Begin MonoManager ReloadAssembly
Native extension for Android target not found
Native extension for UWP target not found
Native extension for WindowsStandalone target not found
[Package Manager] Failed to launch server process. Reason: Unity was launched with the -noUpm command-line argument
[Package Manager] Unable to send message (not connected to server process).
[Package Manager] Cannot connect to Unity Package Manager local server
[Package Manager] Failed to launch server process. Reason: Unity was launched with the -noUpm command-line argument
[Package Manager] Unable to send message (not connected to server process).
[Package Manager] Cannot connect to Unity Package Manager local server
ScheduleIndexationOnStartup MainProcess:False IndexOnStartup:True
Mono: successfully reloaded assembly
- Finished resetting the current domain, in  0.684 seconds
Domain Reload Profiling: 1334ms
	BeginReloadAssembly (226ms)
		DisableScriptedObjects (8ms)
		CreateAndSetChildDomain (44ms)
	RebuildCommonClasses (8ms)
	RebuildNativeTypeToScriptingClass (14ms)
	initialDomainReloadingComplete (61ms)
	LoadAllAssembliesAndSetupDomain (340ms)
		LoadAssemblies (323ms)
		AnalyzeDomain (19ms)
			TypeCache.Refresh (8ms)
			ResolveRequiredComponents (7ms)
	FinalizeReload (685ms)
		SetupLoadedEditorAssemblies (0ms)
			InitializePlatformSupportModulesInManaged (9ms)
			BeforeProcessingInitializeOnLoad (80ms)
			ProcessInitializeOnLoadAttributes (262ms)
			ProcessInitializeOnLoadMethodAttributes (119ms)
			AfterProcessingInitializeOnLoad (3ms)
		AwakeInstancesAfterBackupRestoration (21ms)
Unloading 22 Unused Serialized files (Serialized files now loaded: 0)
Unloading 6574 unused Assets / (6.5 MB). Loaded Objects now: 7561.
Memory consumption went from 374.2 MB to 367.8 MB.
Total: 12.580100 ms (FindLiveObjects: 1.021400 ms CreateObjectMapping: 2.359200 ms MarkObjects: 5.968100 ms  DeleteObjects: 3.230400 ms)

Prepare: number of updated asset objects reloaded= 0
========================================================================
Received Prepare
AcceleratorClientConnectionCallback - disconnected - :0
Begin MonoManager ReloadAssembly
Native extension for Android target not found
Native extension for UWP target not found
Native extension for WindowsStandalone target not found
[Package Manager] Failed to launch server process. Reason: Unity was launched with the -noUpm command-line argument
[Package Manager] Unable to send message (not connected to server process).
[Package Manager] Cannot connect to Unity Package Manager local server
[Package Manager] Failed to launch server process. Reason: Unity was launched with the -noUpm command-line argument
[Package Manager] Unable to send message (not connected to server process).
[Package Manager] Cannot connect to Unity Package Manager local server
ScheduleIndexationOnStartup MainProcess:False IndexOnStartup:True
Mono: successfully reloaded assembly
- Finished resetting the current domain, in  0.682 seconds
Domain Reload Profiling: 1319ms
	BeginReloadAssembly (228ms)
		DisableScriptedObjects (8ms)
		CreateAndSetChildDomain (45ms)
	RebuildCommonClasses (8ms)
	RebuildNativeTypeToScriptingClass (16ms)
	initialDomainReloadingComplete (61ms)
	LoadAllAssembliesAndSetupDomain (323ms)
		LoadAssemblies (309ms)
		AnalyzeDomain (18ms)
			TypeCache.Refresh (7ms)
			ResolveRequiredComponents (7ms)
	FinalizeReload (683ms)
		SetupLoadedEditorAssemblies (0ms)
			InitializePlatformSupportModulesInManaged (8ms)
			BeforeProcessingInitializeOnLoad (82ms)
			ProcessInitializeOnLoadAttributes (257ms)
			ProcessInitializeOnLoadMethodAttributes (118ms)
			AfterProcessingInitializeOnLoad (3ms)
		AwakeInstancesAfterBackupRestoration (20ms)
Refreshing native plugins compatible for Editor in 2.01 ms, found 4 plugins.
Unloading 22 Unused Serialized files (Serialized files now loaded: 0)
Unloading 6574 unused Assets / (6.0 MB). Loaded Objects now: 7564.
Memory consumption went from 376.9 MB to 370.9 MB.
Total: 13.452300 ms (FindLiveObjects: 1.251100 ms CreateObjectMapping: 2.748900 ms MarkObjects: 6.172400 ms  DeleteObjects: 3.278900 ms)

Prepare: number of updated asset objects reloaded= 0
========================================================================
Received Prepare
AcceleratorClientConnectionCallback - disconnected - :0
[Licensing::Client] Successfully resolved entitlement details
[Licensing::Module] License group:
  Id: F4-DQYR-K32M-YQDA-VF2F-XXXX
  Product: Unity Personal
  Type: ULF
  Expiration: Unlimited
[Licensing::Module] License group:
  Id: 10171394731915-UnityPersXXXX
  Product: Unity Personal
  Type: Assigned
  Expiration: Unlimited
Begin MonoManager ReloadAssembly
Native extension for Android target not found
Native extension for UWP target not found
Native extension for WindowsStandalone target not found
[Package Manager] Failed to launch server process. Reason: Unity was launched with the -noUpm command-line argument
[Package Manager] Unable to send message (not connected to server process).
[Package Manager] Cannot connect to Unity Package Manager local server
[Package Manager] Failed to launch server process. Reason: Unity was launched with the -noUpm command-line argument
[Package Manager] Unable to send message (not connected to server process).
[Package Manager] Cannot connect to Unity Package Manager local server
ScheduleIndexationOnStartup MainProcess:False IndexOnStartup:True
Mono: successfully reloaded assembly
- Finished resetting the current domain, in  0.724 seconds
Domain Reload Profiling: 1380ms
	BeginReloadAssembly (224ms)
		DisableScriptedObjects (7ms)
		CreateAndSetChildDomain (47ms)
	RebuildCommonClasses (8ms)
	RebuildNativeTypeToScriptingClass (15ms)
	initialDomainReloadingComplete (63ms)
	LoadAllAssembliesAndSetupDomain (345ms)
		LoadAssemblies (328ms)
		AnalyzeDomain (20ms)
			TypeCache.Refresh (8ms)
			ResolveRequiredComponents (8ms)
	FinalizeReload (725ms)
		SetupLoadedEditorAssemblies (0ms)
			InitializePlatformSupportModulesInManaged (7ms)
			BeforeProcessingInitializeOnLoad (85ms)
			ProcessInitializeOnLoadAttributes (283ms)
			ProcessInitializeOnLoadMethodAttributes (130ms)
			AfterProcessingInitializeOnLoad (3ms)
		AwakeInstancesAfterBackupRestoration (23ms)
Refreshing native plugins compatible for Editor in 2.29 ms, found 4 plugins.
Unloading 22 Unused Serialized files (Serialized files now loaded: 0)
Unloading 6574 unused Assets / (5.6 MB). Loaded Objects now: 7567.
Memory consumption went from 379.5 MB to 374.0 MB.
Total: 11.727200 ms (FindLiveObjects: 0.901400 ms CreateObjectMapping: 2.362200 ms MarkObjects: 5.375700 ms  DeleteObjects: 3.086900 ms)

Prepare: number of updated asset objects reloaded= 0
========================================================================
Received Import Request.
  Time of request: 2026-08-26T08:34:15.2658619Z
  Time since last request: 630.06423930000005 seconds.
  importAddress: GUID: 66b79ab0d2c60f34ca83c59020884369 - Path: Assets/Prefabs/SimpleSpringboard.prefab - Importer: PreviewImporter
Importing 'GUID: 66b79ab0d2c60f34ca83c59020884369 - Path: Assets/Prefabs/SimpleSpringboard.prefab - Importer: PreviewImporter' with importer (PreviewImporter)
Imported 'GUID: 66b79ab0d2c60f34ca83c59020884369' -> (Import Result ID: 'aeb9475ff7701f3349c5b596a4c5527b') in 0.362 seconds [static and dynamic dependencies]. Details - ImportResultOutputID=7183121e446c7458682737535bf44700 DependenciesID=b63fe1a5e3fd016582bbdc59f8d0c59a StaticDependenciesID=cea9e7f7ae0a224847be5b06277278fd 
Number of updated asset objects reloaded before import = 0
Number of asset objects unloaded after import = 15
========================================================================
Received Import Request.
  Time of request: 2026-08-26T08:34:16.2024396Z
  Time since last request: 0.5638907 seconds.
  importAddress: GUID: d9f35230ed361074ca7492aca2232c82 - Path: Assets/New Terrain.asset - Importer: PreviewImporter
Importing 'GUID: d9f35230ed361074ca7492aca2232c82 - Path: Assets/New Terrain.asset - Importer: PreviewImporter' with importer (PreviewImporter)
The tree M_Realistic21_1 must use the Nature/Soft Occlusion shader. Otherwise billboarding/lighting will not work correctly.
Imported 'GUID: d9f35230ed361074ca7492aca2232c82' -> (Import Result ID: '37185869de8fd3a66a50b054e6c19ee8') in 0.044 seconds [static and dynamic dependencies]. Details - ImportResultOutputID=7d1c33314f6c25c0d06164bb13e7e14a DependenciesID=9c1535c9c406eaa7b374bc59ca217c9a StaticDependenciesID=8aad6be5a79b6fccd7f172f565fc63b6 
Number of updated asset objects reloaded before import = 0
Number of asset objects unloaded after import = 17
========================================================================
Received Import Request.
  Time of request: 2026-08-26T08:34:29.5482211Z
  Time since last request: 13.2925832 seconds.
  importAddress: GUID: d9f35230ed361074ca7492aca2232c82 - Path: Assets/New Terrain.asset - Importer: ScriptedImporter/UnityEditor.QuickSearchModule:UnityEditor.Search:ASIAI0B
Importing 'GUID: d9f35230ed361074ca7492aca2232c82 - Path: Assets/New Terrain.asset - Importer: ScriptedImporter/UnityEditor.QuickSearchModule:UnityEditor.Search:ASIAI0B' with importer (ScriptedImporter : UnityEditor.QuickSearchModule:UnityEditor.Search:ASIAI0B)
The tree M_Realistic21_1 must use the Nature/Soft Occlusion shader. Otherwise billboarding/lighting will not work correctly.
UnityEngine.Debug:ExtractStackTraceNoAlloc (byte*,int,string)
UnityEngine.StackTraceUtility:ExtractStackTrace ()
UnityEditor.AssetDatabase:LoadMainAssetAtPath (string)
UnityEditor.Search.AssetIndexer:IndexProperties (int&,string&,bool&)
UnityEditor.Search.AssetIndexer:IndexDocument (string,bool)
UnityEditor.Search.SearchIndexArtifactImporter:OnImportAsset (UnityEditor.AssetImporters.AssetImportContext)
UnityEditor.AssetImporters.ScriptedImporter:GenerateAssetData (UnityEditor.AssetImporters.AssetImportContext)

[C:\build\output\unity\unity\Modules\Terrain\Public\TreeDatabase.cpp line 355]

Imported 'GUID: d9f35230ed361074ca7492aca2232c82' -> (Import Result ID: 'b50217955dad7d41a6118fec215df3b3') in 0.111 seconds [static and dynamic dependencies]. Details - ImportResultOutputID=1c6ce1303481b4f4bc24a5cb50a04a57 DependenciesID=4f63f4a3f8f5accf820ea301c428c77b StaticDependenciesID=4be45dfb634e035af75646e8ab2abd1a 
Number of updated asset objects reloaded before import = 0
Number of asset objects unloaded after import = 16
========================================================================
Received Import Request.
  Time of request: 2026-08-26T08:34:29.6693Z
  Time since last request: 0.0000197 seconds.
  importAddress: GUID: 99c9720ab356a0642a771bea13969a05 - Path: Assets/Scenes/MainScene.unity - Importer: ScriptedImporter/UnityEditor.QuickSearchModule:UnityEditor.Search:ASIAI0B
Importing 'GUID: 99c9720ab356a0642a771bea13969a05 - Path: Assets/Scenes/MainScene.unity - Importer: ScriptedImporter/UnityEditor.QuickSearchModule:UnityEditor.Search:ASIAI0B' with importer (ScriptedImporter : UnityEditor.QuickSearchModule:UnityEditor.Search:ASIAI0B)
Imported 'GUID: 99c9720ab356a0642a771bea13969a05' -> (Import Result ID: '16d8a92d6bcb8970b5adb67769bab468') in 0.007 seconds [static and dynamic dependencies]. Details - ImportResultOutputID=a3ce57ffd665b24767c425ddd16e820b DependenciesID=7a919ac2d5ab46b806f7f0ab505c5d9c StaticDependenciesID=2ea0e3caf908a0b1c21cb787c2d3575a 
Number of updated asset objects reloaded before import = 0
Number of asset objects unloaded after import = 1
========================================================================
Received Import Request.
  Time of request: 2026-08-26T08:34:29.686973Z
  Time since last request: 0.0003177 seconds.
  importAddress: GUID: 824b5d6dbf491b542962004eb0c62b23 - Path: Assets/GameModels - Importer: ScriptedImporter/UnityEditor.QuickSearchModule:UnityEditor.Search:ASIAI0B
Importing 'GUID: 824b5d6dbf491b542962004eb0c62b23 - Path: Assets/GameModels - Importer: ScriptedImporter/UnityEditor.QuickSearchModule:UnityEditor.Search:ASIAI0B' with importer (ScriptedImporter : UnityEditor.QuickSearchModule:UnityEditor.Search:ASIAI0B)
Imported 'GUID: 824b5d6dbf491b542962004eb0c62b23' -> (Import Result ID: 'e90d0441615796eceb38721e6da56dff') in 0.003 seconds [static and dynamic dependencies]. Details - ImportResultOutputID=c67d21d20f715d96a0b4c19fce82603e DependenciesID=981ae172875401e605e8848bc96bdc15 StaticDependenciesID=1ea55dfa813ae53159ad054cb0d3bdab 
Number of updated asset objects reloaded before import = 0
Number of asset objects unloaded after import = 1
========================================================================
Received Import Request.
  Time of request: 2026-08-26T08:34:29.7004072Z
  Time since last request: 0.0006434 seconds.
  importAddress: GUID: 66b79ab0d2c60f34ca83c59020884369 - Path: Assets/Prefabs/SimpleSpringboard.prefab - Importer: ScriptedImporter/UnityEditor.QuickSearchModule:UnityEditor.Search:ASIAI0B
Importing 'GUID: 66b79ab0d2c60f34ca83c59020884369 - Path: Assets/Prefabs/SimpleSpringboard.prefab - Importer: ScriptedImporter/UnityEditor.QuickSearchModule:UnityEditor.Search:ASIAI0B' with importer (ScriptedImporter : UnityEditor.QuickSearchModule:UnityEditor.Search:ASIAI0B)
Imported 'GUID: 66b79ab0d2c60f34ca83c59020884369' -> (Import Result ID: '380a77fb9e27bf0bf7a25fc3e1627093') in 0.036 seconds [static and dynamic dependencies]. Details - ImportResultOutputID=9a8cc91b5ab925ecdd4997f8736aee9a DependenciesID=d7f4988f9fa3dee3c2fded3a89f96f27 StaticDependenciesID=941ec4bf1505f6e3d0808d410817dc4f 
Number of updated asset objects reloaded before import = 0
Number of asset objects unloaded after import = 14
========================================================================
Received Prepare
AcceleratorClientConnectionCallback - disconnected - :0
Unloading 22 Unused Serialized files (Serialized files now loaded: 0)
Unloading 22 unused Assets / (2.6 MB). Loaded Objects now: 7678.
Memory consumption went from 356.9 MB to 354.2 MB.
Total: 8.698400 ms (FindLiveObjects: 0.453500 ms CreateObjectMapping: 0.989400 ms MarkObjects: 6.602600 ms  DeleteObjects: 0.651600 ms)

Prepare: number of updated asset objects reloaded= 0
========================================================================
Received Import Request.
  Time of request: 2026-08-26T08:34:39.9589049Z
  Time since last request: 10.2128477 seconds.
  importAddress: GUID: 2f9d07ffeebec434cb84d3c90c1a54de - Path: Assets/Textures/E - Importer: ScriptedImporter/UnityEditor.QuickSearchModule:UnityEditor.Search:ASIAI0B
Importing 'GUID: 2f9d07ffeebec434cb84d3c90c1a54de - Path: Assets/Textures/E - Importer: ScriptedImporter/UnityEditor.QuickSearchModule:UnityEditor.Search:ASIAI0B' with importer (ScriptedImporter : UnityEditor.QuickSearchModule:UnityEditor.Search:ASIAI0B)
Imported 'GUID: 2f9d07ffeebec434cb84d3c90c1a54de' -> (Import Result ID: 'aa1f12d43171a43abd54c329153154cb') in 0.003 seconds [static and dynamic dependencies]. Details - ImportResultOutputID=dbd5438dd75d6dd402fd3cb725c58bb5 DependenciesID=3943be9539e17b6a8092bc3fb8d57267 StaticDependenciesID=ba2fc1aa253f7277028fe840cbc85dfa 
Number of updated asset objects reloaded before import = 0
Number of asset objects unloaded after import = 1
========================================================================
Received Import Request.
  Time of request: 2026-08-26T08:35:11.1026517Z
  Time since last request: 31.1322966 seconds.
  importAddress: GUID: 4ec07e9f70ec6bf41b733db9bd90a1a1 - Path: Assets/Textures/Map/Springboard.mat - Importer: PreviewImporter
Importing 'GUID: 4ec07e9f70ec6bf41b733db9bd90a1a1 - Path: Assets/Textures/Map/Springboard.mat - Importer: PreviewImporter' with importer (PreviewImporter)
Imported 'GUID: 4ec07e9f70ec6bf41b733db9bd90a1a1' -> (Import Result ID: 'ccbf1073d640b9695215a25d2a004a1e') in 0.029 seconds [static and dynamic dependencies]. Details - ImportResultOutputID=f191243096780e30eb73e342cc782bc1 DependenciesID=d5714b42c67c8b21ebf19d09ee6b0944 StaticDependenciesID=35566d9cbc67b32d45a6efba59addc81 
Number of updated asset objects reloaded before import = 0
Number of asset objects unloaded after import = 2
========================================================================
Received Import Request.
  Time of request: 2026-08-26T08:35:12.0834555Z
  Time since last request: 0.9407555 seconds.
  importAddress: GUID: 4ec07e9f70ec6bf41b733db9bd90a1a1 - Path: Assets/Textures/Map/Springboard.mat - Importer: ScriptedImporter/UnityEditor.QuickSearchModule:UnityEditor.Search:ASIAI0B
Importing 'GUID: 4ec07e9f70ec6bf41b733db9bd90a1a1 - Path: Assets/Textures/Map/Springboard.mat - Importer: ScriptedImporter/UnityEditor.QuickSearchModule:UnityEditor.Search:ASIAI0B' with importer (ScriptedImporter : UnityEditor.QuickSearchModule:UnityEditor.Search:ASIAI0B)
Imported 'GUID: 4ec07e9f70ec6bf41b733db9bd90a1a1' -> (Import Result ID: '4dcd0cb1ccea6feebfb9420196610867') in 0.006 seconds [static and dynamic dependencies]. Details - ImportResultOutputID=05633cdfc24697be2dd3bdc8404388f2 DependenciesID=b9a315669df4aae472298d8c452b9146 StaticDependenciesID=f80a7e7a77b914f83c03c6ee3c81dca9 
Number of updated asset objects reloaded before import = 0
Number of asset objects unloaded after import = 2
========================================================================
Received Prepare
AcceleratorClientConnectionCallback - disconnected - :0
Unloading 22 Unused Serialized files (Serialized files now loaded: 0)
Unloading 22 unused Assets / (2.6 MB). Loaded Objects now: 7711.
Memory consumption went from 357.1 MB to 354.5 MB.
Total: 7.700100 ms (FindLiveObjects: 0.437500 ms CreateObjectMapping: 0.859300 ms MarkObjects: 5.805500 ms  DeleteObjects: 0.597100 ms)

Prepare: number of updated asset objects reloaded= 0
========================================================================
Received Import Request.
  Time of request: 2026-08-26T08:35:47.348967Z
  Time since last request: 35.2515982 seconds.
  importAddress: GUID: 66b79ab0d2c60f34ca83c59020884369 - Path: Assets/Prefabs/SimpleSpringboard.prefab - Importer: ScriptedImporter/UnityEditor.QuickSearchModule:UnityEditor.Search:ASIAI0B
Importing 'GUID: 66b79ab0d2c60f34ca83c59020884369 - Path: Assets/Prefabs/SimpleSpringboard.prefab - Importer: ScriptedImporter/UnityEditor.QuickSearchModule:UnityEditor.Search:ASIAI0B' with importer (ScriptedImporter : UnityEditor.QuickSearchModule:UnityEditor.Search:ASIAI0B)
Imported 'GUID: 66b79ab0d2c60f34ca83c59020884369' -> (Import Result ID: '4502a6572012baa16a75598b3910b123') in 0.006 seconds [static and dynamic dependencies]. Details - ImportResultOutputID=5569c4d1d4d82235fe70543663e55037 DependenciesID=5b3e9c1da5c7f6ca10c4410d8e1687d1 StaticDependenciesID=25996d01aae19e23a329da6e1a6a1f01 
Number of updated asset objects reloaded before import = 0
Number of asset objects unloaded after import = 15
========================================================================
Received Import Request.
  Time of request: 2026-08-26T08:35:54.6366146Z
  Time since last request: 7.2724759 seconds.
  importAddress: GUID: 66b79ab0d2c60f34ca83c59020884369 - Path: Assets/Prefabs/SimpleSpringboard.prefab - Importer: PreviewImporter
Importing 'GUID: 66b79ab0d2c60f34ca83c59020884369 - Path: Assets/Prefabs/SimpleSpringboard.prefab - Importer: PreviewImporter' with importer (PreviewImporter)
Imported 'GUID: 66b79ab0d2c60f34ca83c59020884369' -> (Import Result ID: 'd837db10f7235d7b1874906ab394c538') in 0.010 seconds [static and dynamic dependencies]. Details - ImportResultOutputID=5178e405ed25ba214e94601076d4e861 DependenciesID=b346fbc1a49512281b4d74d32f42e13e StaticDependenciesID=e3acdb416984602fb57655a501b4bb41 
Number of updated asset objects reloaded before import = 0
Number of asset objects unloaded after import = 17
========================================================================
Received Import Request.
  Time of request: 2026-08-26T08:38:25.3387501Z
  Time since last request: 150.6856794 seconds.
  importAddress: GUID: e9be6b9d71ce20345b55b654f6eca5d9 - Path: Assets/ARCADE - FREE Racing Car/Prefabs (With Colliders)/Free Racing Car Blue Variant.prefab - Importer: PreviewImporter
Importing 'GUID: e9be6b9d71ce20345b55b654f6eca5d9 - Path: Assets/ARCADE - FREE Racing Car/Prefabs (With Colliders)/Free Racing Car Blue Variant.prefab - Importer: PreviewImporter' with importer (PreviewImporter)
Imported 'GUID: e9be6b9d71ce20345b55b654f6eca5d9' -> (Import Result ID: 'bf55c7917bc67da8fd2fbea27977869d') in 0.041 seconds [static and dynamic dependencies]. Details - ImportResultOutputID=2a20ddd0c75c42a5b48e5874e68030fd DependenciesID=62b0a0f7ca8b7a68866af14ec4e7ab8a StaticDependenciesID=9d06b1b29268c2d5e3d124d2fed90e49 
Number of updated asset objects reloaded before import = 0
Number of asset objects unloaded after import = 115
========================================================================
Received Prepare
AcceleratorClientConnectionCallback - disconnected - :0
[Licensing::Client] Successfully resolved entitlement details
[Licensing::Module] License group:
  Id: F4-DQYR-K32M-YQDA-VF2F-XXXX
  Product: Unity Personal
  Type: ULF
  Expiration: Unlimited
[Licensing::Module] License group:
  Id: 10171394731915-UnityPersXXXX
  Product: Unity Personal
  Type: Assigned
  Expiration: Unlimited
Begin MonoManager ReloadAssembly
Refreshing native plugins compatible for Editor in 2.21 ms, found 4 plugins.
Native extension for Android target not found
Native extension for UWP target not found
Native extension for WindowsStandalone target not found
[Package Manager] Failed to launch server process. Reason: Unity was launched with the -noUpm command-line argument
[Package Manager] Unable to send message (not connected to server process).
[Package Manager] Cannot connect to Unity Package Manager local server
[Package Manager] Failed to launch server process. Reason: Unity was launched with the -noUpm command-line argument
[Package Manager] Unable to send message (not connected to server process).
[Package Manager] Cannot connect to Unity Package Manager local server
ScheduleIndexationOnStartup MainProcess:False IndexOnStartup:True
Mono: successfully reloaded assembly
- Finished resetting the current domain, in  0.738 seconds
Domain Reload Profiling: 1403ms
	BeginReloadAssembly (254ms)
		DisableScriptedObjects (18ms)
		CreateAndSetChildDomain (57ms)
	RebuildCommonClasses (8ms)
	RebuildNativeTypeToScriptingClass (15ms)
	initialDomainReloadingComplete (57ms)
	LoadAllAssembliesAndSetupDomain (331ms)
		LoadAssemblies (332ms)
		AnalyzeDomain (17ms)
			TypeCache.Refresh (6ms)
			ResolveRequiredComponents (7ms)
	FinalizeReload (739ms)
		SetupLoadedEditorAssemblies (0ms)
			InitializePlatformSupportModulesInManaged (8ms)
			BeforeProcessingInitializeOnLoad (86ms)
			ProcessInitializeOnLoadAttributes (290ms)
			ProcessInitializeOnLoadMethodAttributes (127ms)
			AfterProcessingInitializeOnLoad (3ms)
		AwakeInstancesAfterBackupRestoration (23ms)
Refreshing native plugins compatible for Editor in 2.31 ms, found 4 plugins.
Unloading 22 Unused Serialized files (Serialized files now loaded: 0)
Unloading 6574 unused Assets / (6.8 MB). Loaded Objects now: 7623.
Memory consumption went from 355.9 MB to 349.1 MB.
Total: 12.469300 ms (FindLiveObjects: 1.172900 ms CreateObjectMapping: 2.153800 ms MarkObjects: 5.403200 ms  DeleteObjects: 3.738600 ms)

Prepare: number of updated asset objects reloaded= 0
========================================================================
Received Prepare
AcceleratorClientConnectionCallback - disconnected - :0
Unloading 22 Unused Serialized files (Serialized files now loaded: 0)
Unloading 22 unused Assets / (2.6 MB). Loaded Objects now: 7623.
Memory consumption went from 353.6 MB to 351.0 MB.
Total: 8.332100 ms (FindLiveObjects: 0.444300 ms CreateObjectMapping: 0.926100 ms MarkObjects: 6.425200 ms  DeleteObjects: 0.536000 ms)

Prepare: number of updated asset objects reloaded= 0
========================================================================
Received Prepare
AcceleratorClientConnectionCallback - disconnected - :0
[Licensing::Client] Successfully resolved entitlement details
[Licensing::Module] License group:
  Id: F4-DQYR-K32M-YQDA-VF2F-XXXX
  Product: Unity Personal
  Type: ULF
  Expiration: Unlimited
[Licensing::Module] License group:
  Id: 10171394731915-UnityPersXXXX
  Product: Unity Personal
  Type: Assigned
  Expiration: Unlimited
Begin MonoManager ReloadAssembly
Native extension for Android target not found
Native extension for UWP target not found
Native extension for WindowsStandalone target not found
[Package Manager] Failed to launch server process. Reason: Unity was launched with the -noUpm command-line argument
[Package Manager] Unable to send message (not connected to server process).
[Package Manager] Cannot connect to Unity Package Manager local server
[Package Manager] Failed to launch server process. Reason: Unity was launched with the -noUpm command-line argument
[Package Manager] Unable to send message (not connected to server process).
[Package Manager] Cannot connect to Unity Package Manager local server
ScheduleIndexationOnStartup MainProcess:False IndexOnStartup:True
Mono: successfully reloaded assembly
- Finished resetting the current domain, in  0.672 seconds
Domain Reload Profiling: 1308ms
	BeginReloadAssembly (223ms)
		DisableScriptedObjects (6ms)
		CreateAndSetChildDomain (46ms)
	RebuildCommonClasses (8ms)
	RebuildNativeTypeToScriptingClass (14ms)
	initialDomainReloadingComplete (61ms)
	LoadAllAssembliesAndSetupDomain (329ms)
		LoadAssemblies (317ms)
		AnalyzeDomain (20ms)
			TypeCache.Refresh (8ms)
			ResolveRequiredComponents (8ms)
	FinalizeReload (673ms)
		SetupLoadedEditorAssemblies (0ms)
			InitializePlatformSupportModulesInManaged (8ms)
			BeforeProcessingInitializeOnLoad (83ms)
			ProcessInitializeOnLoadAttributes (247ms)
			ProcessInitializeOnLoadMethodAttributes (118ms)
			AfterProcessingInitializeOnLoad (3ms)
		AwakeInstancesAfterBackupRestoration (23ms)
Refreshing native plugins compatible for Editor in 2.11 ms, found 4 plugins.
Unloading 22 Unused Serialized files (Serialized files now loaded: 0)
Unloading 6574 unused Assets / (6.6 MB). Loaded Objects now: 7626.
Memory consumption went from 361.0 MB to 354.4 MB.
Total: 11.751600 ms (FindLiveObjects: 1.132200 ms CreateObjectMapping: 2.250200 ms MarkObjects: 4.795600 ms  DeleteObjects: 3.572800 ms)

Prepare: number of updated asset objects reloaded= 0
========================================================================
Received Prepare
AcceleratorClientConnectionCallback - disconnected - :0
Begin MonoManager ReloadAssembly
Native extension for Android target not found
Native extension for UWP target not found
Native extension for WindowsStandalone target not found
[Package Manager] Failed to launch server process. Reason: Unity was launched with the -noUpm command-line argument
[Package Manager] Unable to send message (not connected to server process).
[Package Manager] Cannot connect to Unity Package Manager local server
[Package Manager] Failed to launch server process. Reason: Unity was launched with the -noUpm command-line argument
[Package Manager] Unable to send message (not connected to server process).
[Package Manager] Cannot connect to Unity Package Manager local server
ScheduleIndexationOnStartup MainProcess:False IndexOnStartup:True
Mono: successfully reloaded assembly
- Finished resetting the current domain, in  0.661 seconds
Domain Reload Profiling: 1284ms
	BeginReloadAssembly (224ms)
		DisableScriptedObjects (6ms)
		CreateAndSetChildDomain (45ms)
	RebuildCommonClasses (8ms)
	RebuildNativeTypeToScriptingClass (14ms)
	initialDomainReloadingComplete (56ms)
	LoadAllAssembliesAndSetupDomain (320ms)
		LoadAssemblies (311ms)
		AnalyzeDomain (22ms)
			TypeCache.Refresh (8ms)
			ResolveRequiredComponents (10ms)
	FinalizeReload (662ms)
		SetupLoadedEditorAssemblies (0ms)
			InitializePlatformSupportModulesInManaged (7ms)
			BeforeProcessingInitializeOnLoad (82ms)
			ProcessInitializeOnLoadAttributes (249ms)
			ProcessInitializeOnLoadMethodAttributes (113ms)
		AwakeInstancesAfterBackupRestoration (21ms)
Refreshing native plugins compatible for Editor in 2.22 ms, found 4 plugins.
Unloading 22 Unused Serialized files (Serialized files now loaded: 0)
Unloading 6574 unused Assets / (5.6 MB). Loaded Objects now: 7629.
Memory consumption went from 363.6 MB to 358.0 MB.
Total: 10.642400 ms (FindLiveObjects: 0.893800 ms CreateObjectMapping: 1.752400 ms MarkObjects: 5.174200 ms  DeleteObjects: 2.820700 ms)

Prepare: number of updated asset objects reloaded= 0
========================================================================
Received Prepare
AcceleratorClientConnectionCallback - disconnected - :0
[Licensing::Client] Successfully resolved entitlement details
[Licensing::Module] License group:
  Id: F4-DQYR-K32M-YQDA-VF2F-XXXX
  Product: Unity Personal
  Type: ULF
  Expiration: Unlimited
[Licensing::Module] License group:
  Id: 10171394731915-UnityPersXXXX
  Product: Unity Personal
  Type: Assigned
  Expiration: Unlimited
Begin MonoManager ReloadAssembly
Native extension for Android target not found
Native extension for UWP target not found
Native extension for WindowsStandalone target not found
[Package Manager] Failed to launch server process. Reason: Unity was launched with the -noUpm command-line argument
[Package Manager] Unable to send message (not connected to server process).
[Package Manager] Cannot connect to Unity Package Manager local server
[Package Manager] Failed to launch server process. Reason: Unity was launched with the -noUpm command-line argument
[Package Manager] Unable to send message (not connected to server process).
[Package Manager] Cannot connect to Unity Package Manager local server
ScheduleIndexationOnStartup MainProcess:False IndexOnStartup:True
Mono: successfully reloaded assembly
- Finished resetting the current domain, in  0.668 seconds
Domain Reload Profiling: 1298ms
	BeginReloadAssembly (219ms)
		DisableScriptedObjects (6ms)
		CreateAndSetChildDomain (44ms)
	RebuildCommonClasses (8ms)
	RebuildNativeTypeToScriptingClass (16ms)
	initialDomainReloadingComplete (60ms)
	LoadAllAssembliesAndSetupDomain (325ms)
		LoadAssemblies (317ms)
		AnalyzeDomain (19ms)
			TypeCache.Refresh (8ms)
			ResolveRequiredComponents (7ms)
	FinalizeReload (669ms)
		SetupLoadedEditorAssemblies (0ms)
			InitializePlatformSupportModulesInManaged (7ms)
			BeforeProcessingInitializeOnLoad (80ms)
			ProcessInitializeOnLoadAttributes (254ms)
			ProcessInitializeOnLoadMethodAttributes (112ms)
		AwakeInstancesAfterBackupRestoration (23ms)
Refreshing native plugins compatible for Editor in 2.07 ms, found 4 plugins.
Unloading 22 Unused Serialized files (Serialized files now loaded: 0)
Unloading 6574 unused Assets / (5.9 MB). Loaded Objects now: 7632.
Memory consumption went from 366.2 MB to 360.4 MB.
Total: 11.436000 ms (FindLiveObjects: 1.400500 ms CreateObjectMapping: 2.040700 ms MarkObjects: 4.905800 ms  DeleteObjects: 3.088300 ms)

Prepare: number of updated asset objects reloaded= 0
========================================================================
Received Prepare
AcceleratorClientConnectionCallback - disconnected - :0
Begin MonoManager ReloadAssembly
Native extension for Android target not found
Native extension for UWP target not found
Native extension for WindowsStandalone target not found
[Package Manager] Failed to launch server process. Reason: Unity was launched with the -noUpm command-line argument
[Package Manager] Unable to send message (not connected to server process).
[Package Manager] Cannot connect to Unity Package Manager local server
[Package Manager] Failed to launch server process. Reason: Unity was launched with the -noUpm command-line argument
[Package Manager] Unable to send message (not connected to server process).
[Package Manager] Cannot connect to Unity Package Manager local server
ScheduleIndexationOnStartup MainProcess:False IndexOnStartup:True
Mono: successfully reloaded assembly
- Finished resetting the current domain, in  0.679 seconds
Domain Reload Profiling: 1313ms
	BeginReloadAssembly (225ms)
		DisableScriptedObjects (7ms)
		CreateAndSetChildDomain (45ms)
	RebuildCommonClasses (8ms)
	RebuildNativeTypeToScriptingClass (15ms)
	initialDomainReloadingComplete (61ms)
	LoadAllAssembliesAndSetupDomain (325ms)
		LoadAssemblies (320ms)
		AnalyzeDomain (19ms)
			TypeCache.Refresh (8ms)
			ResolveRequiredComponents (8ms)
	FinalizeReload (680ms)
		SetupLoadedEditorAssemblies (0ms)
			InitializePlatformSupportModulesInManaged (7ms)
			BeforeProcessingInitializeOnLoad (83ms)
			ProcessInitializeOnLoadAttributes (267ms)
			ProcessInitializeOnLoadMethodAttributes (117ms)
		AwakeInstancesAfterBackupRestoration (21ms)
Refreshing native plugins compatible for Editor in 2.05 ms, found 4 plugins.
Unloading 22 Unused Serialized files (Serialized files now loaded: 0)
Unloading 6574 unused Assets / (6.1 MB). Loaded Objects now: 7635.
Memory consumption went from 368.9 MB to 362.8 MB.
Total: 11.467600 ms (FindLiveObjects: 1.117500 ms CreateObjectMapping: 1.938100 ms MarkObjects: 4.958000 ms  DeleteObjects: 3.453100 ms)

Prepare: number of updated asset objects reloaded= 0
========================================================================
Received Prepare
AcceleratorClientConnectionCallback - disconnected - :0
[Licensing::Client] Successfully resolved entitlement details
[Licensing::Module] License group:
  Id: F4-DQYR-K32M-YQDA-VF2F-XXXX
  Product: Unity Personal
  Type: ULF
  Expiration: Unlimited
[Licensing::Module] License group:
  Id: 10171394731915-UnityPersXXXX
  Product: Unity Personal
  Type: Assigned
  Expiration: Unlimited
Begin MonoManager ReloadAssembly
Native extension for Android target not found
Native extension for UWP target not found
Native extension for WindowsStandalone target not found
[Package Manager] Failed to launch server process. Reason: Unity was launched with the -noUpm command-line argument
[Package Manager] Unable to send message (not connected to server process).
[Package Manager] Cannot connect to Unity Package Manager local server
[Package Manager] Failed to launch server process. Reason: Unity was launched with the -noUpm command-line argument
[Package Manager] Unable to send message (not connected to server process).
[Package Manager] Cannot connect to Unity Package Manager local server
ScheduleIndexationOnStartup MainProcess:False IndexOnStartup:True
Mono: successfully reloaded assembly
- Finished resetting the current domain, in  0.671 seconds
Domain Reload Profiling: 1309ms
	BeginReloadAssembly (230ms)
		DisableScriptedObjects (7ms)
		CreateAndSetChildDomain (47ms)
	RebuildCommonClasses (8ms)
	RebuildNativeTypeToScriptingClass (14ms)
	initialDomainReloadingComplete (57ms)
	LoadAllAssembliesAndSetupDomain (329ms)
		LoadAssemblies (321ms)
		AnalyzeDomain (19ms)
			TypeCache.Refresh (8ms)
			ResolveRequiredComponents (8ms)
	FinalizeReload (672ms)
		SetupLoadedEditorAssemblies (0ms)
			InitializePlatformSupportModulesInManaged (7ms)
			BeforeProcessingInitializeOnLoad (83ms)
			ProcessInitializeOnLoadAttributes (260ms)
			ProcessInitializeOnLoadMethodAttributes (113ms)
		AwakeInstancesAfterBackupRestoration (22ms)
Refreshing native plugins compatible for Editor in 2.41 ms, found 4 plugins.
Unloading 22 Unused Serialized files (Serialized files now loaded: 0)
Unloading 6574 unused Assets / (5.7 MB). Loaded Objects now: 7638.
Memory consumption went from 371.5 MB to 365.7 MB.
Total: 12.024200 ms (FindLiveObjects: 0.996400 ms CreateObjectMapping: 2.199200 ms MarkObjects: 5.770900 ms  DeleteObjects: 3.056700 ms)

Prepare: number of updated asset objects reloaded= 0
========================================================================
Received Prepare
AcceleratorClientConnectionCallback - disconnected - :0
Unloading 22 Unused Serialized files (Serialized files now loaded: 0)
Unloading 22 unused Assets / (2.6 MB). Loaded Objects now: 7638.
Memory consumption went from 369.3 MB to 366.7 MB.
Total: 6.061200 ms (FindLiveObjects: 0.459200 ms CreateObjectMapping: 0.671400 ms MarkObjects: 4.402700 ms  DeleteObjects: 0.527400 ms)

Prepare: number of updated asset objects reloaded= 0
========================================================================
Received Prepare
AcceleratorClientConnectionCallback - disconnected - :0
Begin MonoManager ReloadAssembly
Native extension for Android target not found
Native extension for UWP target not found
Native extension for WindowsStandalone target not found
[Package Manager] Failed to launch server process. Reason: Unity was launched with the -noUpm command-line argument
[Package Manager] Unable to send message (not connected to server process).
[Package Manager] Cannot connect to Unity Package Manager local server
[Package Manager] Failed to launch server process. Reason: Unity was launched with the -noUpm command-line argument
[Package Manager] Unable to send message (not connected to server process).
[Package Manager] Cannot connect to Unity Package Manager local server
ScheduleIndexationOnStartup MainProcess:False IndexOnStartup:True
Mono: successfully reloaded assembly
- Finished resetting the current domain, in  0.689 seconds
Domain Reload Profiling: 1334ms
	BeginReloadAssembly (228ms)
		DisableScriptedObjects (8ms)
		CreateAndSetChildDomain (46ms)
	RebuildCommonClasses (8ms)
	RebuildNativeTypeToScriptingClass (14ms)
	initialDomainReloadingComplete (63ms)
	LoadAllAssembliesAndSetupDomain (331ms)
		LoadAssemblies (316ms)
		AnalyzeDomain (19ms)
			TypeCache.Refresh (7ms)
			ResolveRequiredComponents (8ms)
	FinalizeReload (690ms)
		SetupLoadedEditorAssemblies (0ms)
			InitializePlatformSupportModulesInManaged (7ms)
			BeforeProcessingInitializeOnLoad (80ms)
			ProcessInitializeOnLoadAttributes (265ms)
			ProcessInitializeOnLoadMethodAttributes (125ms)
			AfterProcessingInitializeOnLoad (3ms)
		AwakeInstancesAfterBackupRestoration (24ms)
Refreshing native plugins compatible for Editor in 2.22 ms, found 4 plugins.
Unloading 22 Unused Serialized files (Serialized files now loaded: 0)
Unloading 6574 unused Assets / (5.9 MB). Loaded Objects now: 7641.
Memory consumption went from 376.7 MB to 370.7 MB.
Total: 11.771700 ms (FindLiveObjects: 1.076000 ms CreateObjectMapping: 1.805900 ms MarkObjects: 5.995500 ms  DeleteObjects: 2.893000 ms)

Prepare: number of updated asset objects reloaded= 0
========================================================================
Received Prepare
AcceleratorClientConnectionCallback - disconnected - :0
[Licensing::Client] Successfully resolved entitlement details
[Licensing::Module] License group:
  Id: F4-DQYR-K32M-YQDA-VF2F-XXXX
  Product: Unity Personal
  Type: ULF
  Expiration: Unlimited
[Licensing::Module] License group:
  Id: 10171394731915-UnityPersXXXX
  Product: Unity Personal
  Type: Assigned
  Expiration: Unlimited
Begin MonoManager ReloadAssembly
Native extension for Android target not found
Native extension for UWP target not found
Native extension for WindowsStandalone target not found
[Package Manager] Failed to launch server process. Reason: Unity was launched with the -noUpm command-line argument
[Package Manager] Unable to send message (not connected to server process).
[Package Manager] Cannot connect to Unity Package Manager local server
[Package Manager] Failed to launch server process. Reason: Unity was launched with the -noUpm command-line argument
[Package Manager] Unable to send message (not connected to server process).
[Package Manager] Cannot connect to Unity Package Manager local server
ScheduleIndexationOnStartup MainProcess:False IndexOnStartup:True
Mono: successfully reloaded assembly
- Finished resetting the current domain, in  0.673 seconds
Domain Reload Profiling: 1307ms
	BeginReloadAssembly (225ms)
		DisableScriptedObjects (8ms)
		CreateAndSetChildDomain (45ms)
	RebuildCommonClasses (8ms)
	RebuildNativeTypeToScriptingClass (14ms)
	initialDomainReloadingComplete (59ms)
	LoadAllAssembliesAndSetupDomain (326ms)
		LoadAssemblies (315ms)
		AnalyzeDomain (19ms)
			TypeCache.Refresh (7ms)
			ResolveRequiredComponents (8ms)
	FinalizeReload (674ms)
		SetupLoadedEditorAssemblies (0ms)
			InitializePlatformSupportModulesInManaged (7ms)
			BeforeProcessingInitializeOnLoad (82ms)
			ProcessInitializeOnLoadAttributes (256ms)
			ProcessInitializeOnLoadMethodAttributes (119ms)
			AfterProcessingInitializeOnLoad (3ms)
		AwakeInstancesAfterBackupRestoration (23ms)
Unloading 22 Unused Serialized files (Serialized files now loaded: 0)
Unloading 6574 unused Assets / (5.9 MB). Loaded Objects now: 7644.
Memory consumption went from 379.3 MB to 373.4 MB.
Total: 11.233000 ms (FindLiveObjects: 0.942300 ms CreateObjectMapping: 2.099600 ms MarkObjects: 5.062700 ms  DeleteObjects: 3.127400 ms)

Prepare: number of updated asset objects reloaded= 0
========================================================================
Received Prepare
AcceleratorClientConnectionCallback - disconnected - :0
Begin MonoManager ReloadAssembly
Native extension for Android target not found
Native extension for UWP target not found
Native extension for WindowsStandalone target not found
[Package Manager] Failed to launch server process. Reason: Unity was launched with the -noUpm command-line argument
[Package Manager] Unable to send message (not connected to server process).
[Package Manager] Cannot connect to Unity Package Manager local server
[Package Manager] Failed to launch server process. Reason: Unity was launched with the -noUpm command-line argument
[Package Manager] Unable to send message (not connected to server process).
[Package Manager] Cannot connect to Unity Package Manager local server
ScheduleIndexationOnStartup MainProcess:False IndexOnStartup:True
Mono: successfully reloaded assembly
- Finished resetting the current domain, in  0.672 seconds
Domain Reload Profiling: 1307ms
	BeginReloadAssembly (227ms)
		DisableScriptedObjects (6ms)
		CreateAndSetChildDomain (45ms)
	RebuildCommonClasses (8ms)
	RebuildNativeTypeToScriptingClass (15ms)
	initialDomainReloadingComplete (58ms)
	LoadAllAssembliesAndSetupDomain (326ms)
		LoadAssemblies (318ms)
		AnalyzeDomain (19ms)
			TypeCache.Refresh (7ms)
			ResolveRequiredComponents (7ms)
	FinalizeReload (673ms)
		SetupLoadedEditorAssemblies (0ms)
			InitializePlatformSupportModulesInManaged (7ms)
			BeforeProcessingInitializeOnLoad (83ms)
			ProcessInitializeOnLoadAttributes (257ms)
			ProcessInitializeOnLoadMethodAttributes (116ms)
		AwakeInstancesAfterBackupRestoration (23ms)
Refreshing native plugins compatible for Editor in 2.10 ms, found 4 plugins.
Unloading 22 Unused Serialized files (Serialized files now loaded: 0)
Unloading 6574 unused Assets / (6.0 MB). Loaded Objects now: 7647.
Memory consumption went from 381.9 MB to 375.9 MB.
Total: 12.276600 ms (FindLiveObjects: 0.918400 ms CreateObjectMapping: 2.339600 ms MarkObjects: 5.458800 ms  DeleteObjects: 3.558700 ms)

Prepare: number of updated asset objects reloaded= 0
========================================================================
Received Prepare
AcceleratorClientConnectionCallback - disconnected - :0
Unloading 22 Unused Serialized files (Serialized files now loaded: 0)
Unloading 22 unused Assets / (2.6 MB). Loaded Objects now: 7647.
Memory consumption went from 379.8 MB to 377.1 MB.
Total: 6.674500 ms (FindLiveObjects: 0.489200 ms CreateObjectMapping: 0.955400 ms MarkObjects: 4.682300 ms  DeleteObjects: 0.547200 ms)

Prepare: number of updated asset objects reloaded= 0
========================================================================
Received Prepare
AcceleratorClientConnectionCallback - disconnected - :0
Unloading 22 Unused Serialized files (Serialized files now loaded: 0)
Unloading 22 unused Assets / (2.6 MB). Loaded Objects now: 7647.
Memory consumption went from 382.3 MB to 379.7 MB.
Total: 6.525100 ms (FindLiveObjects: 0.410400 ms CreateObjectMapping: 0.614000 ms MarkObjects: 4.985800 ms  DeleteObjects: 0.514100 ms)

Prepare: number of updated asset objects reloaded= 0
========================================================================
Received Prepare
AcceleratorClientConnectionCallback - disconnected - :0
[Licensing::Client] Successfully resolved entitlement details
[Licensing::Module] License group:
  Id: F4-DQYR-K32M-YQDA-VF2F-XXXX
  Product: Unity Personal
  Type: ULF
  Expiration: Unlimited
[Licensing::Module] License group:
  Id: 10171394731915-UnityPersXXXX
  Product: Unity Personal
  Type: Assigned
  Expiration: Unlimited
Begin MonoManager ReloadAssembly
Native extension for Android target not found
Native extension for UWP target not found
Native extension for WindowsStandalone target not found
[Package Manager] Failed to launch server process. Reason: Unity was launched with the -noUpm command-line argument
[Package Manager] Unable to send message (not connected to server process).
[Package Manager] Cannot connect to Unity Package Manager local server
[Package Manager] Failed to launch server process. Reason: Unity was launched with the -noUpm command-line argument
[Package Manager] Unable to send message (not connected to server process).
[Package Manager] Cannot connect to Unity Package Manager local server
ScheduleIndexationOnStartup MainProcess:False IndexOnStartup:True
Mono: successfully reloaded assembly
- Finished resetting the current domain, in  0.695 seconds
Domain Reload Profiling: 1339ms
	BeginReloadAssembly (226ms)
		DisableScriptedObjects (7ms)
		CreateAndSetChildDomain (46ms)
	RebuildCommonClasses (9ms)
	RebuildNativeTypeToScriptingClass (15ms)
	initialDomainReloadingComplete (62ms)
	LoadAllAssembliesAndSetupDomain (332ms)
		LoadAssemblies (321ms)
		AnalyzeDomain (18ms)
			TypeCache.Refresh (7ms)
			ResolveRequiredComponents (7ms)
	FinalizeReload (696ms)
		SetupLoadedEditorAssemblies (0ms)
			InitializePlatformSupportModulesInManaged (8ms)
			BeforeProcessingInitializeOnLoad (82ms)
			ProcessInitializeOnLoadAttributes (265ms)
			ProcessInitializeOnLoadMethodAttributes (119ms)
			AfterProcessingInitializeOnLoad (3ms)
		AwakeInstancesAfterBackupRestoration (22ms)
Refreshing native plugins compatible for Editor in 2.40 ms, found 4 plugins.
Unloading 22 Unused Serialized files (Serialized files now loaded: 0)
Unloading 6574 unused Assets / (5.9 MB). Loaded Objects now: 7650.
Memory consumption went from 389.6 MB to 383.8 MB.
Total: 12.983900 ms (FindLiveObjects: 0.896400 ms CreateObjectMapping: 2.506700 ms MarkObjects: 6.199100 ms  DeleteObjects: 3.380700 ms)

Prepare: number of updated asset objects reloaded= 0
========================================================================
Received Prepare
AcceleratorClientConnectionCallback - disconnected - :0
[Licensing::Client] Successfully resolved entitlement details
[Licensing::Module] License group:
  Id: F4-DQYR-K32M-YQDA-VF2F-XXXX
  Product: Unity Personal
  Type: ULF
  Expiration: Unlimited
[Licensing::Module] License group:
  Id: 10171394731915-UnityPersXXXX
  Product: Unity Personal
  Type: Assigned
  Expiration: Unlimited
Begin MonoManager ReloadAssembly
Native extension for Android target not found
Native extension for UWP target not found
Native extension for WindowsStandalone target not found
[Package Manager] Failed to launch server process. Reason: Unity was launched with the -noUpm command-line argument
[Package Manager] Unable to send message (not connected to server process).
[Package Manager] Cannot connect to Unity Package Manager local server
[Package Manager] Failed to launch server process. Reason: Unity was launched with the -noUpm command-line argument
[Package Manager] Unable to send message (not connected to server process).
[Package Manager] Cannot connect to Unity Package Manager local server
ScheduleIndexationOnStartup MainProcess:False IndexOnStartup:True
Mono: successfully reloaded assembly
- Finished resetting the current domain, in  0.707 seconds
Domain Reload Profiling: 1343ms
	BeginReloadAssembly (224ms)
		DisableScriptedObjects (6ms)
		CreateAndSetChildDomain (46ms)
	RebuildCommonClasses (8ms)
	RebuildNativeTypeToScriptingClass (14ms)
	initialDomainReloadingComplete (55ms)
	LoadAllAssembliesAndSetupDomain (334ms)
		LoadAssemblies (321ms)
		AnalyzeDomain (19ms)
			TypeCache.Refresh (7ms)
			ResolveRequiredComponents (8ms)
	FinalizeReload (708ms)
		SetupLoadedEditorAssemblies (0ms)
			InitializePlatformSupportModulesInManaged (7ms)
			BeforeProcessingInitializeOnLoad (82ms)
			ProcessInitializeOnLoadAttributes (280ms)
			ProcessInitializeOnLoadMethodAttributes (122ms)
		AwakeInstancesAfterBackupRestoration (22ms)
Refreshing native plugins compatible for Editor in 2.07 ms, found 4 plugins.
Unloading 22 Unused Serialized files (Serialized files now loaded: 0)
Unloading 6574 unused Assets / (5.6 MB). Loaded Objects now: 7653.
Memory consumption went from 392.3 MB to 386.7 MB.
Total: 11.837300 ms (FindLiveObjects: 1.138400 ms CreateObjectMapping: 2.409100 ms MarkObjects: 4.981000 ms  DeleteObjects: 3.307900 ms)

Prepare: number of updated asset objects reloaded= 0
========================================================================
Received Prepare
AcceleratorClientConnectionCallback - disconnected - :0
Begin MonoManager ReloadAssembly
Native extension for Android target not found
Native extension for UWP target not found
Native extension for WindowsStandalone target not found
[Package Manager] Failed to launch server process. Reason: Unity was launched with the -noUpm command-line argument
[Package Manager] Unable to send message (not connected to server process).
[Package Manager] Cannot connect to Unity Package Manager local server
[Package Manager] Failed to launch server process. Reason: Unity was launched with the -noUpm command-line argument
[Package Manager] Unable to send message (not connected to server process).
[Package Manager] Cannot connect to Unity Package Manager local server
ScheduleIndexationOnStartup MainProcess:False IndexOnStartup:True
Mono: successfully reloaded assembly
- Finished resetting the current domain, in  0.669 seconds
Domain Reload Profiling: 1305ms
	BeginReloadAssembly (224ms)
		DisableScriptedObjects (8ms)
		CreateAndSetChildDomain (44ms)
	RebuildCommonClasses (8ms)
	RebuildNativeTypeToScriptingClass (14ms)
	initialDomainReloadingComplete (58ms)
	LoadAllAssembliesAndSetupDomain (330ms)
		LoadAssemblies (319ms)
		AnalyzeDomain (19ms)
			TypeCache.Refresh (7ms)
			ResolveRequiredComponents (8ms)
	FinalizeReload (670ms)
		SetupLoadedEditorAssemblies (0ms)
			InitializePlatformSupportModulesInManaged (7ms)
			BeforeProcessingInitializeOnLoad (81ms)
			ProcessInitializeOnLoadAttributes (257ms)
			ProcessInitializeOnLoadMethodAttributes (111ms)
			AfterProcessingInitializeOnLoad (3ms)
		AwakeInstancesAfterBackupRestoration (20ms)
Refreshing native plugins compatible for Editor in 2.04 ms, found 4 plugins.
Unloading 22 Unused Serialized files (Serialized files now loaded: 0)
Unloading 6574 unused Assets / (5.6 MB). Loaded Objects now: 7656.
Memory consumption went from 394.9 MB to 389.3 MB.
Total: 10.424500 ms (FindLiveObjects: 1.004300 ms CreateObjectMapping: 1.855700 ms MarkObjects: 4.809900 ms  DeleteObjects: 2.754100 ms)

Prepare: number of updated asset objects reloaded= 0
========================================================================
Received Prepare
AcceleratorClientConnectionCallback - disconnected - :0
Begin MonoManager ReloadAssembly
Native extension for Android target not found
Native extension for UWP target not found
Native extension for WindowsStandalone target not found
[Package Manager] Failed to launch server process. Reason: Unity was launched with the -noUpm command-line argument
[Package Manager] Unable to send message (not connected to server process).
[Package Manager] Cannot connect to Unity Package Manager local server
[Package Manager] Failed to launch server process. Reason: Unity was launched with the -noUpm command-line argument
[Package Manager] Unable to send message (not connected to server process).
[Package Manager] Cannot connect to Unity Package Manager local server
ScheduleIndexationOnStartup MainProcess:False IndexOnStartup:True
Mono: successfully reloaded assembly
- Finished resetting the current domain, in  0.683 seconds
Domain Reload Profiling: 1317ms
	BeginReloadAssembly (226ms)
		DisableScriptedObjects (8ms)
		CreateAndSetChildDomain (46ms)
	RebuildCommonClasses (8ms)
	RebuildNativeTypeToScriptingClass (15ms)
	initialDomainReloadingComplete (57ms)
	LoadAllAssembliesAndSetupDomain (326ms)
		LoadAssemblies (314ms)
		AnalyzeDomain (19ms)
			TypeCache.Refresh (7ms)
			ResolveRequiredComponents (8ms)
	FinalizeReload (685ms)
		SetupLoadedEditorAssemblies (0ms)
			InitializePlatformSupportModulesInManaged (8ms)
			BeforeProcessingInitializeOnLoad (82ms)
			ProcessInitializeOnLoadAttributes (269ms)
			ProcessInitializeOnLoadMethodAttributes (119ms)
		AwakeInstancesAfterBackupRestoration (22ms)
Refreshing native plugins compatible for Editor in 2.24 ms, found 4 plugins.
Unloading 22 Unused Serialized files (Serialized files now loaded: 0)
Unloading 6574 unused Assets / (5.8 MB). Loaded Objects now: 7659.
Memory consumption went from 397.6 MB to 391.8 MB.
Total: 10.952200 ms (FindLiveObjects: 0.962200 ms CreateObjectMapping: 1.939300 ms MarkObjects: 5.210100 ms  DeleteObjects: 2.839900 ms)

Prepare: number of updated asset objects reloaded= 0
========================================================================
Received Prepare
AcceleratorClientConnectionCallback - disconnected - :0
[Licensing::Client] Successfully resolved entitlement details
[Licensing::Module] License group:
  Id: F4-DQYR-K32M-YQDA-VF2F-XXXX
  Product: Unity Personal
  Type: ULF
  Expiration: Unlimited
[Licensing::Module] License group:
  Id: 10171394731915-UnityPersXXXX
  Product: Unity Personal
  Type: Assigned
  Expiration: Unlimited
Begin MonoManager ReloadAssembly
Native extension for Android target not found
Native extension for UWP target not found
Native extension for WindowsStandalone target not found
[Package Manager] Failed to launch server process. Reason: Unity was launched with the -noUpm command-line argument
[Package Manager] Unable to send message (not connected to server process).
[Package Manager] Cannot connect to Unity Package Manager local server
[Package Manager] Failed to launch server process. Reason: Unity was launched with the -noUpm command-line argument
[Package Manager] Unable to send message (not connected to server process).
[Package Manager] Cannot connect to Unity Package Manager local server
ScheduleIndexationOnStartup MainProcess:False IndexOnStartup:True
Mono: successfully reloaded assembly
- Finished resetting the current domain, in  0.661 seconds
Domain Reload Profiling: 1294ms
	BeginReloadAssembly (227ms)
		DisableScriptedObjects (8ms)
		CreateAndSetChildDomain (47ms)
	RebuildCommonClasses (8ms)
	RebuildNativeTypeToScriptingClass (15ms)
	initialDomainReloadingComplete (56ms)
	LoadAllAssembliesAndSetupDomain (327ms)
		LoadAssemblies (318ms)
		AnalyzeDomain (19ms)
			TypeCache.Refresh (7ms)
			ResolveRequiredComponents (8ms)
	FinalizeReload (662ms)
		SetupLoadedEditorAssemblies (0ms)
			InitializePlatformSupportModulesInManaged (7ms)
			BeforeProcessingInitializeOnLoad (82ms)
			ProcessInitializeOnLoadAttributes (253ms)
			ProcessInitializeOnLoadMethodAttributes (115ms)
			AfterProcessingInitializeOnLoad (4ms)
		AwakeInstancesAfterBackupRestoration (20ms)
Unloading 22 Unused Serialized files (Serialized files now loaded: 0)
Unloading 6574 unused Assets / (6.2 MB). Loaded Objects now: 7662.
Memory consumption went from 400.5 MB to 394.3 MB.
Total: 11.398200 ms (FindLiveObjects: 0.971100 ms CreateObjectMapping: 2.252500 ms MarkObjects: 4.858000 ms  DeleteObjects: 3.315700 ms)

Prepare: number of updated asset objects reloaded= 0
========================================================================
Received Prepare
AcceleratorClientConnectionCallback - disconnected - :0
Unloading 22 Unused Serialized files (Serialized files now loaded: 0)
Unloading 22 unused Assets / (2.6 MB). Loaded Objects now: 7662.
Memory consumption went from 398.3 MB to 395.7 MB.
Total: 6.728300 ms (FindLiveObjects: 0.490400 ms CreateObjectMapping: 1.032100 ms MarkObjects: 4.700000 ms  DeleteObjects: 0.505000 ms)

Prepare: number of updated asset objects reloaded= 0
========================================================================
Received Import Request.
  Time of request: 2026-08-26T09:15:29.371311Z
  Time since last request: 2224.00210800000013 seconds.
  importAddress: GUID: d9f35230ed361074ca7492aca2232c82 - Path: Assets/New Terrain.asset - Importer: PreviewImporter
Importing 'GUID: d9f35230ed361074ca7492aca2232c82 - Path: Assets/New Terrain.asset - Importer: PreviewImporter' with importer (PreviewImporter)
The tree M_Realistic21_1 must use the Nature/Soft Occlusion shader. Otherwise billboarding/lighting will not work correctly.
Imported 'GUID: d9f35230ed361074ca7492aca2232c82' -> (Import Result ID: '5f5686f38ae38140b2260848d1107226') in 0.117 seconds [static and dynamic dependencies]. Details - ImportResultOutputID=5a5e640da170e76359530bf6f8d91ec0 DependenciesID=6240eceae1b0012d59b1c2c10c4db5f6 StaticDependenciesID=3f92aa002c7c85fc2cb8a34a61fc0ae0 
Number of updated asset objects reloaded before import = 0
Number of asset objects unloaded after import = 17
========================================================================
Received Import Request.
  Time of request: 2026-08-26T09:15:52.5211345Z
  Time since last request: 23.023193 seconds.
  importAddress: GUID: 99c9720ab356a0642a771bea13969a05 - Path: Assets/Scenes/MainScene.unity - Importer: PreviewImporter
Importing 'GUID: 99c9720ab356a0642a771bea13969a05 - Path: Assets/Scenes/MainScene.unity - Importer: PreviewImporter' with importer (PreviewImporter)
Imported 'GUID: 99c9720ab356a0642a771bea13969a05' -> (Import Result ID: '6b4868b20448c41a9030e71fce2968ac') in 0.002 seconds [static and dynamic dependencies]. Details - ImportResultOutputID=60ca0ca267162a69cdf8a1143a5075b0 DependenciesID=94273b3e5b39e1253cd868a9b97981fd StaticDependenciesID=c3320da4015e6d300dc527cdf2c35154 
Number of updated asset objects reloaded before import = 0
Number of asset objects unloaded after import = 0
========================================================================
Received Import Request.
  Time of request: 2026-08-26T09:16:00.8910924Z
  Time since last request: 8.3591095 seconds.
  importAddress: GUID: 99c9720ab356a0642a771bea13969a05 - Path: Assets/Scenes/Level1.unity - Importer: PreviewImporter
Importing 'GUID: 99c9720ab356a0642a771bea13969a05 - Path: Assets/Scenes/Level1.unity - Importer: PreviewImporter' with importer (PreviewImporter)
Imported 'GUID: 99c9720ab356a0642a771bea13969a05' -> (Import Result ID: '89bcdf6674c1d89083bab93ab0703710') in 0.000 seconds [static and dynamic dependencies]. Details - ImportResultOutputID=60ca0ca267162a69cdf8a1143a5075b0 DependenciesID=eb59dec093a0306205d8bfc284d49386 StaticDependenciesID=ab6fcd307704ffa9848bc6bf035c191b 
Number of updated asset objects reloaded before import = 0
Number of asset objects unloaded after import = 0
========================================================================
Received Import Request.
  Time of request: 2026-08-26T09:17:12.437008Z
  Time since last request: 71.5356527 seconds.
  importAddress: GUID: 00000000000000003000000000000000 - Path: ProjectSettings/TagManager.asset - Importer: PreviewImporter
Importing 'GUID: 00000000000000003000000000000000 - Path: ProjectSettings/TagManager.asset - Importer: PreviewImporter' with importer (PreviewImporter)
Imported 'GUID: 00000000000000003000000000000000' -> (Import Result ID: '8e2dcd55963c0fbf826c544e9096faf0') in 0.001 seconds [static and dynamic dependencies]. Details - ImportResultOutputID=a9de5dacb787dcd7900ea87c9e19fd79 DependenciesID=ce338cd9007756ea8316ca63e7217b81 StaticDependenciesID=0dd4c64788ad480724266b617bcd0ccb 
Number of updated asset objects reloaded before import = 0
Number of asset objects unloaded after import = 0
========================================================================
Received Import Request.
  Time of request: 2026-08-26T09:25:34.5535943Z
  Time since last request: 502.1097719 seconds.
  importAddress: GUID: e9be6b9d71ce20345b55b654f6eca5d9 - Path: Assets/ARCADE - FREE Racing Car/Prefabs (With Colliders)/Free Racing Car Blue Variant.prefab - Importer: PreviewImporter
Importing 'GUID: e9be6b9d71ce20345b55b654f6eca5d9 - Path: Assets/ARCADE - FREE Racing Car/Prefabs (With Colliders)/Free Racing Car Blue Variant.prefab - Importer: PreviewImporter' with importer (PreviewImporter)
Imported 'GUID: e9be6b9d71ce20345b55b654f6eca5d9' -> (Import Result ID: 'f5c8376d8bee02ed327b4ccee25d7b5a') in 0.345 seconds [static and dynamic dependencies]. Details - ImportResultOutputID=1c9767b2e3420969f786793aebb2233a DependenciesID=b609a77d78e8a8bc0cfa1c712afdebb2 StaticDependenciesID=9b9d71f12e14c6abc9c2872eb6aea11b 
Number of updated asset objects reloaded before import = 0
Number of asset objects unloaded after import = 115
========================================================================
Received Prepare
AcceleratorClientConnectionCallback - disconnected - :0
[Licensing::Client] Successfully resolved entitlement details
[Licensing::Module] License group:
  Id: F4-DQYR-K32M-YQDA-VF2F-XXXX
  Product: Unity Personal
  Type: ULF
  Expiration: Unlimited
[Licensing::Module] License group:
  Id: 10171394731915-UnityPersXXXX
  Product: Unity Personal
  Type: Assigned
  Expiration: Unlimited
Begin MonoManager ReloadAssembly
Native extension for Android target not found
Native extension for UWP target not found
Native extension for WindowsStandalone target not found
[Package Manager] Failed to launch server process. Reason: Unity was launched with the -noUpm command-line argument
[Package Manager] Unable to send message (not connected to server process).
[Package Manager] Cannot connect to Unity Package Manager local server
[Package Manager] Failed to launch server process. Reason: Unity was launched with the -noUpm command-line argument
[Package Manager] Unable to send message (not connected to server process).
[Package Manager] Cannot connect to Unity Package Manager local server
ScheduleIndexationOnStartup MainProcess:False IndexOnStartup:True
Mono: successfully reloaded assembly
- Finished resetting the current domain, in  0.712 seconds
Domain Reload Profiling: 1363ms
	BeginReloadAssembly (244ms)
		DisableScriptedObjects (18ms)
		CreateAndSetChildDomain (56ms)
	RebuildCommonClasses (8ms)
	RebuildNativeTypeToScriptingClass (14ms)
	initialDomainReloadingComplete (61ms)
	LoadAllAssembliesAndSetupDomain (323ms)
		LoadAssemblies (313ms)
		AnalyzeDomain (18ms)
			TypeCache.Refresh (6ms)
			ResolveRequiredComponents (8ms)
	FinalizeReload (713ms)
		SetupLoadedEditorAssemblies (0ms)
			InitializePlatformSupportModulesInManaged (8ms)
			BeforeProcessingInitializeOnLoad (87ms)
			ProcessInitializeOnLoadAttributes (266ms)
			ProcessInitializeOnLoadMethodAttributes (135ms)
			AfterProcessingInitializeOnLoad (3ms)
		AwakeInstancesAfterBackupRestoration (21ms)
Refreshing native plugins compatible for Editor in 2.75 ms, found 4 plugins.
Unloading 22 Unused Serialized files (Serialized files now loaded: 0)
Unloading 6575 unused Assets / (5.4 MB). Loaded Objects now: 7685.
Memory consumption went from 366.7 MB to 361.3 MB.
Total: 13.777600 ms (FindLiveObjects: 1.296400 ms CreateObjectMapping: 2.998800 ms MarkObjects: 6.040400 ms  DeleteObjects: 3.440700 ms)

Prepare: number of updated asset objects reloaded= 0
========================================================================
Received Prepare
AcceleratorClientConnectionCallback - disconnected - :0
Begin MonoManager ReloadAssembly
Native extension for Android target not found
Native extension for UWP target not found
Native extension for WindowsStandalone target not found
[Package Manager] Failed to launch server process. Reason: Unity was launched with the -noUpm command-line argument
[Package Manager] Unable to send message (not connected to server process).
[Package Manager] Cannot connect to Unity Package Manager local server
[Package Manager] Failed to launch server process. Reason: Unity was launched with the -noUpm command-line argument
[Package Manager] Unable to send message (not connected to server process).
[Package Manager] Cannot connect to Unity Package Manager local server
ScheduleIndexationOnStartup MainProcess:False IndexOnStartup:True
Mono: successfully reloaded assembly
- Finished resetting the current domain, in  0.764 seconds
Domain Reload Profiling: 1401ms
	BeginReloadAssembly (224ms)
		DisableScriptedObjects (7ms)
		CreateAndSetChildDomain (48ms)
	RebuildCommonClasses (9ms)
	RebuildNativeTypeToScriptingClass (15ms)
	initialDomainReloadingComplete (58ms)
	LoadAllAssembliesAndSetupDomain (329ms)
		LoadAssemblies (321ms)
		AnalyzeDomain (18ms)
			TypeCache.Refresh (6ms)
			ResolveRequiredComponents (8ms)
	FinalizeReload (765ms)
		SetupLoadedEditorAssemblies (0ms)
			InitializePlatformSupportModulesInManaged (9ms)
			BeforeProcessingInitializeOnLoad (85ms)
			ProcessInitializeOnLoadAttributes (308ms)
			ProcessInitializeOnLoadMethodAttributes (130ms)
		AwakeInstancesAfterBackupRestoration (24ms)
Refreshing native plugins compatible for Editor in 2.34 ms, found 4 plugins.
Unloading 22 Unused Serialized files (Serialized files now loaded: 0)
Unloading 6574 unused Assets / (5.9 MB). Loaded Objects now: 7688.
Memory consumption went from 369.1 MB to 363.2 MB.
Total: 13.200000 ms (FindLiveObjects: 1.090600 ms CreateObjectMapping: 2.337000 ms MarkObjects: 5.952500 ms  DeleteObjects: 3.819000 ms)

Prepare: number of updated asset objects reloaded= 0
========================================================================
Received Import Request.
  Time of request: 2026-08-26T09:30:35.655886Z
  Time since last request: 300.74983079999998 seconds.
  importAddress: GUID: 66b79ab0d2c60f34ca83c59020884369 - Path: Assets/Prefabs/SimpleSpringboard.prefab - Importer: PreviewImporter
Importing 'GUID: 66b79ab0d2c60f34ca83c59020884369 - Path: Assets/Prefabs/SimpleSpringboard.prefab - Importer: PreviewImporter' with importer (PreviewImporter)
Imported 'GUID: 66b79ab0d2c60f34ca83c59020884369' -> (Import Result ID: 'bd44ea405ac542d658cdcf09471ee4bb') in 0.343 seconds [static and dynamic dependencies]. Details - ImportResultOutputID=6a05e106fe293512ab066160d3297b4e DependenciesID=cc0a0938e3128c31d15d89fa0986210e StaticDependenciesID=e3acdb416984602fb57655a501b4bb41 
Number of updated asset objects reloaded before import = 0
Number of asset objects unloaded after import = 17
========================================================================
Received Import Request.
  Time of request: 2026-08-26T09:30:45.8695931Z
  Time since last request: 9.8612614 seconds.
  importAddress: GUID: 709f11a7f3c4041caa4ef136ea32d874 - Path: Assets/Settings - Importer: PreviewImporter
Importing 'GUID: 709f11a7f3c4041caa4ef136ea32d874 - Path: Assets/Settings - Importer: PreviewImporter' with importer (PreviewImporter)
Imported 'GUID: 709f11a7f3c4041caa4ef136ea32d874' -> (Import Result ID: '3d178439569e990af0b00523393ad036') in 0.001 seconds [static and dynamic dependencies]. Details - ImportResultOutputID=076f39b770306bfb8c8282c31c8bac52 DependenciesID=528513034b8cdc30c905c6ec2db5a044 StaticDependenciesID=b81918eb2f341db52dd8c133adf836f6 
Number of updated asset objects reloaded before import = 0
Number of asset objects unloaded after import = 0
========================================================================
Received Import Request.
  Time of request: 2026-08-26T09:30:46.9517822Z
  Time since last request: 1.0728615 seconds.
  importAddress: GUID: 4ec07e9f70ec6bf41b733db9bd90a1a1 - Path: Assets/Textures/Map/Springboard.mat - Importer: PreviewImporter
Importing 'GUID: 4ec07e9f70ec6bf41b733db9bd90a1a1 - Path: Assets/Textures/Map/Springboard.mat - Importer: PreviewImporter' with importer (PreviewImporter)
Imported 'GUID: 4ec07e9f70ec6bf41b733db9bd90a1a1' -> (Import Result ID: 'f2acfed51c5870472a3ba9a23f10124f') in 0.022 seconds [static and dynamic dependencies]. Details - ImportResultOutputID=abe5b697e1e368ae77838d8e1bc2f180 DependenciesID=b1bbf798a7c161a0acbd0dd2d6aa2caf StaticDependenciesID=51bb345ce559a4330b8ace3890b66df3 
Number of updated asset objects reloaded before import = 0
Number of asset objects unloaded after import = 2
========================================================================
Received Import Request.
  Time of request: 2026-08-26T09:30:50.8729705Z
  Time since last request: 3.8906647 seconds.
  importAddress: GUID: d9f35230ed361074ca7492aca2232c82 - Path: Assets/New Terrain.asset - Importer: ScriptedImporter/UnityEditor.QuickSearchModule:UnityEditor.Search:ASIAI0B
Importing 'GUID: d9f35230ed361074ca7492aca2232c82 - Path: Assets/New Terrain.asset - Importer: ScriptedImporter/UnityEditor.QuickSearchModule:UnityEditor.Search:ASIAI0B' with importer (ScriptedImporter : UnityEditor.QuickSearchModule:UnityEditor.Search:ASIAI0B)
The tree M_Realistic21_1 must use the Nature/Soft Occlusion shader. Otherwise billboarding/lighting will not work correctly.
UnityEngine.Debug:ExtractStackTraceNoAlloc (byte*,int,string)
UnityEngine.StackTraceUtility:ExtractStackTrace ()
UnityEditor.AssetDatabase:LoadMainAssetAtPath (string)
UnityEditor.Search.AssetIndexer:IndexProperties (int&,string&,bool&)
UnityEditor.Search.AssetIndexer:IndexDocument (string,bool)
UnityEditor.Search.SearchIndexArtifactImporter:OnImportAsset (UnityEditor.AssetImporters.AssetImportContext)
UnityEditor.AssetImporters.ScriptedImporter:GenerateAssetData (UnityEditor.AssetImporters.AssetImportContext)

[C:\build\output\unity\unity\Modules\Terrain\Public\TreeDatabase.cpp line 355]

Imported 'GUID: d9f35230ed361074ca7492aca2232c82' -> (Import Result ID: '861339a84481549cf97e8a8b8915807b') in 0.110 seconds [static and dynamic dependencies]. Details - ImportResultOutputID=0104f0498c89fd39562cd7f4f8eee745 DependenciesID=5f440c8233e22edf57d233032be6b42e StaticDependenciesID=afdbe6422235cc53b706277750c6d00c 
Number of updated asset objects reloaded before import = 0
Number of asset objects unloaded after import = 16
========================================================================
Received Import Request.
  Time of request: 2026-08-26T09:30:50.9962646Z
  Time since last request: 0.0003249 seconds.
  importAddress: GUID: 4ec07e9f70ec6bf41b733db9bd90a1a1 - Path: Assets/Textures/Map/Springboard.mat - Importer: ScriptedImporter/UnityEditor.QuickSearchModule:UnityEditor.Search:ASIAI0B
Importing 'GUID: 4ec07e9f70ec6bf41b733db9bd90a1a1 - Path: Assets/Textures/Map/Springboard.mat - Importer: ScriptedImporter/UnityEditor.QuickSearchModule:UnityEditor.Search:ASIAI0B' with importer (ScriptedImporter : UnityEditor.QuickSearchModule:UnityEditor.Search:ASIAI0B)
Imported 'GUID: 4ec07e9f70ec6bf41b733db9bd90a1a1' -> (Import Result ID: '475355d2f80074f479b7f16f5db04900') in 0.010 seconds [static and dynamic dependencies]. Details - ImportResultOutputID=e1d88d2963ceb22ba267455e1805a7ff DependenciesID=02ca357f921c3b5c431b60b59eeae6c5 StaticDependenciesID=23f29a825f1de60302a106a5de972fa6 
Number of updated asset objects reloaded before import = 0
Number of asset objects unloaded after import = 2
========================================================================
Received Import Request.
  Time of request: 2026-08-26T09:30:51.0184479Z
  Time since last request: 0.0007049 seconds.
  importAddress: GUID: e9be6b9d71ce20345b55b654f6eca5d9 - Path: Assets/ARCADE - FREE Racing Car/Prefabs (With Colliders)/Free Racing Car Blue Variant.prefab - Importer: ScriptedImporter/UnityEditor.QuickSearchModule:UnityEditor.Search:ASIAI0B
Importing 'GUID: e9be6b9d71ce20345b55b654f6eca5d9 - Path: Assets/ARCADE - FREE Racing Car/Prefabs (With Colliders)/Free Racing Car Blue Variant.prefab - Importer: ScriptedImporter/UnityEditor.QuickSearchModule:UnityEditor.Search:ASIAI0B' with importer (ScriptedImporter : UnityEditor.QuickSearchModule:UnityEditor.Search:ASIAI0B)
Imported 'GUID: e9be6b9d71ce20345b55b654f6eca5d9' -> (Import Result ID: '7986233f38d66c591a571f40fe89a1f7') in 0.032 seconds [static and dynamic dependencies]. Details - ImportResultOutputID=46c332859487ead0ff699d66859c2055 DependenciesID=3a19e87b5d758b07d7e939e59fd0c406 StaticDependenciesID=80ee66e99cf1c3160450a5be0fd713ef 
Number of updated asset objects reloaded before import = 0
Number of asset objects unloaded after import = 108
========================================================================
Received Prepare
AcceleratorClientConnectionCallback - disconnected - :0
Unloading 22 Unused Serialized files (Serialized files now loaded: 0)
Unloading 22 unused Assets / (2.6 MB). Loaded Objects now: 7799.
Memory consumption went from 371.9 MB to 369.3 MB.
Total: 8.170100 ms (FindLiveObjects: 0.449800 ms CreateObjectMapping: 0.876000 ms MarkObjects: 6.316000 ms  DeleteObjects: 0.527800 ms)

Prepare: number of updated asset objects reloaded= 0
========================================================================
Received Import Request.
  Time of request: 2026-08-26T09:30:54.4788672Z
  Time since last request: 3.4173867 seconds.
  importAddress: GUID: d9f35230ed361074ca7492aca2232c82 - Path: Assets/New Terrain.asset - Importer: ScriptedImporter/UnityEditor.QuickSearchModule:UnityEditor.Search:ASIAI0B
Importing 'GUID: d9f35230ed361074ca7492aca2232c82 - Path: Assets/New Terrain.asset - Importer: ScriptedImporter/UnityEditor.QuickSearchModule:UnityEditor.Search:ASIAI0B' with importer (ScriptedImporter : UnityEditor.QuickSearchModule:UnityEditor.Search:ASIAI0B)
The tree M_Realistic21_1 must use the Nature/Soft Occlusion shader. Otherwise billboarding/lighting will not work correctly.
UnityEngine.Debug:ExtractStackTraceNoAlloc (byte*,int,string)
UnityEngine.StackTraceUtility:ExtractStackTrace ()
UnityEditor.AssetDatabase:LoadMainAssetAtPath (string)
UnityEditor.Search.AssetIndexer:IndexProperties (int&,string&,bool&)
UnityEditor.Search.AssetIndexer:IndexDocument (string,bool)
UnityEditor.Search.SearchIndexArtifactImporter:OnImportAsset (UnityEditor.AssetImporters.AssetImportContext)
UnityEditor.AssetImporters.ScriptedImporter:GenerateAssetData (UnityEditor.AssetImporters.AssetImportContext)

[C:\build\output\unity\unity\Modules\Terrain\Public\TreeDatabase.cpp line 355]

Imported 'GUID: d9f35230ed361074ca7492aca2232c82' -> (Import Result ID: 'e0e47eb1bb4f1ea2d738e6a6e805b3cb') in 0.026 seconds [static and dynamic dependencies]. Details - ImportResultOutputID=d3e0e8a65e4adc496654b6918094faf1 DependenciesID=5f269eaeba8adf84b0f5c158e8cfe407 StaticDependenciesID=c8eb4901ff6bf82ea1b9431ccb31a7db 
Number of updated asset objects reloaded before import = 0
Number of asset objects unloaded after import = 16
========================================================================
Received Import Request.
  Time of request: 2026-08-26T09:36:36.5627499Z
  Time since last request: 342.04796249999998 seconds.
  importAddress: GUID: 5c387c6de73072449ae9374c8486b010 - Path: Assets/Textures/Map/Finish.mat - Importer: PreviewImporter
Importing 'GUID: 5c387c6de73072449ae9374c8486b010 - Path: Assets/Textures/Map/Finish.mat - Importer: PreviewImporter' with importer (PreviewImporter)
Imported 'GUID: 5c387c6de73072449ae9374c8486b010' -> (Import Result ID: 'aacd30862678540c9c048754161e87bb') in 1.475 seconds [static and dynamic dependencies]. Details - ImportResultOutputID=25c5e285b910b1833e7013570bca583a DependenciesID=1ec99898991547cf7a20d5341458fa0a StaticDependenciesID=01d9828c4e37a05866a2b74ff9336631 
Number of updated asset objects reloaded before import = 0
Number of asset objects unloaded after import = 2
========================================================================
Received Import Request.
  Time of request: 2026-08-26T09:36:43.7882299Z
  Time since last request: 5.740832 seconds.
  importAddress: GUID: 99c9720ab356a0642a771bea13969a05 - Path: Assets/Scenes/Level1.unity - Importer: ScriptedImporter/UnityEditor.QuickSearchModule:UnityEditor.Search:ASIAI0B
Importing 'GUID: 99c9720ab356a0642a771bea13969a05 - Path: Assets/Scenes/Level1.unity - Importer: ScriptedImporter/UnityEditor.QuickSearchModule:UnityEditor.Search:ASIAI0B' with importer (ScriptedImporter : UnityEditor.QuickSearchModule:UnityEditor.Search:ASIAI0B)
Imported 'GUID: 99c9720ab356a0642a771bea13969a05' -> (Import Result ID: 'ef9958767695df5f3e1799c24ccacdec') in 0.004 seconds [static and dynamic dependencies]. Details - ImportResultOutputID=8f9b1ef705a9a13b3c1a6c0055647809 DependenciesID=93a214dd7c15f7deb474c386066d962e StaticDependenciesID=e366cd4921fa781fb912d69f6f4f1fd6 
Number of updated asset objects reloaded before import = 0
Number of asset objects unloaded after import = 1
========================================================================
Received Import Request.
  Time of request: 2026-08-26T09:36:44.4883184Z
  Time since last request: 0.6875344 seconds.
  importAddress: GUID: d9f35230ed361074ca7492aca2232c82 - Path: Assets/New Terrain.asset - Importer: PreviewImporter
Importing 'GUID: d9f35230ed361074ca7492aca2232c82 - Path: Assets/New Terrain.asset - Importer: PreviewImporter' with importer (PreviewImporter)
The tree M_Realistic21_1 must use the Nature/Soft Occlusion shader. Otherwise billboarding/lighting will not work correctly.
Imported 'GUID: d9f35230ed361074ca7492aca2232c82' -> (Import Result ID: 'f15e23e5b6fd072b87fb604f9c03fb70') in 0.037 seconds [static and dynamic dependencies]. Details - ImportResultOutputID=cac421ef8d50ae520cf0dad53702fe38 DependenciesID=b7b0d8ee599f91a87492c2f335aece3f StaticDependenciesID=4b9c63d1c170e309c028887dd33d0ee9 
Number of updated asset objects reloaded before import = 0
Number of asset objects unloaded after import = 17
========================================================================
Received Prepare
AcceleratorClientConnectionCallback - disconnected - :0
Unloading 22 Unused Serialized files (Serialized files now loaded: 0)
Unloading 6564 unused Assets / (6.3 MB). Loaded Objects now: 7800.
Memory consumption went from 377.0 MB to 370.6 MB.
Total: 12.688900 ms (FindLiveObjects: 0.766900 ms CreateObjectMapping: 2.144700 ms MarkObjects: 6.949500 ms  DeleteObjects: 2.827400 ms)

Prepare: number of updated asset objects reloaded= 0
========================================================================
Received Import Request.
  Time of request: 2026-08-26T09:37:20.0736375Z
  Time since last request: 35.5400595 seconds.
  importAddress: GUID: ae2495b9c3a52b446b0a10f80e7393bc - Path: Assets/Scripts/Loss.cs - Importer: PreviewImporter
Importing 'GUID: ae2495b9c3a52b446b0a10f80e7393bc - Path: Assets/Scripts/Loss.cs - Importer: PreviewImporter' with importer (PreviewImporter)
Imported 'GUID: ae2495b9c3a52b446b0a10f80e7393bc' -> (Import Result ID: 'da2d5e3d7072eb05faa18f691208a9d4') in 0.002 seconds [static and dynamic dependencies]. Details - ImportResultOutputID=e4e504af349e3c4a4983142b20211475 DependenciesID=a8fd3bfb1d1ef2aef4c02a81c99b6692 StaticDependenciesID=0d897af884c2b977e6b4a24f6d94d878 
Number of updated asset objects reloaded before import = 0
Number of asset objects unloaded after import = 0
========================================================================
Received Import Request.
  Time of request: 2026-08-26T09:37:20.2791919Z
  Time since last request: 0.1944798 seconds.
  importAddress: GUID: ae2495b9c3a52b446b0a10f80e7393bc - Path: Assets/Scripts/Loss.cs - Importer: ScriptedImporter/UnityEditor.QuickSearchModule:UnityEditor.Search:ASIAI0B
Importing 'GUID: ae2495b9c3a52b446b0a10f80e7393bc - Path: Assets/Scripts/Loss.cs - Importer: ScriptedImporter/UnityEditor.QuickSearchModule:UnityEditor.Search:ASIAI0B' with importer (ScriptedImporter : UnityEditor.QuickSearchModule:UnityEditor.Search:ASIAI0B)
Imported 'GUID: ae2495b9c3a52b446b0a10f80e7393bc' -> (Import Result ID: '290f50d25de82a852a43829c6a2784ab') in 0.005 seconds [static and dynamic dependencies]. Details - ImportResultOutputID=872911fce5736f141e92392f85107409 DependenciesID=82df8874ed8bff60229f2cbc4bf29052 StaticDependenciesID=770fb41c8af0facee6b14044b62d6b97 
Number of updated asset objects reloaded before import = 0
Number of asset objects unloaded after import = 0
========================================================================
Received Prepare
AcceleratorClientConnectionCallback - disconnected - :0
[Licensing::Client] Successfully resolved entitlement details
[Licensing::Module] License group:
  Id: F4-DQYR-K32M-YQDA-VF2F-XXXX
  Product: Unity Personal
  Type: ULF
  Expiration: Unlimited
[Licensing::Module] License group:
  Id: 10171394731915-UnityPersXXXX
  Product: Unity Personal
  Type: Assigned
  Expiration: Unlimited
Begin MonoManager ReloadAssembly
Native extension for Android target not found
Native extension for UWP target not found
Native extension for WindowsStandalone target not found
[Package Manager] Failed to launch server process. Reason: Unity was launched with the -noUpm command-line argument
[Package Manager] Unable to send message (not connected to server process).
[Package Manager] Cannot connect to Unity Package Manager local server
[Package Manager] Failed to launch server process. Reason: Unity was launched with the -noUpm command-line argument
[Package Manager] Unable to send message (not connected to server process).
[Package Manager] Cannot connect to Unity Package Manager local server
ScheduleIndexationOnStartup MainProcess:False IndexOnStartup:True
Mono: successfully reloaded assembly
- Finished resetting the current domain, in  0.717 seconds
Domain Reload Profiling: 1609ms
	BeginReloadAssembly (261ms)
		DisableScriptedObjects (20ms)
		CreateAndSetChildDomain (56ms)
	RebuildCommonClasses (8ms)
	RebuildNativeTypeToScriptingClass (15ms)
	initialDomainReloadingComplete (64ms)
	LoadAllAssembliesAndSetupDomain (541ms)
		LoadAssemblies (374ms)
		AnalyzeDomain (185ms)
			TypeCache.Refresh (12ms)
			BuildScriptInfoCaches (163ms)
			ResolveRequiredComponents (8ms)
	FinalizeReload (719ms)
		SetupLoadedEditorAssemblies (0ms)
			InitializePlatformSupportModulesInManaged (10ms)
			BeforeProcessingInitializeOnLoad (96ms)
			ProcessInitializeOnLoadAttributes (279ms)
			ProcessInitializeOnLoadMethodAttributes (107ms)
		AwakeInstancesAfterBackupRestoration (23ms)
Refreshing native plugins compatible for Editor in 2.19 ms, found 4 plugins.
Unloading 22 Unused Serialized files (Serialized files now loaded: 0)
Unloading 6575 unused Assets / (6.2 MB). Loaded Objects now: 7712.
Memory consumption went from 375.7 MB to 369.5 MB.
Total: 9.596800 ms (FindLiveObjects: 0.744800 ms CreateObjectMapping: 1.779900 ms MarkObjects: 4.390900 ms  DeleteObjects: 2.680000 ms)

Prepare: number of updated asset objects reloaded= 0
========================================================================
Received Prepare
AcceleratorClientConnectionCallback - disconnected - :0
Unloading 22 Unused Serialized files (Serialized files now loaded: 0)
Unloading 6564 unused Assets / (6.1 MB). Loaded Objects now: 7712.
Memory consumption went from 378.2 MB to 372.1 MB.
Total: 11.824200 ms (FindLiveObjects: 0.845600 ms CreateObjectMapping: 2.478400 ms MarkObjects: 4.877400 ms  DeleteObjects: 3.622000 ms)

Prepare: number of updated asset objects reloaded= 0
========================================================================
Received Import Request.
  Time of request: 2026-08-26T09:38:36.6880157Z
  Time since last request: 76.3934252 seconds.
  importAddress: GUID: ae2495b9c3a52b446b0a10f80e7393bc - Path: Assets/Scripts/Loss.cs - Importer: PreviewImporter
Importing 'GUID: ae2495b9c3a52b446b0a10f80e7393bc - Path: Assets/Scripts/Loss.cs - Importer: PreviewImporter' with importer (PreviewImporter)
Imported 'GUID: ae2495b9c3a52b446b0a10f80e7393bc' -> (Import Result ID: '527c02a9a23f9ef7b7fd48695e2554c6') in 0.002 seconds [static and dynamic dependencies]. Details - ImportResultOutputID=e4e504af349e3c4a4983142b20211475 DependenciesID=bf918d19f353f6e7146ff0eb2afa8b85 StaticDependenciesID=fa1ea951b071265d8e2fdb2552f863c4 
Number of updated asset objects reloaded before import = 0
Number of asset objects unloaded after import = 0
========================================================================
Received Prepare
AcceleratorClientConnectionCallback - disconnected - :0
[Licensing::Client] Successfully resolved entitlement details
[Licensing::Module] License group:
  Id: F4-DQYR-K32M-YQDA-VF2F-XXXX
  Product: Unity Personal
  Type: ULF
  Expiration: Unlimited
[Licensing::Module] License group:
  Id: 10171394731915-UnityPersXXXX
  Product: Unity Personal
  Type: Assigned
  Expiration: Unlimited
Begin MonoManager ReloadAssembly
Native extension for Android target not found
Native extension for UWP target not found
Native extension for WindowsStandalone target not found
[Package Manager] Failed to launch server process. Reason: Unity was launched with the -noUpm command-line argument
[Package Manager] Unable to send message (not connected to server process).
[Package Manager] Cannot connect to Unity Package Manager local server
[Package Manager] Failed to launch server process. Reason: Unity was launched with the -noUpm command-line argument
[Package Manager] Unable to send message (not connected to server process).
[Package Manager] Cannot connect to Unity Package Manager local server
ScheduleIndexationOnStartup MainProcess:False IndexOnStartup:True
Mono: successfully reloaded assembly
- Finished resetting the current domain, in  0.669 seconds
Domain Reload Profiling: 1500ms
	BeginReloadAssembly (227ms)
		DisableScriptedObjects (6ms)
		CreateAndSetChildDomain (48ms)
	RebuildCommonClasses (8ms)
	RebuildNativeTypeToScriptingClass (14ms)
	initialDomainReloadingComplete (60ms)
	LoadAllAssembliesAndSetupDomain (520ms)
		LoadAssemblies (333ms)
		AnalyzeDomain (202ms)
			TypeCache.Refresh (11ms)
			BuildScriptInfoCaches (179ms)
			ResolveRequiredComponents (9ms)
	FinalizeReload (670ms)
		SetupLoadedEditorAssemblies (0ms)
			InitializePlatformSupportModulesInManaged (9ms)
			BeforeProcessingInitializeOnLoad (98ms)
			ProcessInitializeOnLoadAttributes (234ms)
			ProcessInitializeOnLoadMethodAttributes (100ms)
		AwakeInstancesAfterBackupRestoration (19ms)
Unloading 22 Unused Serialized files (Serialized files now loaded: 0)
Unloading 6575 unused Assets / (5.4 MB). Loaded Objects now: 7715.
Memory consumption went from 380.7 MB to 375.3 MB.
Total: 9.269700 ms (FindLiveObjects: 0.790600 ms CreateObjectMapping: 1.636200 ms MarkObjects: 4.378800 ms  DeleteObjects: 2.463700 ms)

Prepare: number of updated asset objects reloaded= 0
========================================================================
Received Import Request.
  Time of request: 2026-08-26T09:38:48.6710099Z
  Time since last request: 11.9700363 seconds.
  importAddress: GUID: 00000000000000003000000000000000 - Path: ProjectSettings/TagManager.asset - Importer: PreviewImporter
Importing 'GUID: 00000000000000003000000000000000 - Path: ProjectSettings/TagManager.asset - Importer: PreviewImporter' with importer (PreviewImporter)
Imported 'GUID: 00000000000000003000000000000000' -> (Import Result ID: '79a0672e3ff277261d69261d4bf0df42') in 0.020 seconds [static and dynamic dependencies]. Details - ImportResultOutputID=a9de5dacb787dcd7900ea87c9e19fd79 DependenciesID=394b4a4b0a2905d780bb25129f4b0f41 StaticDependenciesID=4a84175c6090521dd267d3021874c988 
Number of updated asset objects reloaded before import = 0
Number of asset objects unloaded after import = 0
========================================================================
Received Prepare
AcceleratorClientConnectionCallback - disconnected - :0
Begin MonoManager ReloadAssembly
Native extension for Android target not found
Native extension for UWP target not found
Native extension for WindowsStandalone target not found
[Package Manager] Failed to launch server process. Reason: Unity was launched with the -noUpm command-line argument
[Package Manager] Unable to send message (not connected to server process).
[Package Manager] Cannot connect to Unity Package Manager local server
[Package Manager] Failed to launch server process. Reason: Unity was launched with the -noUpm command-line argument
[Package Manager] Unable to send message (not connected to server process).
[Package Manager] Cannot connect to Unity Package Manager local server
ScheduleIndexationOnStartup MainProcess:False IndexOnStartup:True
Mono: successfully reloaded assembly
- Finished resetting the current domain, in  0.690 seconds
Domain Reload Profiling: 1325ms
	BeginReloadAssembly (225ms)
		DisableScriptedObjects (6ms)
		CreateAndSetChildDomain (49ms)
	RebuildCommonClasses (8ms)
	RebuildNativeTypeToScriptingClass (14ms)
	initialDomainReloadingComplete (60ms)
	LoadAllAssembliesAndSetupDomain (326ms)
		LoadAssemblies (318ms)
		AnalyzeDomain (18ms)
			TypeCache.Refresh (7ms)
			ResolveRequiredComponents (8ms)
	FinalizeReload (691ms)
		SetupLoadedEditorAssemblies (0ms)
			InitializePlatformSupportModulesInManaged (8ms)
			BeforeProcessingInitializeOnLoad (86ms)
			ProcessInitializeOnLoadAttributes (267ms)
			ProcessInitializeOnLoadMethodAttributes (119ms)
		AwakeInstancesAfterBackupRestoration (21ms)
Refreshing native plugins compatible for Editor in 2.59 ms, found 4 plugins.
Unloading 22 Unused Serialized files (Serialized files now loaded: 0)
Unloading 6576 unused Assets / (5.8 MB). Loaded Objects now: 7718.
Memory consumption went from 375.4 MB to 369.6 MB.
Total: 12.724800 ms (FindLiveObjects: 1.212800 ms CreateObjectMapping: 2.588000 ms MarkObjects: 5.644900 ms  DeleteObjects: 3.278200 ms)

Prepare: number of updated asset objects reloaded= 0
========================================================================
Received Prepare
AcceleratorClientConnectionCallback - disconnected - :0
Unloading 22 Unused Serialized files (Serialized files now loaded: 0)
Unloading 22 unused Assets / (2.6 MB). Loaded Objects now: 7718.
Memory consumption went from 373.2 MB to 370.6 MB.
Total: 6.634500 ms (FindLiveObjects: 0.474000 ms CreateObjectMapping: 0.921000 ms MarkObjects: 4.711900 ms  DeleteObjects: 0.526700 ms)

Prepare: number of updated asset objects reloaded= 0
========================================================================
Received Prepare
AcceleratorClientConnectionCallback - disconnected - :0
[Licensing::Client] Successfully resolved entitlement details
[Licensing::Module] License group:
  Id: F4-DQYR-K32M-YQDA-VF2F-XXXX
  Product: Unity Personal
  Type: ULF
  Expiration: Unlimited
[Licensing::Module] License group:
  Id: 10171394731915-UnityPersXXXX
  Product: Unity Personal
  Type: Assigned
  Expiration: Unlimited
Begin MonoManager ReloadAssembly
Native extension for Android target not found
Native extension for UWP target not found
Native extension for WindowsStandalone target not found
[Package Manager] Failed to launch server process. Reason: Unity was launched with the -noUpm command-line argument
[Package Manager] Unable to send message (not connected to server process).
[Package Manager] Cannot connect to Unity Package Manager local server
[Package Manager] Failed to launch server process. Reason: Unity was launched with the -noUpm command-line argument
[Package Manager] Unable to send message (not connected to server process).
[Package Manager] Cannot connect to Unity Package Manager local server
ScheduleIndexationOnStartup MainProcess:False IndexOnStartup:True
Mono: successfully reloaded assembly
- Finished resetting the current domain, in  0.687 seconds
Domain Reload Profiling: 1344ms
	BeginReloadAssembly (239ms)
		DisableScriptedObjects (7ms)
		CreateAndSetChildDomain (50ms)
	RebuildCommonClasses (8ms)
	RebuildNativeTypeToScriptingClass (14ms)
	initialDomainReloadingComplete (61ms)
	LoadAllAssembliesAndSetupDomain (334ms)
		LoadAssemblies (324ms)
		AnalyzeDomain (19ms)
			TypeCache.Refresh (7ms)
			ResolveRequiredComponents (7ms)
	FinalizeReload (688ms)
		SetupLoadedEditorAssemblies (0ms)
			InitializePlatformSupportModulesInManaged (8ms)
			BeforeProcessingInitializeOnLoad (88ms)
			ProcessInitializeOnLoadAttributes (255ms)
			ProcessInitializeOnLoadMethodAttributes (116ms)
		AwakeInstancesAfterBackupRestoration (19ms)
Unloading 22 Unused Serialized files (Serialized files now loaded: 0)
Unloading 6575 unused Assets / (5.7 MB). Loaded Objects now: 7721.
Memory consumption went from 380.6 MB to 374.9 MB.
Total: 10.966100 ms (FindLiveObjects: 0.995200 ms CreateObjectMapping: 2.352400 ms MarkObjects: 4.873800 ms  DeleteObjects: 2.743700 ms)

Prepare: number of updated asset objects reloaded= 0
========================================================================
Received Import Request.
  Time of request: 2026-08-26T09:42:14.4001253Z
  Time since last request: 205.70125630000001 seconds.
  importAddress: GUID: ae2495b9c3a52b446b0a10f80e7393bc - Path: Assets/Scripts/Loss.cs - Importer: ScriptedImporter/UnityEditor.QuickSearchModule:UnityEditor.Search:ASIAI0B
Importing 'GUID: ae2495b9c3a52b446b0a10f80e7393bc - Path: Assets/Scripts/Loss.cs - Importer: ScriptedImporter/UnityEditor.QuickSearchModule:UnityEditor.Search:ASIAI0B' with importer (ScriptedImporter : UnityEditor.QuickSearchModule:UnityEditor.Search:ASIAI0B)
Imported 'GUID: ae2495b9c3a52b446b0a10f80e7393bc' -> (Import Result ID: '67d4054e77164dd41fd1e1d5569fb7b7') in 0.066 seconds [static and dynamic dependencies]. Details - ImportResultOutputID=1bbb3f193f1d70c29edfa4058ae84caa DependenciesID=915ee5843909a6d67183430b75a727b3 StaticDependenciesID=90e88d68eb279aecf280053bc1d68908 
Number of updated asset objects reloaded before import = 0
Number of asset objects unloaded after import = 0
========================================================================
Received Prepare
AcceleratorClientConnectionCallback - disconnected - :0
Unloading 22 Unused Serialized files (Serialized files now loaded: 0)
Unloading 6565 unused Assets / (6.3 MB). Loaded Objects now: 7722.
Memory consumption went from 383.6 MB to 377.3 MB.
Total: 10.994300 ms (FindLiveObjects: 0.860900 ms CreateObjectMapping: 2.378500 ms MarkObjects: 4.709500 ms  DeleteObjects: 3.044500 ms)

Prepare: number of updated asset objects reloaded= 0
========================================================================
Received Import Request.
  Time of request: 2026-08-26T09:42:16.2213905Z
  Time since last request: 1.7463892 seconds.
  importAddress: GUID: c6a7fe646be475146b1e812af13242a3 - Path: Assets/Scripts/Win.cs - Importer: PreviewImporter
Importing 'GUID: c6a7fe646be475146b1e812af13242a3 - Path: Assets/Scripts/Win.cs - Importer: PreviewImporter' with importer (PreviewImporter)
Imported 'GUID: c6a7fe646be475146b1e812af13242a3' -> (Import Result ID: '2c279dfea79bccc9d3bbd57674956dc7') in 0.004 seconds [static and dynamic dependencies]. Details - ImportResultOutputID=790cf9ec6224136fe3b786dc75a14a3d DependenciesID=b691f7fcfdb196e340f884309459a9c5 StaticDependenciesID=3ce3e9ffb5dab01362576a6a068ead1b 
Number of updated asset objects reloaded before import = 0
Number of asset objects unloaded after import = 0
========================================================================
Received Import Request.
  Time of request: 2026-08-26T09:42:16.8189464Z
  Time since last request: 0.5836026 seconds.
  importAddress: GUID: c6a7fe646be475146b1e812af13242a3 - Path: Assets/Scripts/Win.cs - Importer: ScriptedImporter/UnityEditor.QuickSearchModule:UnityEditor.Search:ASIAI0B
Importing 'GUID: c6a7fe646be475146b1e812af13242a3 - Path: Assets/Scripts/Win.cs - Importer: ScriptedImporter/UnityEditor.QuickSearchModule:UnityEditor.Search:ASIAI0B' with importer (ScriptedImporter : UnityEditor.QuickSearchModule:UnityEditor.Search:ASIAI0B)
Imported 'GUID: c6a7fe646be475146b1e812af13242a3' -> (Import Result ID: 'fd460adbd3bdb552f497b0c873c0396b') in 0.005 seconds [static and dynamic dependencies]. Details - ImportResultOutputID=d8d3fe06f04f404d660facbd87fe1c24 DependenciesID=80f05e2212d1cb7b169ca5fa4fed5467 StaticDependenciesID=53ecc1c2b4fa3bf87a377ead0cc66785 
Number of updated asset objects reloaded before import = 0
Number of asset objects unloaded after import = 0
========================================================================
Received Prepare
AcceleratorClientConnectionCallback - disconnected - :0
Begin MonoManager ReloadAssembly
Native extension for Android target not found
Native extension for UWP target not found
Native extension for WindowsStandalone target not found
[Package Manager] Failed to launch server process. Reason: Unity was launched with the -noUpm command-line argument
[Package Manager] Unable to send message (not connected to server process).
[Package Manager] Cannot connect to Unity Package Manager local server
[Package Manager] Failed to launch server process. Reason: Unity was launched with the -noUpm command-line argument
[Package Manager] Unable to send message (not connected to server process).
[Package Manager] Cannot connect to Unity Package Manager local server
ScheduleIndexationOnStartup MainProcess:False IndexOnStartup:True
Mono: successfully reloaded assembly
- Finished resetting the current domain, in  0.748 seconds
Domain Reload Profiling: 1572ms
	BeginReloadAssembly (226ms)
		DisableScriptedObjects (6ms)
		CreateAndSetChildDomain (49ms)
	RebuildCommonClasses (8ms)
	RebuildNativeTypeToScriptingClass (15ms)
	initialDomainReloadingComplete (66ms)
	LoadAllAssembliesAndSetupDomain (508ms)
		LoadAssemblies (317ms)
		AnalyzeDomain (192ms)
			TypeCache.Refresh (9ms)
			BuildScriptInfoCaches (169ms)
			ResolveRequiredComponents (10ms)
	FinalizeReload (749ms)
		SetupLoadedEditorAssemblies (0ms)
			InitializePlatformSupportModulesInManaged (9ms)
			BeforeProcessingInitializeOnLoad (97ms)
			ProcessInitializeOnLoadAttributes (290ms)
			ProcessInitializeOnLoadMethodAttributes (132ms)
		AwakeInstancesAfterBackupRestoration (22ms)
Refreshing native plugins compatible for Editor in 2.09 ms, found 4 plugins.
Unloading 22 Unused Serialized files (Serialized files now loaded: 0)
Unloading 6576 unused Assets / (5.5 MB). Loaded Objects now: 7725.
Memory consumption went from 376.5 MB to 371.1 MB.
Total: 15.204500 ms (FindLiveObjects: 1.294800 ms CreateObjectMapping: 3.237300 ms MarkObjects: 6.805500 ms  DeleteObjects: 3.866400 ms)

Prepare: number of updated asset objects reloaded= 0
========================================================================
Received Import Request.
  Time of request: 2026-08-26T09:42:24.2554163Z
  Time since last request: 7.422342 seconds.
  importAddress: GUID: c6a7fe646be475146b1e812af13242a3 - Path: Assets/Scripts/Win.cs - Importer: PreviewImporter
Importing 'GUID: c6a7fe646be475146b1e812af13242a3 - Path: Assets/Scripts/Win.cs - Importer: PreviewImporter' with importer (PreviewImporter)
Imported 'GUID: c6a7fe646be475146b1e812af13242a3' -> (Import Result ID: '2008ef4b8cab0fb0c60d946d0f303e14') in 0.001 seconds [static and dynamic dependencies]. Details - ImportResultOutputID=790cf9ec6224136fe3b786dc75a14a3d DependenciesID=e1f60d83307235a635664f467bf3670b StaticDependenciesID=3ce3e9ffb5dab01362576a6a068ead1b 
Number of updated asset objects reloaded before import = 0
Number of asset objects unloaded after import = 0
========================================================================
Received Prepare
AcceleratorClientConnectionCallback - disconnected - :0
Refreshing native plugins compatible for Editor in 2.00 ms, found 4 plugins.
Unloading 22 Unused Serialized files (Serialized files now loaded: 0)
Unloading 6565 unused Assets / (6.6 MB). Loaded Objects now: 7725.
Memory consumption went from 379.3 MB to 372.6 MB.
Total: 12.892200 ms (FindLiveObjects: 0.910400 ms CreateObjectMapping: 2.627700 ms MarkObjects: 5.618000 ms  DeleteObjects: 3.735200 ms)

Prepare: number of updated asset objects reloaded= 0
========================================================================
Received Prepare
AcceleratorClientConnectionCallback - disconnected - :0
[Licensing::Client] Successfully resolved entitlement details
[Licensing::Module] License group:
  Id: F4-DQYR-K32M-YQDA-VF2F-XXXX
  Product: Unity Personal
  Type: ULF
  Expiration: Unlimited
[Licensing::Module] License group:
  Id: 10171394731915-UnityPersXXXX
  Product: Unity Personal
  Type: Assigned
  Expiration: Unlimited
Begin MonoManager ReloadAssembly
Native extension for Android target not found
Native extension for UWP target not found
Native extension for WindowsStandalone target not found
[Package Manager] Failed to launch server process. Reason: Unity was launched with the -noUpm command-line argument
[Package Manager] Unable to send message (not connected to server process).
[Package Manager] Cannot connect to Unity Package Manager local server
[Package Manager] Failed to launch server process. Reason: Unity was launched with the -noUpm command-line argument
[Package Manager] Unable to send message (not connected to server process).
[Package Manager] Cannot connect to Unity Package Manager local server
ScheduleIndexationOnStartup MainProcess:False IndexOnStartup:True
Mono: successfully reloaded assembly
- Finished resetting the current domain, in  0.669 seconds
Domain Reload Profiling: 1481ms
	BeginReloadAssembly (232ms)
		DisableScriptedObjects (5ms)
		CreateAndSetChildDomain (50ms)
	RebuildCommonClasses (9ms)
	RebuildNativeTypeToScriptingClass (15ms)
	initialDomainReloadingComplete (61ms)
	LoadAllAssembliesAndSetupDomain (494ms)
		LoadAssemblies (325ms)
		AnalyzeDomain (182ms)
			TypeCache.Refresh (11ms)
			BuildScriptInfoCaches (162ms)
			ResolveRequiredComponents (7ms)
	FinalizeReload (670ms)
		SetupLoadedEditorAssemblies (0ms)
			InitializePlatformSupportModulesInManaged (8ms)
			BeforeProcessingInitializeOnLoad (100ms)
			ProcessInitializeOnLoadAttributes (242ms)
			ProcessInitializeOnLoadMethodAttributes (99ms)
		AwakeInstancesAfterBackupRestoration (18ms)
Unloading 22 Unused Serialized files (Serialized files now loaded: 0)
Unloading 6576 unused Assets / (6.0 MB). Loaded Objects now: 7728.
Memory consumption went from 383.2 MB to 377.2 MB.
Total: 10.689200 ms (FindLiveObjects: 0.783400 ms CreateObjectMapping: 2.170600 ms MarkObjects: 5.155200 ms  DeleteObjects: 2.579500 ms)

Prepare: number of updated asset objects reloaded= 0
========================================================================
Received Prepare
AcceleratorClientConnectionCallback - disconnected - :0
Unloading 22 Unused Serialized files (Serialized files now loaded: 0)
Unloading 22 unused Assets / (2.6 MB). Loaded Objects now: 7728.
Memory consumption went from 381.0 MB to 378.4 MB.
Total: 7.268000 ms (FindLiveObjects: 0.489600 ms CreateObjectMapping: 1.034500 ms MarkObjects: 5.132300 ms  DeleteObjects: 0.611200 ms)

Prepare: number of updated asset objects reloaded= 0
========================================================================
Received Prepare
AcceleratorClientConnectionCallback - disconnected - :0
Begin MonoManager ReloadAssembly
Native extension for Android target not found
Native extension for UWP target not found
Native extension for WindowsStandalone target not found
[Package Manager] Failed to launch server process. Reason: Unity was launched with the -noUpm command-line argument
[Package Manager] Unable to send message (not connected to server process).
[Package Manager] Cannot connect to Unity Package Manager local server
[Package Manager] Failed to launch server process. Reason: Unity was launched with the -noUpm command-line argument
[Package Manager] Unable to send message (not connected to server process).
[Package Manager] Cannot connect to Unity Package Manager local server
ScheduleIndexationOnStartup MainProcess:False IndexOnStartup:True
Mono: successfully reloaded assembly
- Finished resetting the current domain, in  0.645 seconds
Domain Reload Profiling: 1285ms
	BeginReloadAssembly (231ms)
		DisableScriptedObjects (5ms)
		CreateAndSetChildDomain (51ms)
	RebuildCommonClasses (10ms)
	RebuildNativeTypeToScriptingClass (15ms)
	initialDomainReloadingComplete (58ms)
	LoadAllAssembliesAndSetupDomain (326ms)
		LoadAssemblies (322ms)
		AnalyzeDomain (19ms)
			TypeCache.Refresh (8ms)
			ResolveRequiredComponents (7ms)
	FinalizeReload (646ms)
		SetupLoadedEditorAssemblies (0ms)
			InitializePlatformSupportModulesInManaged (8ms)
			BeforeProcessingInitializeOnLoad (80ms)
			ProcessInitializeOnLoadAttributes (243ms)
			ProcessInitializeOnLoadMethodAttributes (111ms)
		AwakeInstancesAfterBackupRestoration (20ms)
Unloading 22 Unused Serialized files (Serialized files now loaded: 0)
Unloading 6576 unused Assets / (5.6 MB). Loaded Objects now: 7731.
Memory consumption went from 388.7 MB to 383.1 MB.
Total: 9.404300 ms (FindLiveObjects: 0.859600 ms CreateObjectMapping: 1.688700 ms MarkObjects: 4.568500 ms  DeleteObjects: 2.287100 ms)

Prepare: number of updated asset objects reloaded= 0
========================================================================
Received Prepare
AcceleratorClientConnectionCallback - disconnected - :0
Unloading 22 Unused Serialized files (Serialized files now loaded: 0)
Unloading 22 unused Assets / (2.6 MB). Loaded Objects now: 7731.
Memory consumption went from 386.6 MB to 384.0 MB.
Total: 6.339200 ms (FindLiveObjects: 0.737000 ms CreateObjectMapping: 0.699300 ms MarkObjects: 4.403200 ms  DeleteObjects: 0.499200 ms)

Prepare: number of updated asset objects reloaded= 0
Editor requested this worker to shutdown with reason: Editor is closing down
AcceleratorClientConnectionCallback - disconnected - :0
AssetImportWorker is now disconnected from the server
Process exiting
Exiting without the bug reporter. Application will terminate with return code 0