[Licensing::Module] Trying to connect to existing licensing client channel...
Built from '6000.5/staging' branch; Version is '6000.5.4f1 (d550df8bd089) revision 13979871'; Using compiler version '194234433'; Build Type 'Release'
[Licensing::IpcConnector] Successfully connected to: "LicenseClient-vany" at "2026-09-05T10:11:02.3915437Z"
OS: 'Windows 11  (10.0.26200) Professional' Language: 'ru' Physical Memory: 16108 MB
BatchMode: 1, IsHumanControllingUs: 0, StartBugReporterOnCrash: 0, Is64bit: 1
System  architecture: x64
Process architecture: x64
Date: 2026-09-05T10:11:02Z

COMMAND LINE ARGUMENTS:
D:\UNITY\Installs\6000.5.4f1\Editor\Unity.exe
-adb2
-batchMode
-noUpm
-name
AssetImportWorkerHW4
-projectPath
D:/UNITY/MyProjects/racing-sim-low-poly/RacingSim
-logFile
Logs/AssetImportWorkerHW4.log
-srvPort
25971
-parentPid
16988
-analyticsCloudUserId
10171394731915
-analyticsLocalProjectId
761e7e679cf607248b93b98558fc3d2b
-licensingIpc
LicenseClient-vany
-noDiagnosticSwitchPersistentStore
-job-worker-count
5
-background-job-worker-count
8
-asset-garbage-collectors
1
-force-d3d12
-name
AssetImport
Successfully changed project path to: D:/UNITY/MyProjects/racing-sim-low-poly/RacingSim
D:/UNITY/MyProjects/racing-sim-low-poly/RacingSim
[UnityMemory] Configuration Parameters - Can be set up in boot.config
    "memorysetup-temp-allocator-size-gi-baking-worker=262144"
    "memorysetup-temp-allocator-size-gi-baking-worker=262144"
    "memorysetup-temp-allocator-size-gi-baking-worker=262144"
    "memorysetup-temp-allocator-size-gi-baking-worker=262144"
    "memorysetup-temp-allocator-size-gi-baking-worker=262144"
    "memorysetup-temp-allocator-size-nav-mesh-worker=65536"
    "memorysetup-temp-allocator-size-audio-worker=65536"
    "memorysetup-temp-allocator-size-cloud-worker=32768"
    "memorysetup-temp-allocator-size-gfx=262144"
    "memorysetup-temp-allocator-size-preload-manager=33554432"
    "memorysetup-allocator-temp-initial-block-size-main=262144"
    "memorysetup-allocator-temp-initial-block-size-worker=262144"
    "memorysetup-temp-allocator-size-job-worker=262144"
    "memorysetup-temp-allocator-size-background-worker=32768"
    "memorysetup-bucket-allocator-granularity=16"
    "memorysetup-bucket-allocator-bucket-count=8"
    "memorysetup-bucket-allocator-block-size=33554432"
    "memorysetup-bucket-allocator-block-count=8"
    "memorysetup-main-allocator-block-size=16777216"
    "memorysetup-thread-allocator-block-size=16777216"
    "memorysetup-main-allocator-mimalloc-enabled=0"
    "memorysetup-gfx-main-allocator-block-size=16777216"
    "memorysetup-gfx-thread-allocator-block-size=16777216"
    "memorysetup-cache-allocator-block-size=4194304"
    "memorysetup-typetree-allocator-block-size=2097152"
    "memorysetup-profiler-bucket-allocator-granularity=16"
    "memorysetup-profiler-bucket-allocator-bucket-count=8"
    "memorysetup-profiler-bucket-allocator-block-size=33554432"
    "memorysetup-profiler-bucket-allocator-block-count=8"
    "memorysetup-profiler-allocator-block-size=16777216"
    "memorysetup-profiler-editor-allocator-block-size=1048576"
    "memorysetup-temp-allocator-size-main=16777216"
    "memorysetup-job-temp-allocator-block-size=2097152"
    "memorysetup-job-temp-allocator-block-size-background=1048576"
    "memorysetup-job-temp-allocator-reduction-small-platforms=262144"
Player connection [12316]  Target information:

Player connection [12316]  * "[IP] 172.22.131.175 [Port] 0 [Flags] 2 [Guid] 681525803 [EditorId] 681525803 [Version] 1048832 [Id] WindowsEditor(7,DESKTOP-IE2K1EE) [Debug] 1 [PackageName] WindowsEditor [ProjectName] Editor" 

Player connection [12316] Host joined multi-casting on [225.0.0.222:54997]...
Player connection [12316] Host joined alternative multi-casting on [225.0.0.222:34997]...
JobSystem: Creating JobQueue using job-worker-count value 5
Input System module state changed to: Initialized.
[Physics::Module] Initialized fallback backend.
[Physics::Module] Id: 0xdecafbad
Library Redirect Path: Library/
[Physics::Module] Selected backend.
[Physics::Module] Name: PhysX
[Physics::Module] Id: 0xf2b8ea05
[Physics::Module] SDK Version: 4.1.2
[Physics::Module] Integration Version: 1.0.0
[Physics::Module] Threading Mode: Multi-Threaded
Refreshing native plugins compatible for Editor in 5.44 ms, found 4 plugins.
Initialize engine version: 6000.5.4f1 (d550df8bd089)
[Subsystems] Discovering subsystems at path D:/UNITY/Installs/6000.5.4f1/Editor/Data/Resources/UnitySubsystems
[Subsystems] Discovering subsystems at path D:/UNITY/MyProjects/racing-sim-low-poly/RacingSim/Assets
Forcing GfxDevice: Direct3D 12
GfxDevice: creating device client; kGfxThreadingModeNonThreaded
d3d12: failed to query info queue interface (0x80004002).
Direct3D:
    Version:         Direct3D 12 [level 12.1]
    Renderer:        Intel(R) UHD Graphics (ID=0xa7a8)
    Vendor:          Intel
    VRAM:            8054 MB
    App VRAM Budget: 7395 MB
    Driver:          31.0.101.4146
    Unified Memory Architecture
    Cache Coherent UMA
Initialize mono
Mono path[0] = 'D:/UNITY/Installs/6000.5.4f1/Editor/Data/Managed'
Mono path[1] = 'D:/UNITY/Installs/6000.5.4f1/Editor/Data/BCLExtensions/runtime/netstandard2.1'
Mono path[2] = 'D:/UNITY/Installs/6000.5.4f1/Editor/Data/MonoBleedingEdge/lib/mono/unityjit-win32'
Mono config path = 'D:/UNITY/Installs/6000.5.4f1/Editor/Data/MonoBleedingEdge/etc'
Using monoOptions --debugger-agent=transport=dt_socket,embedding=1,server=y,suspend=n,address=127.0.0.1:56600
CodeReloadManager initialized
Begin MonoManager ReloadAssembly
Registering precompiled unity dll's ...
Register platform support module: D:/UNITY/Installs/6000.5.4f1/Editor/Data/PlaybackEngines/WindowsStandaloneSupport/UnityEditor.WindowsStandalone.Extensions.dll
[Licensing::Module] Licensing is not yet initialized.
[Licensing::Client] Error: HandshakeResponse reported an error:
	ResponseCode: 505
	ResponseStatus: Unsupported protocol version '1.18.1'.
[Licensing::Module] Error: Failed to handshake to channel: "LicenseClient-vany"
[Licensing::IpcConnector] LicenseClient-vany channel disconnected successfully.
[Licensing::IpcConnector] Successfully connected to: "LicenseClient-vany-6000.5.4" at "2026-09-05T10:11:19.6927156Z"
[Licensing::Client] Code 10 while verifying Licensing Client signature (process Id: 14584, path: "D:/UNITY/Installs/6000.5.4f1/Editor/Data/Resources/Licensing/Client/Unity.Licensing.Client.exe")
[Licensing::Module] LicensingClient has failed validation; ignoring
[Licensing::Client] Handshaking with LicensingClient:
  Version:                 1.18.1+9fbee8e
  Session Id:              76d5f81431de413e80d4d593e1206139
  Correlation Id:          ebd87833a23bda9af7e23f8ca2d36e23
  External correlation Id: 1496309656251309396
  Machine Id:              +LmYPC+2oN3U6DFsdUHdOP1mlqY=
[Licensing::Module] Successfully connected to LicensingClient on channel: "LicenseClient-vany-6000.5.4" (connect: 0.00s, validation: 0.00s, handshake: 0.02s)
[Licensing::IpcConnector] Successfully connected to: "LicenseClient-vany-6000.5.4-notifications" at "2026-09-05T10:11:19.7150379Z"
[Licensing::Module] Licensing Background thread has ended after 17.32s
[Licensing::Module] Licensing is initialized (took 16.06s).
[Licensing::Client] Successfully resolved entitlement details
[Licensing::Module] License group:
  Id: 10171394731915-UnityPersXXXX
  Product: Unity Personal
  Type: Assigned
  Expiration: Unlimited
Register platform support module: D:/UNITY/Installs/6000.5.4f1/Editor/Data/PlaybackEngines/MetroSupport/UnityEditor.UWP.Extensions.dll
[Licensing::Client] Successfully resolved entitlement details
Register platform support module: D:/UNITY/Installs/6000.5.4f1/Editor/Data/PlaybackEngines/AndroidPlayer/UnityEditor.Android.Extensions.dll
Registered in 16.072435 seconds.
Native extension for Android target not found
Native extension for UWP target not found
Native extension for WindowsStandalone target not found
Package Manager log level set to [2]
[Package Manager] Failed to launch server process. Reason: Unity was launched with the -noUpm command-line argument
[Package Manager] Unable to send message (not connected to server process).
[Package Manager] Cannot connect to Unity Package Manager local server
ScheduleIndexationOnStartup MainProcess:False IndexOnStartup:True
Mono: successfully reloaded assembly
- Finished resetting the current domain, in  0.895 seconds
Domain Reload Profiling: 18230ms
	BeginReloadAssembly (280ms)
	RebuildCommonClasses (10ms)
	RebuildNativeTypeToScriptingClass (30ms)
	initialDomainReloadingComplete (16261ms)
	LoadAllAssembliesAndSetupDomain (748ms)
		LoadAssemblies (278ms)
		AnalyzeDomain (547ms)
			TypeCache.Refresh (543ms)
				TypeCache.ScanAssembly (509ms)
	FinalizeReload (900ms)
		SetupLoadedEditorAssemblies (0ms)
			InitializePlatformSupportModulesInManaged (22ms)
			BeforeProcessingInitializeOnLoad (250ms)
			ProcessInitializeOnLoadAttributes (244ms)
			ProcessInitializeOnLoadMethodAttributes (192ms)
Initializing Unity extensions:
[Licensing::Client] Successfully resolved entitlement details
========================================================================
Worker process is ready to serve import requests
Import Worker Mode flag is 0x00
Begin MonoManager ReloadAssembly
Native extension for Android target not found
Native extension for UWP target not found
Native extension for WindowsStandalone target not found
[Package Manager] Failed to launch server process. Reason: Unity was launched with the -noUpm command-line argument
[Package Manager] Unable to send message (not connected to server process).
[Package Manager] Cannot connect to Unity Package Manager local server
[Package Manager] Failed to launch server process. Reason: Unity was launched with the -noUpm command-line argument
[Package Manager] Unable to send message (not connected to server process).
[Package Manager] Cannot connect to Unity Package Manager local server
ScheduleIndexationOnStartup MainProcess:False IndexOnStartup:True
Mono: successfully reloaded assembly
- Finished resetting the current domain, in  0.643 seconds
Domain Reload Profiling: 2285ms
	BeginReloadAssembly (516ms)
		DisableScriptedObjects (18ms)
		CreateAndSetChildDomain (75ms)
	RebuildCommonClasses (19ms)
	RebuildNativeTypeToScriptingClass (40ms)
	initialDomainReloadingComplete (172ms)
	LoadAllAssembliesAndSetupDomain (893ms)
		LoadAssemblies (783ms)
		AnalyzeDomain (263ms)
			TypeCache.Refresh (186ms)
				TypeCache.ScanAssembly (167ms)
			BuildScriptInfoCaches (68ms)
			ResolveRequiredComponents (7ms)
	FinalizeReload (644ms)
		SetupLoadedEditorAssemblies (0ms)
			InitializePlatformSupportModulesInManaged (8ms)
			BeforeProcessingInitializeOnLoad (79ms)
			ProcessInitializeOnLoadAttributes (252ms)
			ProcessInitializeOnLoadMethodAttributes (103ms)
AcceleratorClientConnectionCallback - disconnected - :0
Launched and connected shader compiler UnityShaderCompiler.exe after 0.02 seconds
Unloading 22 Unused Serialized files (Serialized files now loaded: 0)
Curl error 3: URL rejected: Malformed input to a URL function
Unloading 6583 unused Assets / (5.8 MB). Loaded Objects now: 7426.
Memory consumption went from 321.9 MB to 316.0 MB.
Total: 9.098900 ms (FindLiveObjects: 0.660700 ms CreateObjectMapping: 2.285000 ms MarkObjects: 3.820600 ms  DeleteObjects: 2.330300 ms)

========================================================================
Received Prepare
AcceleratorClientConnectionCallback - disconnected - :0
[Licensing::Client] Successfully resolved entitlement details
Begin MonoManager ReloadAssembly
Native extension for Android target not found
Native extension for UWP target not found
Native extension for WindowsStandalone target not found
[Package Manager] Failed to launch server process. Reason: Unity was launched with the -noUpm command-line argument
[Package Manager] Unable to send message (not connected to server process).
[Package Manager] Cannot connect to Unity Package Manager local server
[Package Manager] Failed to launch server process. Reason: Unity was launched with the -noUpm command-line argument
[Package Manager] Unable to send message (not connected to server process).
[Package Manager] Cannot connect to Unity Package Manager local server
ScheduleIndexationOnStartup MainProcess:False IndexOnStartup:True
Mono: successfully reloaded assembly
- Finished resetting the current domain, in  0.670 seconds
Domain Reload Profiling: 1209ms
	BeginReloadAssembly (181ms)
		DisableScriptedObjects (5ms)
		CreateAndSetChildDomain (41ms)
	RebuildCommonClasses (8ms)
	RebuildNativeTypeToScriptingClass (13ms)
	initialDomainReloadingComplete (51ms)
	LoadAllAssembliesAndSetupDomain (286ms)
		LoadAssemblies (260ms)
		AnalyzeDomain (18ms)
			TypeCache.Refresh (7ms)
			ResolveRequiredComponents (7ms)
	FinalizeReload (670ms)
		SetupLoadedEditorAssemblies (0ms)
			InitializePlatformSupportModulesInManaged (7ms)
			BeforeProcessingInitializeOnLoad (82ms)
			ProcessInitializeOnLoadAttributes (228ms)
			ProcessInitializeOnLoadMethodAttributes (107ms)
		AwakeInstancesAfterBackupRestoration (13ms)
Unloading 22 Unused Serialized files (Serialized files now loaded: 0)
Unloading 6579 unused Assets / (5.3 MB). Loaded Objects now: 7470.
Memory consumption went from 320.5 MB to 315.2 MB.
Total: 8.764000 ms (FindLiveObjects: 0.484800 ms CreateObjectMapping: 1.412000 ms MarkObjects: 4.033700 ms  DeleteObjects: 2.831900 ms)

Prepare: number of updated asset objects reloaded= 0
========================================================================
Received Import Request.
  Time of request: 2026-09-05T10:14:37.8018384Z
  Time since last request: 247604.61115429998608 seconds.
  importAddress: GUID: 153fa9138019fcc44a09720d23956c6d - Path: Assets/_Heathen Engineering/Assets/UX/Icons/Flat Icons [Free]/Free Flat Gradient Horizontal (Right) Icon.png - Importer: PreviewImporter
Importing 'GUID: 153fa9138019fcc44a09720d23956c6d - Path: Assets/_Heathen Engineering/Assets/UX/Icons/Flat Icons [Free]/Free Flat Gradient Horizontal (Right) Icon.png - Importer: PreviewImporter' with importer (PreviewImporter)
[Licensing::Client] Successfully resolved entitlement details
[Licensing::Client] Successfully resolved entitlement details
Imported 'GUID: 153fa9138019fcc44a09720d23956c6d' -> (Import Result ID: '1eda87aeb640f9ff4e239ffdb5e25ede') in 0.142 seconds [static and dynamic dependencies]. Details - ImportResultOutputID=0802f2d7e40f154ae9011e3dd4fcd7e5 DependenciesID=e2f200368f95e7dd54a9beffe3150c3b StaticDependenciesID=7f6b3efc878cbc55d2ac5dd2ba4f3487 
Number of updated asset objects reloaded before import = 0
Number of asset objects unloaded after import = 3
========================================================================
Received Import Request.
  Time of request: 2026-09-05T10:14:37.9641489Z
  Time since last request: 0.0000359 seconds.
  importAddress: GUID: 946f65581e11fc94c83c26309552581f - Path: Assets/_Heathen Engineering/Assets/UX/Icons/Flat Icons [Free]/Free Flat Hat Solid ESW Icon.png - Importer: PreviewImporter
Importing 'GUID: 946f65581e11fc94c83c26309552581f - Path: Assets/_Heathen Engineering/Assets/UX/Icons/Flat Icons [Free]/Free Flat Hat Solid ESW Icon.png - Importer: PreviewImporter' with importer (PreviewImporter)
Imported 'GUID: 946f65581e11fc94c83c26309552581f' -> (Import Result ID: 'b1c55b030b32344f4152fe42aada1edf') in 0.014 seconds [static and dynamic dependencies]. Details - ImportResultOutputID=9c3aca4e80922560ab89d007467cd2f8 DependenciesID=c299f56350a5b032dcd43536e8c32e54 StaticDependenciesID=88d8aba8266a48cfa770ebba45deb00c 
Number of updated asset objects reloaded before import = 0
Number of asset objects unloaded after import = 3
========================================================================
Received Import Request.
  Time of request: 2026-09-05T10:14:37.9914993Z
  Time since last request: 0.000344 seconds.
  importAddress: GUID: 1fa55995552a1ad4d8fb1977d1dc135f - Path: Assets/_Heathen Engineering/Assets/UX/Icons/Flat Icons [Free]/Free Flat Gradient Vertical (Middle) Icon.png - Importer: PreviewImporter
Importing 'GUID: 1fa55995552a1ad4d8fb1977d1dc135f - Path: Assets/_Heathen Engineering/Assets/UX/Icons/Flat Icons [Free]/Free Flat Gradient Vertical (Middle) Icon.png - Importer: PreviewImporter' with importer (PreviewImporter)
Imported 'GUID: 1fa55995552a1ad4d8fb1977d1dc135f' -> (Import Result ID: '62c0960b35daa996790bf0cff26c2e13') in 0.011 seconds [static and dynamic dependencies]. Details - ImportResultOutputID=00fea25ca39d29d813275690b2d912c7 DependenciesID=34daefc294c84acadd9f56cbc9c8efa4 StaticDependenciesID=874ad3a789c5b01ab9af873f97a1b21e 
Number of updated asset objects reloaded before import = 0
Number of asset objects unloaded after import = 3
========================================================================
Received Import Request.
  Time of request: 2026-09-05T10:14:38.2531044Z
  Time since last request: 0.236098 seconds.
  importAddress: GUID: 5e15ac1f91a3248428bfeb5aacfea078 - Path: Assets/_Heathen Engineering/Assets/UX/Icons/Flat Icons [Free]/Free Flat Hat Solid EW Icon.png - Importer: PreviewImporter
Importing 'GUID: 5e15ac1f91a3248428bfeb5aacfea078 - Path: Assets/_Heathen Engineering/Assets/UX/Icons/Flat Icons [Free]/Free Flat Hat Solid EW Icon.png - Importer: PreviewImporter' with importer (PreviewImporter)
Imported 'GUID: 5e15ac1f91a3248428bfeb5aacfea078' -> (Import Result ID: 'de331559f9ce32c55dc3ea8c160faa8c') in 0.015 seconds [static and dynamic dependencies]. Details - ImportResultOutputID=bd8e89f76aacc13f15014a13d2cf3269 DependenciesID=b3cd58d10a9b020256be4dee1b1b37a6 StaticDependenciesID=dcec3e9e28a51c1acc6ad77efb4b43fa 
Number of updated asset objects reloaded before import = 0
Number of asset objects unloaded after import = 3
========================================================================
Received Import Request.
  Time of request: 2026-09-05T10:14:38.2873893Z
  Time since last request: 0.00212 seconds.
  importAddress: GUID: 8803f9c70b4f1a044b4dc06ddf9c1ddd - Path: Assets/_Heathen Engineering/Assets/UX/Icons/Flat Icons [Free]/Free Flat Hat Solid NE Icon.png - Importer: PreviewImporter
Importing 'GUID: 8803f9c70b4f1a044b4dc06ddf9c1ddd - Path: Assets/_Heathen Engineering/Assets/UX/Icons/Flat Icons [Free]/Free Flat Hat Solid NE Icon.png - Importer: PreviewImporter' with importer (PreviewImporter)
Imported 'GUID: 8803f9c70b4f1a044b4dc06ddf9c1ddd' -> (Import Result ID: 'ad3ceafbb49cd5525329dc243eed1c74') in 0.020 seconds [static and dynamic dependencies]. Details - ImportResultOutputID=4db58d10118d29e131fa9fdb473a3331 DependenciesID=1c21cbfcd904e1c36d341231c46898c8 StaticDependenciesID=61e3b2d5b1f626eb11ceb4bd632e344b 
Number of updated asset objects reloaded before import = 0
Number of asset objects unloaded after import = 3
========================================================================
Received Import Request.
  Time of request: 2026-09-05T10:14:38.3230139Z
  Time since last request: 0.0004709 seconds.
  importAddress: GUID: 5765d0c2d64a33040af9c54787ad7418 - Path: Assets/_Heathen Engineering/Assets/UX/Icons/Flat Icons [Free]/Free Flat Hat Solid NS Icon.png - Importer: PreviewImporter
Importing 'GUID: 5765d0c2d64a33040af9c54787ad7418 - Path: Assets/_Heathen Engineering/Assets/UX/Icons/Flat Icons [Free]/Free Flat Hat Solid NS Icon.png - Importer: PreviewImporter' with importer (PreviewImporter)
Imported 'GUID: 5765d0c2d64a33040af9c54787ad7418' -> (Import Result ID: '533f298133b9f70d9ae062ae81ad73cb') in 0.012 seconds [static and dynamic dependencies]. Details - ImportResultOutputID=a6e4dd5a825c951cf6dfdd59a7d40197 DependenciesID=6efee98c3a18ff06ef8f6f02d22553ac StaticDependenciesID=784c74c504bb3f5fbb2d67422fce547c 
Number of updated asset objects reloaded before import = 0
Number of asset objects unloaded after import = 3
========================================================================
Received Import Request.
  Time of request: 2026-09-05T10:14:38.3648572Z
  Time since last request: 0.0161571 seconds.
  importAddress: GUID: 4123cf49a9e94bf4e853f60226e46a5f - Path: Assets/_Heathen Engineering/Assets/UX/Icons/Flat Icons [Free]/Free Flat Hat Solid NW Icon.png - Importer: PreviewImporter
Importing 'GUID: 4123cf49a9e94bf4e853f60226e46a5f - Path: Assets/_Heathen Engineering/Assets/UX/Icons/Flat Icons [Free]/Free Flat Hat Solid NW Icon.png - Importer: PreviewImporter' with importer (PreviewImporter)
Imported 'GUID: 4123cf49a9e94bf4e853f60226e46a5f' -> (Import Result ID: '98a1e0b1ff602188d3a90252bb17e5c9') in 0.017 seconds [static and dynamic dependencies]. Details - ImportResultOutputID=32deb528a47ab7830477b68369e0ddb1 DependenciesID=516c70ea7b8e09c49365a822e5ac68f4 StaticDependenciesID=7ad575be117a02322e1532749677c30e 
Number of updated asset objects reloaded before import = 0
Number of asset objects unloaded after import = 3
========================================================================
Received Import Request.
  Time of request: 2026-09-05T10:14:39.1478419Z
  Time since last request: 0.7542369 seconds.
  importAddress: GUID: 90f33ae65fc362b438a11b10ef464599 - Path: Assets/_Heathen Engineering/Assets/UX/Icons/Flat Icons [Free]/Free Flat Hat Solid S Icon.png - Importer: PreviewImporter
Importing 'GUID: 90f33ae65fc362b438a11b10ef464599 - Path: Assets/_Heathen Engineering/Assets/UX/Icons/Flat Icons [Free]/Free Flat Hat Solid S Icon.png - Importer: PreviewImporter' with importer (PreviewImporter)
Imported 'GUID: 90f33ae65fc362b438a11b10ef464599' -> (Import Result ID: '8bb3a7c5433c2be1d018e5f7654f580c') in 0.016 seconds [static and dynamic dependencies]. Details - ImportResultOutputID=350df70a5cd72e7f69597c1f1b5ee4ab DependenciesID=ec508b55c863042015478e90b4cebb7c StaticDependenciesID=2c2c5264e3c77bc7cce839337027bc87 
Number of updated asset objects reloaded before import = 0
Number of asset objects unloaded after import = 3
========================================================================
Received Import Request.
  Time of request: 2026-09-05T10:14:39.180247Z
  Time since last request: 0.0013553 seconds.
  importAddress: GUID: 11299bf0a0917514d9e6c313cd385549 - Path: Assets/_Heathen Engineering/Assets/UX/Icons/Flat Icons [Free]/Free Flat Hat Solid SW Icon.png - Importer: PreviewImporter
Importing 'GUID: 11299bf0a0917514d9e6c313cd385549 - Path: Assets/_Heathen Engineering/Assets/UX/Icons/Flat Icons [Free]/Free Flat Hat Solid SW Icon.png - Importer: PreviewImporter' with importer (PreviewImporter)
Imported 'GUID: 11299bf0a0917514d9e6c313cd385549' -> (Import Result ID: '173c862784c0580a48bed02a2eaac616') in 0.022 seconds [static and dynamic dependencies]. Details - ImportResultOutputID=ec52d7fff255ecf511c2320dccaeed6a DependenciesID=266411c62bfe44f614cac45189e5bf8f StaticDependenciesID=e86290ffe9f3a4b894fc66dcd7fb45b2 
Number of updated asset objects reloaded before import = 0
Number of asset objects unloaded after import = 3
========================================================================
Received Import Request.
  Time of request: 2026-09-05T10:14:39.7199476Z
  Time since last request: 0.5063015 seconds.
  importAddress: GUID: 91e3f51b2db613346a2e4c0f13d4dc7d - Path: Assets/_Heathen Engineering/Assets/UX/Icons/Flat Icons [Free]/Free Flat Hat Split Blank Icon.png - Importer: PreviewImporter
Importing 'GUID: 91e3f51b2db613346a2e4c0f13d4dc7d - Path: Assets/_Heathen Engineering/Assets/UX/Icons/Flat Icons [Free]/Free Flat Hat Split Blank Icon.png - Importer: PreviewImporter' with importer (PreviewImporter)
Imported 'GUID: 91e3f51b2db613346a2e4c0f13d4dc7d' -> (Import Result ID: 'c44f8052f785aba24b73e878c1b13a0b') in 0.029 seconds [static and dynamic dependencies]. Details - ImportResultOutputID=7f6e0d4f5e09fd4749a468b71ee88bef DependenciesID=7bcf84ec0db053b51f23ac5394fb2099 StaticDependenciesID=03603081db4e64aa23844f36b6c1d168 
Number of updated asset objects reloaded before import = 0
Number of asset objects unloaded after import = 3
========================================================================
Received Import Request.
  Time of request: 2026-09-05T10:14:39.7860798Z
  Time since last request: 0.0167815 seconds.
  importAddress: GUID: 379bea2ed4d8a5045b698b8f260be4e3 - Path: Assets/_Heathen Engineering/Assets/UX/Icons/Flat Icons [Free]/Free Flat Hat Split ENW Icon.png - Importer: PreviewImporter
Importing 'GUID: 379bea2ed4d8a5045b698b8f260be4e3 - Path: Assets/_Heathen Engineering/Assets/UX/Icons/Flat Icons [Free]/Free Flat Hat Split ENW Icon.png - Importer: PreviewImporter' with importer (PreviewImporter)
Imported 'GUID: 379bea2ed4d8a5045b698b8f260be4e3' -> (Import Result ID: '519ca754b3311e203d7488dc3ab84597') in 0.023 seconds [static and dynamic dependencies]. Details - ImportResultOutputID=c5a8922a6e26f6863f7ce557e3983e1d DependenciesID=f79ac528038d5d48705f18c73eb64f3e StaticDependenciesID=a13cd0a8e6f86a5276b9769c3675d800 
Number of updated asset objects reloaded before import = 0
Number of asset objects unloaded after import = 3
========================================================================
Received Import Request.
  Time of request: 2026-09-05T10:14:39.8239471Z
  Time since last request: 0.0006687 seconds.
  importAddress: GUID: d1cf728dc5f8f1146bbdb20b1d77e043 - Path: Assets/_Heathen Engineering/Assets/UX/Icons/Flat Icons [Free]/Free Flat Hat Split EW Icon.png - Importer: PreviewImporter
Importing 'GUID: d1cf728dc5f8f1146bbdb20b1d77e043 - Path: Assets/_Heathen Engineering/Assets/UX/Icons/Flat Icons [Free]/Free Flat Hat Split EW Icon.png - Importer: PreviewImporter' with importer (PreviewImporter)
Imported 'GUID: d1cf728dc5f8f1146bbdb20b1d77e043' -> (Import Result ID: '0ee946ea088d60ba1ff2e750c1a663d7') in 0.011 seconds [static and dynamic dependencies]. Details - ImportResultOutputID=1407f30bb58431a0a70d66f889748607 DependenciesID=92e104fdea57db0e4e6777fec0693e3f StaticDependenciesID=143a04c1ca5d481d313cd2267c4cc1ee 
Number of updated asset objects reloaded before import = 0
Number of asset objects unloaded after import = 3
========================================================================
Received Import Request.
  Time of request: 2026-09-05T10:14:40.2543085Z
  Time since last request: 0.4011346 seconds.
  importAddress: GUID: b61b4cfa10e855e4eac44966d6113f26 - Path: Assets/_Heathen Engineering/Assets/UX/Icons/Flat Icons [Free]/Free Flat Hat Split NE Icon.png - Importer: PreviewImporter
Importing 'GUID: b61b4cfa10e855e4eac44966d6113f26 - Path: Assets/_Heathen Engineering/Assets/UX/Icons/Flat Icons [Free]/Free Flat Hat Split NE Icon.png - Importer: PreviewImporter' with importer (PreviewImporter)
Imported 'GUID: b61b4cfa10e855e4eac44966d6113f26' -> (Import Result ID: '153ffbd4c1aac89166ad58e7e371d8bc') in 0.021 seconds [static and dynamic dependencies]. Details - ImportResultOutputID=0940b4803c64f188e30a677865f905a8 DependenciesID=153725e1f35a57ee8d266c4c25ca89c1 StaticDependenciesID=3fad8a0bf6462436b516d8aeac8306bc 
Number of updated asset objects reloaded before import = 0
Number of asset objects unloaded after import = 3
========================================================================
Received Import Request.
  Time of request: 2026-09-05T10:14:40.303315Z
  Time since last request: 0.0006641 seconds.
  importAddress: GUID: 5fbdf9d5c02a7c8488bf88d69359eb3d - Path: Assets/_Heathen Engineering/Assets/UX/Icons/Flat Icons [Free]/Free Flat Hat Split NS Icon.png - Importer: PreviewImporter
Importing 'GUID: 5fbdf9d5c02a7c8488bf88d69359eb3d - Path: Assets/_Heathen Engineering/Assets/UX/Icons/Flat Icons [Free]/Free Flat Hat Split NS Icon.png - Importer: PreviewImporter' with importer (PreviewImporter)
Imported 'GUID: 5fbdf9d5c02a7c8488bf88d69359eb3d' -> (Import Result ID: '20b7b97c37994bee86a93f858877bd9e') in 0.020 seconds [static and dynamic dependencies]. Details - ImportResultOutputID=c7c43f82f23b46d1036e41caa1f28c5a DependenciesID=64e7643cb5c4d2733ee72f212f5e954a StaticDependenciesID=12f93a1c774f79939d90090c4a5078cb 
Number of updated asset objects reloaded before import = 0
Number of asset objects unloaded after import = 3
========================================================================
Received Import Request.
  Time of request: 2026-09-05T10:14:40.3365045Z
  Time since last request: 0.0002317 seconds.
  importAddress: GUID: 0882a00e59f52a543800a1a52bbba249 - Path: Assets/_Heathen Engineering/Assets/UX/Icons/Flat Icons [Free]/Free Flat Hat Split NW Icon.png - Importer: PreviewImporter
Importing 'GUID: 0882a00e59f52a543800a1a52bbba249 - Path: Assets/_Heathen Engineering/Assets/UX/Icons/Flat Icons [Free]/Free Flat Hat Split NW Icon.png - Importer: PreviewImporter' with importer (PreviewImporter)
Imported 'GUID: 0882a00e59f52a543800a1a52bbba249' -> (Import Result ID: '1a77985be275b955cfd430e6b2bb5d96') in 0.014 seconds [static and dynamic dependencies]. Details - ImportResultOutputID=8a992a9b91cab5cce1249ef4c7883155 DependenciesID=cf3967b0010df3dbbb41be2752dac3b8 StaticDependenciesID=197c862ba7d3f9865100c017a4c21448 
Number of updated asset objects reloaded before import = 0
Number of asset objects unloaded after import = 3
========================================================================
Received Import Request.
  Time of request: 2026-09-05T10:14:40.3651038Z
  Time since last request: 0.0002703 seconds.
  importAddress: GUID: 8fd96ff0c98bc8a4da092b4c4ecab60f - Path: Assets/_Heathen Engineering/Assets/UX/Icons/Flat Icons [Free]/Free Flat Hat Split SE Icon.png - Importer: PreviewImporter
Importing 'GUID: 8fd96ff0c98bc8a4da092b4c4ecab60f - Path: Assets/_Heathen Engineering/Assets/UX/Icons/Flat Icons [Free]/Free Flat Hat Split SE Icon.png - Importer: PreviewImporter' with importer (PreviewImporter)
Imported 'GUID: 8fd96ff0c98bc8a4da092b4c4ecab60f' -> (Import Result ID: '965e433ee80ca15ac3d0297c349c34f4') in 0.013 seconds [static and dynamic dependencies]. Details - ImportResultOutputID=f0d7655eaa800f0f6374498e987ee355 DependenciesID=dd830cdc165e9a322a3c72b30c4f4efc StaticDependenciesID=703b39cc691b530d92a469962cf623b7 
Number of updated asset objects reloaded before import = 0
Number of asset objects unloaded after import = 3
========================================================================
Received Import Request.
  Time of request: 2026-09-05T10:14:40.7595053Z
  Time since last request: 0.368801 seconds.
  importAddress: GUID: 2d2efb71714622f48a1b75dcb0fbe9c1 - Path: Assets/_Heathen Engineering/Assets/UX/Icons/Flat Icons [Free]/Free Flat Hat Split SW Icon.png - Importer: PreviewImporter
Importing 'GUID: 2d2efb71714622f48a1b75dcb0fbe9c1 - Path: Assets/_Heathen Engineering/Assets/UX/Icons/Flat Icons [Free]/Free Flat Hat Split SW Icon.png - Importer: PreviewImporter' with importer (PreviewImporter)
Imported 'GUID: 2d2efb71714622f48a1b75dcb0fbe9c1' -> (Import Result ID: '54d946ba8a2494b80308c66a175207fb') in 0.015 seconds [static and dynamic dependencies]. Details - ImportResultOutputID=fdeefdb1ddc68c73f5a2a8e99ea54752 DependenciesID=5f465eb4a314744311e1a709981e6276 StaticDependenciesID=2ce37962274d1227fdebc83712689d8d 
Number of updated asset objects reloaded before import = 0
Number of asset objects unloaded after import = 3
========================================================================
Received Import Request.
  Time of request: 2026-09-05T10:14:40.7935681Z
  Time since last request: 0.000575 seconds.
  importAddress: GUID: 2b128a5e4d59a054e9193a83052697e3 - Path: Assets/_Heathen Engineering/Assets/UX/Icons/Flat Icons [Free]/Free Flat Heart Empty Icon.png - Importer: PreviewImporter
Importing 'GUID: 2b128a5e4d59a054e9193a83052697e3 - Path: Assets/_Heathen Engineering/Assets/UX/Icons/Flat Icons [Free]/Free Flat Heart Empty Icon.png - Importer: PreviewImporter' with importer (PreviewImporter)
Imported 'GUID: 2b128a5e4d59a054e9193a83052697e3' -> (Import Result ID: '2c258c17a0c1c1dcaa7b616007aa0948') in 0.021 seconds [static and dynamic dependencies]. Details - ImportResultOutputID=74e3150f240abfc34249f8ac2051e8e4 DependenciesID=3986270ccdc809ac7ca6afbad811f50f StaticDependenciesID=3d9372a4331a9d3d358658bdf6edae17 
Number of updated asset objects reloaded before import = 0
Number of asset objects unloaded after import = 3
========================================================================
Received Import Request.
  Time of request: 2026-09-05T10:14:40.8293199Z
  Time since last request: 0.0002819 seconds.
  importAddress: GUID: 2776e7415ee80d54b8ba0b71a8f22d19 - Path: Assets/_Heathen Engineering/Assets/UX/Icons/Flat Icons [Free]/Free Flat Home Icon.png - Importer: PreviewImporter
Importing 'GUID: 2776e7415ee80d54b8ba0b71a8f22d19 - Path: Assets/_Heathen Engineering/Assets/UX/Icons/Flat Icons [Free]/Free Flat Home Icon.png - Importer: PreviewImporter' with importer (PreviewImporter)
Imported 'GUID: 2776e7415ee80d54b8ba0b71a8f22d19' -> (Import Result ID: '90646d7512c6a4a831476f2578875a2a') in 0.011 seconds [static and dynamic dependencies]. Details - ImportResultOutputID=116444952b4445a67f9bf838c49babb5 DependenciesID=8b189ce8e9b412259d154738298e8b7c StaticDependenciesID=63d562f3cebc6160f3eec69bbb9882fc 
Number of updated asset objects reloaded before import = 0
Number of asset objects unloaded after import = 3
========================================================================
Received Import Request.
  Time of request: 2026-09-05T10:14:40.8688072Z
  Time since last request: 0.013975 seconds.
  importAddress: GUID: e1d56bf61bc01bf4a94b84873148109e - Path: Assets/_Heathen Engineering/Assets/UX/Icons/Flat Icons [Free]/Free Flat Leaderboard Icon.png - Importer: PreviewImporter
Importing 'GUID: e1d56bf61bc01bf4a94b84873148109e - Path: Assets/_Heathen Engineering/Assets/UX/Icons/Flat Icons [Free]/Free Flat Leaderboard Icon.png - Importer: PreviewImporter' with importer (PreviewImporter)
Imported 'GUID: e1d56bf61bc01bf4a94b84873148109e' -> (Import Result ID: '030b8e2e1f847ce88d91c720d6cfaeba') in 0.017 seconds [static and dynamic dependencies]. Details - ImportResultOutputID=32b294b4c42373b8964eba4e08b4c4e6 DependenciesID=73cb35b574f3c7172d01769155b9bfd3 StaticDependenciesID=ac726d92b079c455189c9d5f78fbe561 
Number of updated asset objects reloaded before import = 0
Number of asset objects unloaded after import = 3
========================================================================
Received Import Request.
  Time of request: 2026-09-05T10:14:41.2070735Z
  Time since last request: 0.3085551 seconds.
  importAddress: GUID: bb7ec8b62952b184997404e390b9e690 - Path: Assets/_Heathen Engineering/Assets/UX/Icons/Flat Icons [Free]/Free Flat Lock Open Icon.png - Importer: PreviewImporter
Importing 'GUID: bb7ec8b62952b184997404e390b9e690 - Path: Assets/_Heathen Engineering/Assets/UX/Icons/Flat Icons [Free]/Free Flat Lock Open Icon.png - Importer: PreviewImporter' with importer (PreviewImporter)
Imported 'GUID: bb7ec8b62952b184997404e390b9e690' -> (Import Result ID: 'ca6dd68878b8bed624a60e5b45aa2c5b') in 0.024 seconds [static and dynamic dependencies]. Details - ImportResultOutputID=8588659cd6643d1b4abdcc4ed701b5c2 DependenciesID=37c606b774adc58dda8805d91b2c6f32 StaticDependenciesID=2a1413f9b090aa2480375f556b68e074 
Number of updated asset objects reloaded before import = 0
Number of asset objects unloaded after import = 3
========================================================================
Received Import Request.
  Time of request: 2026-09-05T10:14:41.2842644Z
  Time since last request: 0.0344883 seconds.
  importAddress: GUID: 729052d35d545f2459aa6859cdcac322 - Path: Assets/_Heathen Engineering/Assets/UX/Icons/Flat Icons [Free]/Free Flat Magnify Minus Icon.png - Importer: PreviewImporter
Importing 'GUID: 729052d35d545f2459aa6859cdcac322 - Path: Assets/_Heathen Engineering/Assets/UX/Icons/Flat Icons [Free]/Free Flat Magnify Minus Icon.png - Importer: PreviewImporter' with importer (PreviewImporter)
Imported 'GUID: 729052d35d545f2459aa6859cdcac322' -> (Import Result ID: '26f0355fab0b10a061b0e68af84f7ef0') in 0.011 seconds [static and dynamic dependencies]. Details - ImportResultOutputID=1e839e69397156a11992ca35914f7baa DependenciesID=8de82e8d1490b333f0d5372f09042363 StaticDependenciesID=2dc1087128c36edc15e0864d95a95175 
Number of updated asset objects reloaded before import = 0
Number of asset objects unloaded after import = 3
========================================================================
Received Import Request.
  Time of request: 2026-09-05T10:14:41.8218085Z
  Time since last request: 0.5116058 seconds.
  importAddress: GUID: c7a6fe9f3f07bf74a897236d55e0cee6 - Path: Assets/_Heathen Engineering/Assets/UX/Icons/Flat Icons [Free]/Free Flat Media Left Double Icon.png - Importer: PreviewImporter
Importing 'GUID: c7a6fe9f3f07bf74a897236d55e0cee6 - Path: Assets/_Heathen Engineering/Assets/UX/Icons/Flat Icons [Free]/Free Flat Media Left Double Icon.png - Importer: PreviewImporter' with importer (PreviewImporter)
Imported 'GUID: c7a6fe9f3f07bf74a897236d55e0cee6' -> (Import Result ID: 'c1a6e593ef0b84f376e7b83c09e6f3e9') in 0.025 seconds [static and dynamic dependencies]. Details - ImportResultOutputID=941d9f08d0d82c3957bb99ba7d06863e DependenciesID=6fc4f001bc6f48a067f2959c0e8c603f StaticDependenciesID=dae6ae67739bc80d9b533295cce2e82c 
Number of updated asset objects reloaded before import = 0
Number of asset objects unloaded after import = 3
========================================================================
Received Import Request.
  Time of request: 2026-09-05T10:14:42.0307601Z
  Time since last request: 0.1640355 seconds.
  importAddress: GUID: 6a736cfd9250d5c4a9ff3e0e4ad0cb5c - Path: Assets/_Heathen Engineering/Assets/UX/Icons/Flat Icons [Free]/Free Flat Media Left Icon.png - Importer: PreviewImporter
Importing 'GUID: 6a736cfd9250d5c4a9ff3e0e4ad0cb5c - Path: Assets/_Heathen Engineering/Assets/UX/Icons/Flat Icons [Free]/Free Flat Media Left Icon.png - Importer: PreviewImporter' with importer (PreviewImporter)
Imported 'GUID: 6a736cfd9250d5c4a9ff3e0e4ad0cb5c' -> (Import Result ID: 'da3c93ff961c30191791ae44564bc96c') in 0.016 seconds [static and dynamic dependencies]. Details - ImportResultOutputID=33e3df698fadb77f61d64dd052ab1870 DependenciesID=8f0c45f5bddacb1987a1aa45092f5305 StaticDependenciesID=40312045acb01cab0a278e306cc00ee7 
Number of updated asset objects reloaded before import = 0
Number of asset objects unloaded after import = 3
========================================================================
Received Import Request.
  Time of request: 2026-09-05T10:14:42.4228924Z
  Time since last request: 0.3568175 seconds.
  importAddress: GUID: 22057aef5fa19f9489473012c242bba0 - Path: Assets/_Heathen Engineering/Assets/UX/Icons/Flat Icons [Free]/Free Flat Media Right Double Icon.png - Importer: PreviewImporter
Importing 'GUID: 22057aef5fa19f9489473012c242bba0 - Path: Assets/_Heathen Engineering/Assets/UX/Icons/Flat Icons [Free]/Free Flat Media Right Double Icon.png - Importer: PreviewImporter' with importer (PreviewImporter)
Imported 'GUID: 22057aef5fa19f9489473012c242bba0' -> (Import Result ID: '050b2ada0934d2b3a40f335cfdabf30b') in 0.018 seconds [static and dynamic dependencies]. Details - ImportResultOutputID=7ae76838589a2faa114d40f372e1a289 DependenciesID=d085743e0b74ebee3519b031782bba67 StaticDependenciesID=14c9be7906f05369956a497ecda1e242 
Number of updated asset objects reloaded before import = 0
Number of asset objects unloaded after import = 3
========================================================================
Received Import Request.
  Time of request: 2026-09-05T10:14:42.5043568Z
  Time since last request: 0.0455629 seconds.
  importAddress: GUID: 6523bf926843dbb4e979cedb7370c43e - Path: Assets/_Heathen Engineering/Assets/UX/Icons/Flat Icons [Free]/Free Flat Media Right Icon.png - Importer: PreviewImporter
Importing 'GUID: 6523bf926843dbb4e979cedb7370c43e - Path: Assets/_Heathen Engineering/Assets/UX/Icons/Flat Icons [Free]/Free Flat Media Right Icon.png - Importer: PreviewImporter' with importer (PreviewImporter)
Imported 'GUID: 6523bf926843dbb4e979cedb7370c43e' -> (Import Result ID: '72e087db47f924b9b6ced129934f7d25') in 0.015 seconds [static and dynamic dependencies]. Details - ImportResultOutputID=af58432f7cbc1f38c40ecb129c0c234a DependenciesID=38d92551d29c27449d80441ef08b04ce StaticDependenciesID=063e9fff16edde092503b7cf1232e1f5 
Number of updated asset objects reloaded before import = 0
Number of asset objects unloaded after import = 3
========================================================================
Received Import Request.
  Time of request: 2026-09-05T10:14:42.5378311Z
  Time since last request: 0.0047783 seconds.
  importAddress: GUID: 54edad069dc0f1148bf3ab0538fa2391 - Path: Assets/_Heathen Engineering/Assets/UX/Icons/Flat Icons [Free]/Free Flat Menu 1 Icon.png - Importer: PreviewImporter
Importing 'GUID: 54edad069dc0f1148bf3ab0538fa2391 - Path: Assets/_Heathen Engineering/Assets/UX/Icons/Flat Icons [Free]/Free Flat Menu 1 Icon.png - Importer: PreviewImporter' with importer (PreviewImporter)
Imported 'GUID: 54edad069dc0f1148bf3ab0538fa2391' -> (Import Result ID: '16cb737218a6956551ef2b1a0940f094') in 0.019 seconds [static and dynamic dependencies]. Details - ImportResultOutputID=227d76646754e2adcf6836bb12dccf6d DependenciesID=bd7f25db2f4d5d3ff7022cbf295899fa StaticDependenciesID=b1942dbd3a188a75c381bad1197b1b36 
Number of updated asset objects reloaded before import = 0
Number of asset objects unloaded after import = 3
========================================================================
Received Import Request.
  Time of request: 2026-09-05T10:14:42.9238427Z
  Time since last request: 0.3520461 seconds.
  importAddress: GUID: 80e352140f72c1a46925fdcd2fc5fb28 - Path: Assets/_Heathen Engineering/Assets/UX/Icons/Flat Icons [Free]/Free Flat Menu 3 Icon.png - Importer: PreviewImporter
Importing 'GUID: 80e352140f72c1a46925fdcd2fc5fb28 - Path: Assets/_Heathen Engineering/Assets/UX/Icons/Flat Icons [Free]/Free Flat Menu 3 Icon.png - Importer: PreviewImporter' with importer (PreviewImporter)
Imported 'GUID: 80e352140f72c1a46925fdcd2fc5fb28' -> (Import Result ID: '57ba1867e299fe44bce78549e0639401') in 0.012 seconds [static and dynamic dependencies]. Details - ImportResultOutputID=93798b3b04b9da77c9825589ad09caa3 DependenciesID=576ce0c04d5c9c7febfeb06fd27032ba StaticDependenciesID=14e4d1ce13120e93da813bbb1a53d478 
Number of updated asset objects reloaded before import = 0
Number of asset objects unloaded after import = 3
========================================================================
Received Import Request.
  Time of request: 2026-09-05T10:14:42.9762045Z
  Time since last request: 0.0209665 seconds.
  importAddress: GUID: 6ecb7ae4ee0996f47a0663ebb676ff57 - Path: Assets/_Heathen Engineering/Assets/UX/Icons/Flat Icons [Free]/Free Flat Menu 5 Icon.png - Importer: PreviewImporter
Importing 'GUID: 6ecb7ae4ee0996f47a0663ebb676ff57 - Path: Assets/_Heathen Engineering/Assets/UX/Icons/Flat Icons [Free]/Free Flat Menu 5 Icon.png - Importer: PreviewImporter' with importer (PreviewImporter)
Imported 'GUID: 6ecb7ae4ee0996f47a0663ebb676ff57' -> (Import Result ID: '37e759d0e33478244d1e572aa5b3614e') in 0.023 seconds [static and dynamic dependencies]. Details - ImportResultOutputID=fd758010f453d743c4b05269ba75e4d3 DependenciesID=aced1ecc76ecb49eb1389a3763212bcc StaticDependenciesID=488665e947b2c14229d6410813fbd99b 
Number of updated asset objects reloaded before import = 0
Number of asset objects unloaded after import = 3
========================================================================
Received Import Request.
  Time of request: 2026-09-05T10:14:43.4026851Z
  Time since last request: 0.3921631 seconds.
  importAddress: GUID: 9b466b84db50ef34ea05f95f37e7d439 - Path: Assets/_Heathen Engineering/Assets/UX/Icons/Flat Icons [Free]/Free Flat Menu 7 Icon.png - Importer: PreviewImporter
Importing 'GUID: 9b466b84db50ef34ea05f95f37e7d439 - Path: Assets/_Heathen Engineering/Assets/UX/Icons/Flat Icons [Free]/Free Flat Menu 7 Icon.png - Importer: PreviewImporter' with importer (PreviewImporter)
Imported 'GUID: 9b466b84db50ef34ea05f95f37e7d439' -> (Import Result ID: 'fa666955ff4305f7f30624099a75b66f') in 0.024 seconds [static and dynamic dependencies]. Details - ImportResultOutputID=6b61497903233f46529c336fb37d6e7d DependenciesID=f94b546c1be6de03c2ae8383d5d8f53c StaticDependenciesID=062ecc7c37f434a014df88742368fb3f 
Number of updated asset objects reloaded before import = 0
Number of asset objects unloaded after import = 3
========================================================================
Received Import Request.
  Time of request: 2026-09-05T10:14:43.7850023Z
  Time since last request: 0.3366099 seconds.
  importAddress: GUID: c53a8d00e4c3bb34998868ca02b1cd74 - Path: Assets/_Heathen Engineering/Assets/UX/Icons/Flat Icons [Free]/Free Flat Menu 9 Icon.png - Importer: PreviewImporter
Importing 'GUID: c53a8d00e4c3bb34998868ca02b1cd74 - Path: Assets/_Heathen Engineering/Assets/UX/Icons/Flat Icons [Free]/Free Flat Menu 9 Icon.png - Importer: PreviewImporter' with importer (PreviewImporter)
Imported 'GUID: c53a8d00e4c3bb34998868ca02b1cd74' -> (Import Result ID: '219d08169ce265b3572b2afef96c2a88') in 0.015 seconds [static and dynamic dependencies]. Details - ImportResultOutputID=c822bc15b8f066dc4fcb4445d6aa921d DependenciesID=bffb0d875254cf9502dabd6c49b1b565 StaticDependenciesID=c0157e265cab682f97bd71b174cda532 
Number of updated asset objects reloaded before import = 0
Number of asset objects unloaded after import = 3
========================================================================
Received Import Request.
  Time of request: 2026-09-05T10:14:43.821349Z
  Time since last request: 0.0029065 seconds.
  importAddress: GUID: 4ce624e3d198e86438d872c3a6b74c39 - Path: Assets/_Heathen Engineering/Assets/UX/Icons/Flat Icons [Free]/Free Flat Menu 12 Icon.png - Importer: PreviewImporter
Importing 'GUID: 4ce624e3d198e86438d872c3a6b74c39 - Path: Assets/_Heathen Engineering/Assets/UX/Icons/Flat Icons [Free]/Free Flat Menu 12 Icon.png - Importer: PreviewImporter' with importer (PreviewImporter)
Imported 'GUID: 4ce624e3d198e86438d872c3a6b74c39' -> (Import Result ID: '80358549b8d204878ba864156fc92ee7') in 0.016 seconds [static and dynamic dependencies]. Details - ImportResultOutputID=2b9d5f029d4e6f6744fc1564589a8bba DependenciesID=b3c2fb1864cbb1ae3b3a18aa326b5b4b StaticDependenciesID=fdcc773bb270bc46fbe5f8c59bdf618a 
Number of updated asset objects reloaded before import = 0
Number of asset objects unloaded after import = 3
========================================================================
Received Import Request.
  Time of request: 2026-09-05T10:14:44.2372276Z
  Time since last request: 0.3849456 seconds.
  importAddress: GUID: f2f9800a1d8f6624db87fcc401513e95 - Path: Assets/_Heathen Engineering/Assets/UX/Icons/Flat Icons [Free]/Free Flat Mic Icon.png - Importer: PreviewImporter
Importing 'GUID: f2f9800a1d8f6624db87fcc401513e95 - Path: Assets/_Heathen Engineering/Assets/UX/Icons/Flat Icons [Free]/Free Flat Mic Icon.png - Importer: PreviewImporter' with importer (PreviewImporter)
Imported 'GUID: f2f9800a1d8f6624db87fcc401513e95' -> (Import Result ID: '33786ab4987b6bf2ec242c7ebbdd46d0') in 0.021 seconds [static and dynamic dependencies]. Details - ImportResultOutputID=42b6b4cd70410dc3569acdd278ac9ec0 DependenciesID=31d944bf1bd64704ff1fd2766bb472c0 StaticDependenciesID=086ec9a37754f9793f19cb663a13510e 
Number of updated asset objects reloaded before import = 0
Number of asset objects unloaded after import = 3
========================================================================
Received Import Request.
  Time of request: 2026-09-05T10:14:44.2810187Z
  Time since last request: 0.0002239 seconds.
  importAddress: GUID: 17a49a70c2f55784b88d0fb593781488 - Path: Assets/_Heathen Engineering/Assets/UX/Icons/Flat Icons [Free]/Free Flat Mic No Crossless Icon.png - Importer: PreviewImporter
Importing 'GUID: 17a49a70c2f55784b88d0fb593781488 - Path: Assets/_Heathen Engineering/Assets/UX/Icons/Flat Icons [Free]/Free Flat Mic No Crossless Icon.png - Importer: PreviewImporter' with importer (PreviewImporter)
Imported 'GUID: 17a49a70c2f55784b88d0fb593781488' -> (Import Result ID: '1aff89561edde3f90af6f38ffbeaacc3') in 0.020 seconds [static and dynamic dependencies]. Details - ImportResultOutputID=7b0e9613c690fdeece0eec85c7cf0ca9 DependenciesID=c7dc918bc6a6ffc93c307a049b9ac0ad StaticDependenciesID=32109e0f2b06171a8ec7ba7ca650ea78 
Number of updated asset objects reloaded before import = 0
Number of asset objects unloaded after import = 3
========================================================================
Received Import Request.
  Time of request: 2026-09-05T10:14:44.3583244Z
  Time since last request: 0.0395198 seconds.
  importAddress: GUID: c6a91fdbbdde167459002f1c9ca6b127 - Path: Assets/_Heathen Engineering/Assets/UX/Icons/Flat Icons [Free]/Free Flat Mic Off Dash Icon.png - Importer: PreviewImporter
Importing 'GUID: c6a91fdbbdde167459002f1c9ca6b127 - Path: Assets/_Heathen Engineering/Assets/UX/Icons/Flat Icons [Free]/Free Flat Mic Off Dash Icon.png - Importer: PreviewImporter' with importer (PreviewImporter)
Imported 'GUID: c6a91fdbbdde167459002f1c9ca6b127' -> (Import Result ID: '0a22fc91ef8c526b105dc16d9002e021') in 0.016 seconds [static and dynamic dependencies]. Details - ImportResultOutputID=e9bfd9e7c50aa5b1c20508d47e2e954c DependenciesID=2507f7d002d7148f4f6760a0f99401a0 StaticDependenciesID=844a4bd8c4d90939c3d0246d7e626cb7 
Number of updated asset objects reloaded before import = 0
Number of asset objects unloaded after import = 3
========================================================================
Received Import Request.
  Time of request: 2026-09-05T10:14:45.1597893Z
  Time since last request: 0.7715189 seconds.
  importAddress: GUID: e4a9e167cc90cae43bb03120ccbe26ef - Path: Assets/_Heathen Engineering/Assets/UX/Icons/Flat Icons [Free]/Free Flat Mic Off Icon.png - Importer: PreviewImporter
Importing 'GUID: e4a9e167cc90cae43bb03120ccbe26ef - Path: Assets/_Heathen Engineering/Assets/UX/Icons/Flat Icons [Free]/Free Flat Mic Off Icon.png - Importer: PreviewImporter' with importer (PreviewImporter)
Imported 'GUID: e4a9e167cc90cae43bb03120ccbe26ef' -> (Import Result ID: 'a53dedd5c7a4c808f074218303e1a0ed') in 0.016 seconds [static and dynamic dependencies]. Details - ImportResultOutputID=f0f8341a1a1350786a4c2cbd6f3cacf6 DependenciesID=3ed9ccf803681af671024376c0b2e864 StaticDependenciesID=6a1921e392277cf16c58d485a7c0cc1e 
Number of updated asset objects reloaded before import = 0
Number of asset objects unloaded after import = 3
========================================================================
Received Import Request.
  Time of request: 2026-09-05T10:14:45.7031991Z
  Time since last request: 0.5087074 seconds.
  importAddress: GUID: 033336c308c8eb048a200b88b4c9012f - Path: Assets/_Heathen Engineering/Assets/UX/Icons/Flat Icons [Free]/Free Flat Move In_1 Icon.png - Importer: PreviewImporter
Importing 'GUID: 033336c308c8eb048a200b88b4c9012f - Path: Assets/_Heathen Engineering/Assets/UX/Icons/Flat Icons [Free]/Free Flat Move In_1 Icon.png - Importer: PreviewImporter' with importer (PreviewImporter)
Imported 'GUID: 033336c308c8eb048a200b88b4c9012f' -> (Import Result ID: 'd66ca54335600b5572d2b184bc51987a') in 0.026 seconds [static and dynamic dependencies]. Details - ImportResultOutputID=283df66742c867a7efeaa933942308a7 DependenciesID=9d5ca702f16f1c4bd52f20c427441389 StaticDependenciesID=874a9c42907823587cb6ddaeceb4d3ff 
Number of updated asset objects reloaded before import = 0
Number of asset objects unloaded after import = 3
========================================================================
Received Import Request.
  Time of request: 2026-09-05T10:14:46.0940698Z
  Time since last request: 0.3451797 seconds.
  importAddress: GUID: c47d07607041a9e46ac5a017fa569294 - Path: Assets/_Heathen Engineering/Assets/UX/Icons/Flat Icons [Free]/Free Flat Move Out_1 Icon.png - Importer: PreviewImporter
Importing 'GUID: c47d07607041a9e46ac5a017fa569294 - Path: Assets/_Heathen Engineering/Assets/UX/Icons/Flat Icons [Free]/Free Flat Move Out_1 Icon.png - Importer: PreviewImporter' with importer (PreviewImporter)
Imported 'GUID: c47d07607041a9e46ac5a017fa569294' -> (Import Result ID: '3edd2fe6de4ee8731bccac6b34e03d43') in 0.018 seconds [static and dynamic dependencies]. Details - ImportResultOutputID=880145ee08b44da8c78f924161f42579 DependenciesID=707555b589e19d759f88abbb7f30ad3d StaticDependenciesID=bdafb04a18b956180bd257c86980ae20 
Number of updated asset objects reloaded before import = 0
Number of asset objects unloaded after import = 3
========================================================================
Received Import Request.
  Time of request: 2026-09-05T10:14:46.1951189Z
  Time since last request: 0.0638841 seconds.
  importAddress: GUID: 68398e08cb2ba1d419e4d40d1cbf9249 - Path: Assets/_Heathen Engineering/Assets/UX/Icons/Flat Icons [Free]/Free Flat Music No Dash Icon.png - Importer: PreviewImporter
Importing 'GUID: 68398e08cb2ba1d419e4d40d1cbf9249 - Path: Assets/_Heathen Engineering/Assets/UX/Icons/Flat Icons [Free]/Free Flat Music No Dash Icon.png - Importer: PreviewImporter' with importer (PreviewImporter)
Imported 'GUID: 68398e08cb2ba1d419e4d40d1cbf9249' -> (Import Result ID: '7a35aef9fb7c787ad7b22fff5ac22adf') in 0.031 seconds [static and dynamic dependencies]. Details - ImportResultOutputID=8a17a69d2246fecdb8ed3154299bc953 DependenciesID=bee654eea2bb1a23b0e34135d7e78f69 StaticDependenciesID=79f03fe5b7586d87b06cc18b962b58e9 
Number of updated asset objects reloaded before import = 0
Number of asset objects unloaded after import = 3
========================================================================
Received Import Request.
  Time of request: 2026-09-05T10:14:46.5889502Z
  Time since last request: 0.3367994 seconds.
  importAddress: GUID: a631e872ceb8c434ead7ead22b772b24 - Path: Assets/_Heathen Engineering/Assets/UX/Icons/Flat Icons [Free]/Free Flat Music No Icon.png - Importer: PreviewImporter
Importing 'GUID: a631e872ceb8c434ead7ead22b772b24 - Path: Assets/_Heathen Engineering/Assets/UX/Icons/Flat Icons [Free]/Free Flat Music No Icon.png - Importer: PreviewImporter' with importer (PreviewImporter)
Imported 'GUID: a631e872ceb8c434ead7ead22b772b24' -> (Import Result ID: 'd9bfb161dc992747c8778ed1f7a12534') in 0.017 seconds [static and dynamic dependencies]. Details - ImportResultOutputID=81f9b880848ea18ced1361e681aa580f DependenciesID=a9b57c0d9ca06834ae731210e6f3ba6b StaticDependenciesID=a3d7c64b9956baa0c538da79c71a552d 
Number of updated asset objects reloaded before import = 0
Number of asset objects unloaded after import = 3
========================================================================
Received Import Request.
  Time of request: 2026-09-05T10:14:46.6652306Z
  Time since last request: 0.0429463 seconds.
  importAddress: GUID: 705f0467455c3f0479897da07daeb0be - Path: Assets/_Heathen Engineering/Assets/UX/Icons/Flat Icons [Free]/Free Flat Pen Icon.png - Importer: PreviewImporter
Importing 'GUID: 705f0467455c3f0479897da07daeb0be - Path: Assets/_Heathen Engineering/Assets/UX/Icons/Flat Icons [Free]/Free Flat Pen Icon.png - Importer: PreviewImporter' with importer (PreviewImporter)
Imported 'GUID: 705f0467455c3f0479897da07daeb0be' -> (Import Result ID: '049d1da130fc8da1b13f605c4252cb92') in 0.023 seconds [static and dynamic dependencies]. Details - ImportResultOutputID=12536e073dec9a286e9dccf1b17fe55c DependenciesID=a95c34d7ef479e7ca9a80e7cc8241a38 StaticDependenciesID=8b54b338d35c9e8077c0a37bafa990f5 
Number of updated asset objects reloaded before import = 0
Number of asset objects unloaded after import = 3
========================================================================
Received Import Request.
  Time of request: 2026-09-05T10:14:47.0445031Z
  Time since last request: 0.3424746 seconds.
  importAddress: GUID: c2b97174e9f46424eae9d83a5ca15158 - Path: Assets/_Heathen Engineering/Assets/UX/Icons/Flat Icons [Free]/Free Flat People 2 Icon.png - Importer: PreviewImporter
Importing 'GUID: c2b97174e9f46424eae9d83a5ca15158 - Path: Assets/_Heathen Engineering/Assets/UX/Icons/Flat Icons [Free]/Free Flat People 2 Icon.png - Importer: PreviewImporter' with importer (PreviewImporter)
Imported 'GUID: c2b97174e9f46424eae9d83a5ca15158' -> (Import Result ID: '99c45abe2d2b1f18bad7f62aeae329ae') in 0.014 seconds [static and dynamic dependencies]. Details - ImportResultOutputID=66e5aa2cb194ada054fa65915f0e088c DependenciesID=23fe34cebf300677b2797c2ba8f6eae8 StaticDependenciesID=61872881f3534df58ea3e873f1930ddd 
Number of updated asset objects reloaded before import = 0
Number of asset objects unloaded after import = 3
========================================================================
Received Import Request.
  Time of request: 2026-09-05T10:14:47.4428429Z
  Time since last request: 0.3616833 seconds.
  importAddress: GUID: 45a1cba1d3d949545a6edfcc72019549 - Path: Assets/_Heathen Engineering/Assets/UX/Icons/Flat Icons [Free]/Free Flat People 4 Icon.png - Importer: PreviewImporter
Importing 'GUID: 45a1cba1d3d949545a6edfcc72019549 - Path: Assets/_Heathen Engineering/Assets/UX/Icons/Flat Icons [Free]/Free Flat People 4 Icon.png - Importer: PreviewImporter' with importer (PreviewImporter)
Imported 'GUID: 45a1cba1d3d949545a6edfcc72019549' -> (Import Result ID: '7c86bcf394da00cc4a47e7761d90f8c1') in 0.014 seconds [static and dynamic dependencies]. Details - ImportResultOutputID=c45b1b8079604b6aa7e7783f7eb1a515 DependenciesID=70bf007026869caab8ba187e4e8a87bf StaticDependenciesID=a198edd358f10a721dd561effecc14f8 
Number of updated asset objects reloaded before import = 0
Number of asset objects unloaded after import = 3
========================================================================
Received Import Request.
  Time of request: 2026-09-05T10:14:47.5288298Z
  Time since last request: 0.0542615 seconds.
  importAddress: GUID: dbd47afd428ae6e46acf14df8476e8db - Path: Assets/_Heathen Engineering/Assets/UX/Icons/Flat Icons [Free]/Free Flat Plus Icon.png - Importer: PreviewImporter
Importing 'GUID: dbd47afd428ae6e46acf14df8476e8db - Path: Assets/_Heathen Engineering/Assets/UX/Icons/Flat Icons [Free]/Free Flat Plus Icon.png - Importer: PreviewImporter' with importer (PreviewImporter)
Imported 'GUID: dbd47afd428ae6e46acf14df8476e8db' -> (Import Result ID: '208d11a147131993378487f9f94d1ced') in 0.021 seconds [static and dynamic dependencies]. Details - ImportResultOutputID=18d78d31e59a9e1d5778451018ec3545 DependenciesID=5368fc2832768c90a7b9ad6c4fc3c11b StaticDependenciesID=35e6e7579d29bd8bed5e28f550984d89 
Number of updated asset objects reloaded before import = 0
Number of asset objects unloaded after import = 3
========================================================================
Received Import Request.
  Time of request: 2026-09-05T10:14:47.9035519Z
  Time since last request: 0.3431097 seconds.
  importAddress: GUID: 01eead9d665b57646bca62095606183a - Path: Assets/_Heathen Engineering/Assets/UX/Icons/Flat Icons [Free]/Free Flat Signal Up 1 Icon.png - Importer: PreviewImporter
Importing 'GUID: 01eead9d665b57646bca62095606183a - Path: Assets/_Heathen Engineering/Assets/UX/Icons/Flat Icons [Free]/Free Flat Signal Up 1 Icon.png - Importer: PreviewImporter' with importer (PreviewImporter)
Imported 'GUID: 01eead9d665b57646bca62095606183a' -> (Import Result ID: '51445e7f4b3a36663c2f267cca180000') in 0.024 seconds [static and dynamic dependencies]. Details - ImportResultOutputID=8aea1a5d6ced83a9aae454a3c0bf0fa5 DependenciesID=aa85d7bc69c9bb733638c0482dc38cd5 StaticDependenciesID=423c325b4c74e39eff1a38be859cb449 
Number of updated asset objects reloaded before import = 0
Number of asset objects unloaded after import = 3
========================================================================
Received Import Request.
  Time of request: 2026-09-05T10:14:47.9853127Z
  Time since last request: 0.0365745 seconds.
  importAddress: GUID: df6b34c8b502f7e48a79565096a23132 - Path: Assets/_Heathen Engineering/Assets/UX/Icons/Flat Icons [Free]/Free Flat Signal Up 3 Icon.png - Importer: PreviewImporter
Importing 'GUID: df6b34c8b502f7e48a79565096a23132 - Path: Assets/_Heathen Engineering/Assets/UX/Icons/Flat Icons [Free]/Free Flat Signal Up 3 Icon.png - Importer: PreviewImporter' with importer (PreviewImporter)
Imported 'GUID: df6b34c8b502f7e48a79565096a23132' -> (Import Result ID: 'a8935ec867a58de5a6c97e21c229f2e6') in 0.018 seconds [static and dynamic dependencies]. Details - ImportResultOutputID=72a012b138469febc93cfb7c5e88b5ef DependenciesID=a8d065352f3bc6b3ec5083819446b142 StaticDependenciesID=93ec42e6ed59f83441d5f348d2051eb7 
Number of updated asset objects reloaded before import = 0
Number of asset objects unloaded after import = 3
========================================================================
Received Import Request.
  Time of request: 2026-09-05T10:14:48.3499548Z
  Time since last request: 0.3324215 seconds.
  importAddress: GUID: b5d747335d1bafb43915c028619955af - Path: Assets/_Heathen Engineering/Assets/UX/Icons/Flat Icons [Free]/Free Flat Signal Up 101 Icon.png - Importer: PreviewImporter
Importing 'GUID: b5d747335d1bafb43915c028619955af - Path: Assets/_Heathen Engineering/Assets/UX/Icons/Flat Icons [Free]/Free Flat Signal Up 101 Icon.png - Importer: PreviewImporter' with importer (PreviewImporter)
Imported 'GUID: b5d747335d1bafb43915c028619955af' -> (Import Result ID: '046e5fed9790de41d6c266c462431d80') in 0.026 seconds [static and dynamic dependencies]. Details - ImportResultOutputID=e666d9f78a97ba8f9af1b0ea7a767710 DependenciesID=3699769a1a13ba6c9683ae9d1f852e10 StaticDependenciesID=3aef9cdcdb6f95bf1ad1d0df38c8cbf2 
Number of updated asset objects reloaded before import = 0
Number of asset objects unloaded after import = 3
========================================================================
Received Import Request.
  Time of request: 2026-09-05T10:14:48.5030229Z
  Time since last request: 0.1078569 seconds.
  importAddress: GUID: 1bc1adfe09a4215459e403f002a487df - Path: Assets/_Heathen Engineering/Assets/UX/Icons/Flat Icons [Free]/Free Flat Solid Brush Icon.png - Importer: PreviewImporter
Importing 'GUID: 1bc1adfe09a4215459e403f002a487df - Path: Assets/_Heathen Engineering/Assets/UX/Icons/Flat Icons [Free]/Free Flat Solid Brush Icon.png - Importer: PreviewImporter' with importer (PreviewImporter)
Imported 'GUID: 1bc1adfe09a4215459e403f002a487df' -> (Import Result ID: '3490d8397296ad749b14c4488305c826') in 0.015 seconds [static and dynamic dependencies]. Details - ImportResultOutputID=b0a1f41fd65134017464c3ee16dc9033 DependenciesID=4b857b865861042431eb6dbdc8861906 StaticDependenciesID=e57a317cdc2e7cdd1eb9f75ba1927fae 
Number of updated asset objects reloaded before import = 0
Number of asset objects unloaded after import = 3
========================================================================
Received Import Request.
  Time of request: 2026-09-05T10:14:48.814178Z
  Time since last request: 0.2806626 seconds.
  importAddress: GUID: 0579b86233f138a43b5a174d669f362b - Path: Assets/_Heathen Engineering/Assets/UX/Icons/Flat Icons [Free]/Free Flat Star Filled Icon.png - Importer: PreviewImporter
Importing 'GUID: 0579b86233f138a43b5a174d669f362b - Path: Assets/_Heathen Engineering/Assets/UX/Icons/Flat Icons [Free]/Free Flat Star Filled Icon.png - Importer: PreviewImporter' with importer (PreviewImporter)
Imported 'GUID: 0579b86233f138a43b5a174d669f362b' -> (Import Result ID: '0850cfa0b74c6d3653e004f1d2068c37') in 0.024 seconds [static and dynamic dependencies]. Details - ImportResultOutputID=e6c8091c9abf0bf8d1c602d69dafe540 DependenciesID=b2b9b423f3d13db73aede976730c7593 StaticDependenciesID=9f455f51b3b3928a063bfe98f3cdcaf4 
Number of updated asset objects reloaded before import = 0
Number of asset objects unloaded after import = 3
========================================================================
Received Import Request.
  Time of request: 2026-09-05T10:14:48.8641377Z
  Time since last request: 0.0069456 seconds.
  importAddress: GUID: a38d763eb32ea12439af1cd4b07db735 - Path: Assets/_Heathen Engineering/Assets/UX/Icons/Flat Icons [Free]/Free Flat Thumbs Up Icon.png - Importer: PreviewImporter
Importing 'GUID: a38d763eb32ea12439af1cd4b07db735 - Path: Assets/_Heathen Engineering/Assets/UX/Icons/Flat Icons [Free]/Free Flat Thumbs Up Icon.png - Importer: PreviewImporter' with importer (PreviewImporter)
Imported 'GUID: a38d763eb32ea12439af1cd4b07db735' -> (Import Result ID: '2f7598142401b6aaf34c97a07abd8885') in 0.024 seconds [static and dynamic dependencies]. Details - ImportResultOutputID=966f6f77409831583c2a58f77f47851a DependenciesID=445d46c9c71ae5ffc4ab3f6e40b8351f StaticDependenciesID=7e397ee579fddbc47eaa908e2c1f93be 
Number of updated asset objects reloaded before import = 0
Number of asset objects unloaded after import = 3
========================================================================
Received Import Request.
  Time of request: 2026-09-05T10:14:48.9714881Z
  Time since last request: 0.071171 seconds.
  importAddress: GUID: da098e9c51c4f7d42bd00970713bfc95 - Path: Assets/_Heathen Engineering/Assets/UX/Icons/Flat Icons [Free]/Free Flat Toggle Centre Icon.png - Importer: PreviewImporter
Importing 'GUID: da098e9c51c4f7d42bd00970713bfc95 - Path: Assets/_Heathen Engineering/Assets/UX/Icons/Flat Icons [Free]/Free Flat Toggle Centre Icon.png - Importer: PreviewImporter' with importer (PreviewImporter)
Imported 'GUID: da098e9c51c4f7d42bd00970713bfc95' -> (Import Result ID: '7e8eb22fc21cff3be2984fcf136fc8cf') in 0.015 seconds [static and dynamic dependencies]. Details - ImportResultOutputID=fecc0487958fb45bfe7858855ec0ec75 DependenciesID=16c29579fc3b55c5ba52d8811ee53518 StaticDependenciesID=18eacc8cd6773bf4d9ab7bca35722350 
Number of updated asset objects reloaded before import = 0
Number of asset objects unloaded after import = 3
========================================================================
Received Import Request.
  Time of request: 2026-09-05T10:14:49.4474789Z
  Time since last request: 0.447833 seconds.
  importAddress: GUID: 1023dc51a47ee2646b092add613fd71f - Path: Assets/_Heathen Engineering/Assets/UX/Icons/Flat Icons [Free]/Free Flat Toggle Right Icon.png - Importer: PreviewImporter
Importing 'GUID: 1023dc51a47ee2646b092add613fd71f - Path: Assets/_Heathen Engineering/Assets/UX/Icons/Flat Icons [Free]/Free Flat Toggle Right Icon.png - Importer: PreviewImporter' with importer (PreviewImporter)
Imported 'GUID: 1023dc51a47ee2646b092add613fd71f' -> (Import Result ID: '00ad58e1ec4dbf9c870a26ee5314f041') in 0.023 seconds [static and dynamic dependencies]. Details - ImportResultOutputID=ec579d3583e8831e22734819a373aaa1 DependenciesID=c168f4657aedc0606771d29963ece76a StaticDependenciesID=7eda85e4321137782b8f375dbddf94a0 
Number of updated asset objects reloaded before import = 0
Number of asset objects unloaded after import = 3
========================================================================
Received Import Request.
  Time of request: 2026-09-05T10:14:49.5468003Z
  Time since last request: 0.0559336 seconds.
  importAddress: GUID: 98d066211bdac204cb692c7ac53e012d - Path: Assets/_Heathen Engineering/Assets/UX/Icons/Flat Icons [Free]/Free Flat Toggle Thumb Left Icon.png - Importer: PreviewImporter
Importing 'GUID: 98d066211bdac204cb692c7ac53e012d - Path: Assets/_Heathen Engineering/Assets/UX/Icons/Flat Icons [Free]/Free Flat Toggle Thumb Left Icon.png - Importer: PreviewImporter' with importer (PreviewImporter)
Imported 'GUID: 98d066211bdac204cb692c7ac53e012d' -> (Import Result ID: 'a14f44481605cc93fc1e4236f86c7053') in 0.018 seconds [static and dynamic dependencies]. Details - ImportResultOutputID=3c5c1a596faa13822caa8424cbe93e38 DependenciesID=94ee829d837972806887cfc049dd5331 StaticDependenciesID=1ba738fed39ed8b6858ad05e449e215f 
Number of updated asset objects reloaded before import = 0
Number of asset objects unloaded after import = 3
========================================================================
Received Import Request.
  Time of request: 2026-09-05T10:14:49.6711625Z
  Time since last request: 0.0943207 seconds.
  importAddress: GUID: 961661a007c5e694ea024df6b49ce3ae - Path: Assets/_Heathen Engineering/Assets/UX/Icons/Flat Icons [Free]/Free Flat Upload 1 Icon.png - Importer: PreviewImporter
Importing 'GUID: 961661a007c5e694ea024df6b49ce3ae - Path: Assets/_Heathen Engineering/Assets/UX/Icons/Flat Icons [Free]/Free Flat Upload 1 Icon.png - Importer: PreviewImporter' with importer (PreviewImporter)
Imported 'GUID: 961661a007c5e694ea024df6b49ce3ae' -> (Import Result ID: 'df64b3936816087d3390ab3b59aea6af') in 0.012 seconds [static and dynamic dependencies]. Details - ImportResultOutputID=2c3b346325d67dd79e6bc9e62d700421 DependenciesID=e5226109b4709ab1da2d1e59ead3d3df StaticDependenciesID=9202544df7a15dcd5da4f0a6411b9de1 
Number of updated asset objects reloaded before import = 0
Number of asset objects unloaded after import = 3
========================================================================
Received Import Request.
  Time of request: 2026-09-05T10:14:50.2318299Z
  Time since last request: 0.5307231 seconds.
  importAddress: GUID: 5a20439d7b6619c40a0ef94f13d18bc5 - Path: Assets/_Heathen Engineering/Assets/UX/Icons/Flat Icons [Free]/Free Flat Upload Cloud Icon.png - Importer: PreviewImporter
Importing 'GUID: 5a20439d7b6619c40a0ef94f13d18bc5 - Path: Assets/_Heathen Engineering/Assets/UX/Icons/Flat Icons [Free]/Free Flat Upload Cloud Icon.png - Importer: PreviewImporter' with importer (PreviewImporter)
Imported 'GUID: 5a20439d7b6619c40a0ef94f13d18bc5' -> (Import Result ID: 'a7cb503a3c9f7c0e1993089fea9e2020') in 0.025 seconds [static and dynamic dependencies]. Details - ImportResultOutputID=929d06cdb002cc5aa2de82ab979fdab9 DependenciesID=33452502c590030beadfc4fb68286f83 StaticDependenciesID=2d638704b1bd4c447d39217d3b25a24f 
Number of updated asset objects reloaded before import = 0
Number of asset objects unloaded after import = 3
========================================================================
Received Import Request.
  Time of request: 2026-09-05T10:14:50.3088284Z
  Time since last request: 0.0322006 seconds.
  importAddress: GUID: 91661b7a5626fa54286d4c18c95d7d00 - Path: Assets/_Heathen Engineering/Assets/UX/Icons/Flat Icons [Free]/Free Flat Volume 1 Icon.png - Importer: PreviewImporter
Importing 'GUID: 91661b7a5626fa54286d4c18c95d7d00 - Path: Assets/_Heathen Engineering/Assets/UX/Icons/Flat Icons [Free]/Free Flat Volume 1 Icon.png - Importer: PreviewImporter' with importer (PreviewImporter)
Imported 'GUID: 91661b7a5626fa54286d4c18c95d7d00' -> (Import Result ID: 'fdd0098f3471286d219347d5547b1a0f') in 0.020 seconds [static and dynamic dependencies]. Details - ImportResultOutputID=4ca3183d2c8a5cea7ec65361becc6d70 DependenciesID=603ce78916073d835d85e985696cf491 StaticDependenciesID=cfdf056394c213502bbd5a7c9113bf3a 
Number of updated asset objects reloaded before import = 0
Number of asset objects unloaded after import = 3
========================================================================
Received Import Request.
  Time of request: 2026-09-05T10:14:50.3947161Z
  Time since last request: 0.0531634 seconds.
  importAddress: GUID: e153e7320d1c3b247b8dd9913128265a - Path: Assets/_Heathen Engineering/Assets/UX/Icons/Flat Icons [Free]/Free Flat Volume 3 Icon.png - Importer: PreviewImporter
Importing 'GUID: e153e7320d1c3b247b8dd9913128265a - Path: Assets/_Heathen Engineering/Assets/UX/Icons/Flat Icons [Free]/Free Flat Volume 3 Icon.png - Importer: PreviewImporter' with importer (PreviewImporter)
Imported 'GUID: e153e7320d1c3b247b8dd9913128265a' -> (Import Result ID: '472aa717dbdfd0f27144fd76f2eeeffb') in 0.015 seconds [static and dynamic dependencies]. Details - ImportResultOutputID=b18ec4a5da84eefb340e3ea1f770839d DependenciesID=8a9bbb7b85f893d242cf74749341eedd StaticDependenciesID=dee45a3b0253c3bb427c6693960df66b 
Number of updated asset objects reloaded before import = 0
Number of asset objects unloaded after import = 3
========================================================================
Received Import Request.
  Time of request: 2026-09-05T10:14:50.4752437Z
  Time since last request: 0.0514333 seconds.
  importAddress: GUID: 052913ff636054540b70d52173eccf89 - Path: Assets/_Heathen Engineering/Assets/UX/Icons/Flat Icons [Free]/Free Flat Volume 5 Icon.png - Importer: PreviewImporter
Importing 'GUID: 052913ff636054540b70d52173eccf89 - Path: Assets/_Heathen Engineering/Assets/UX/Icons/Flat Icons [Free]/Free Flat Volume 5 Icon.png - Importer: PreviewImporter' with importer (PreviewImporter)
Imported 'GUID: 052913ff636054540b70d52173eccf89' -> (Import Result ID: '1e2f2e63878fe56299260547cda63cd8') in 0.015 seconds [static and dynamic dependencies]. Details - ImportResultOutputID=fed17e8e42ac6ed20192ea88ba6e6e77 DependenciesID=3140445375009b5b854a3692fb14b16a StaticDependenciesID=8890afb5d21e1cf6c74708de53a6bcc2 
Number of updated asset objects reloaded before import = 0
Number of asset objects unloaded after import = 3
========================================================================
Received Prepare
AcceleratorClientConnectionCallback - disconnected - :0
Unloading 22 Unused Serialized files (Serialized files now loaded: 0)
Unloading 22 unused Assets / (2.6 MB). Loaded Objects now: 7485.
Memory consumption went from 321.6 MB to 319.0 MB.
Total: 7.007600 ms (FindLiveObjects: 0.363600 ms CreateObjectMapping: 0.965900 ms MarkObjects: 5.297500 ms  DeleteObjects: 0.378800 ms)

Prepare: number of updated asset objects reloaded= 0
========================================================================
Received Prepare
AcceleratorClientConnectionCallback - disconnected - :0
Unloading 22 Unused Serialized files (Serialized files now loaded: 0)
Unloading 22 unused Assets / (2.6 MB). Loaded Objects now: 7485.
Memory consumption went from 324.6 MB to 322.0 MB.
Total: 6.912600 ms (FindLiveObjects: 0.378100 ms CreateObjectMapping: 1.008300 ms MarkObjects: 5.130400 ms  DeleteObjects: 0.394100 ms)

WARNING: Shader Unsupported: 'Universal Render Pipeline/Terrain/Lit' - All subshaders removed
WARNING: Shader Did you use #pragma only_renderers and omit this platform?
WARNING: Shader If subshaders removal was intentional, you may have forgotten turning Fallback off?
WARNING: Shader Unsupported: 'Hidden/Universal Render Pipeline/Terrain/Lit (Base Pass)' - All subshaders removed
WARNING: Shader Did you use #pragma only_renderers and omit this platform?
WARNING: Shader If subshaders removal was intentional, you may have forgotten turning Fallback off?
Prepare: number of updated asset objects reloaded= 183
EnvironmentDependencyValues requested are different than current active one (requested -> active):
  graphicsApiMask: 2099200 -> 2361344
========================================================================
Received Prepare
AcceleratorClientConnectionCallback - disconnected - :0
Unloading 22 Unused Serialized files (Serialized files now loaded: 0)
Unloading 22 unused Assets / (2.6 MB). Loaded Objects now: 7485.
Memory consumption went from 324.3 MB to 321.7 MB.
Total: 5.729700 ms (FindLiveObjects: 0.308400 ms CreateObjectMapping: 0.580800 ms MarkObjects: 4.453600 ms  DeleteObjects: 0.385400 ms)

Prepare: number of updated asset objects reloaded= 0
EnvironmentDependencyValues requested are different than current active one (requested -> active):
  graphicsApiMask: 2099200 -> 2361344
========================================================================
Received Prepare
AcceleratorClientConnectionCallback - disconnected - :0
Unloading 22 Unused Serialized files (Serialized files now loaded: 0)
Unloading 22 unused Assets / (2.6 MB). Loaded Objects now: 7485.
Memory consumption went from 325.3 MB to 322.7 MB.
Total: 6.590700 ms (FindLiveObjects: 0.330600 ms CreateObjectMapping: 0.612400 ms MarkObjects: 5.173700 ms  DeleteObjects: 0.472600 ms)

Prepare: number of updated asset objects reloaded= 0
EnvironmentDependencyValues requested are different than current active one (requested -> active):
  graphicsApiMask: 2099200 -> 2361344
========================================================================
Received Prepare
AcceleratorClientConnectionCallback - disconnected - :0
[Licensing::Client] Successfully resolved entitlement details
[Licensing::Client] Successfully resolved entitlement details
Begin MonoManager ReloadAssembly
Refreshing native plugins compatible for Editor in 3.25 ms, found 4 plugins.
Native extension for Android target not found
Native extension for UWP target not found
Native extension for WindowsStandalone target not found
[Package Manager] Failed to launch server process. Reason: Unity was launched with the -noUpm command-line argument
[Package Manager] Unable to send message (not connected to server process).
[Package Manager] Cannot connect to Unity Package Manager local server
[Package Manager] Failed to launch server process. Reason: Unity was launched with the -noUpm command-line argument
[Package Manager] Unable to send message (not connected to server process).
[Package Manager] Cannot connect to Unity Package Manager local server
ScheduleIndexationOnStartup MainProcess:False IndexOnStartup:True
Mono: successfully reloaded assembly
- Finished resetting the current domain, in  1.607 seconds
Domain Reload Profiling: 3315ms
	BeginReloadAssembly (400ms)
		DisableScriptedObjects (10ms)
		CreateAndSetChildDomain (82ms)
	RebuildCommonClasses (16ms)
	RebuildNativeTypeToScriptingClass (26ms)
	initialDomainReloadingComplete (82ms)
	LoadAllAssembliesAndSetupDomain (1181ms)
		LoadAssemblies (446ms)
		AnalyzeDomain (598ms)
			TypeCache.Refresh (179ms)
				TypeCache.ScanAssembly (163ms)
			BuildScriptInfoCaches (385ms)
			ResolveRequiredComponents (30ms)
	FinalizeReload (1610ms)
		SetupLoadedEditorAssemblies (0ms)
			InitializePlatformSupportModulesInManaged (21ms)
			BeforeProcessingInitializeOnLoad (235ms)
			ProcessInitializeOnLoadAttributes (499ms)
			ProcessInitializeOnLoadMethodAttributes (181ms)
			AfterProcessingInitializeOnLoad (3ms)
		AwakeInstancesAfterBackupRestoration (30ms)
Unloading 22 Unused Serialized files (Serialized files now loaded: 0)
Unloading 6579 unused Assets / (5.9 MB). Loaded Objects now: 7487.
Memory consumption went from 336.3 MB to 330.4 MB.
Total: 9.126900 ms (FindLiveObjects: 0.534500 ms CreateObjectMapping: 1.639500 ms MarkObjects: 4.306100 ms  DeleteObjects: 2.644600 ms)

Prepare: number of updated asset objects reloaded= 0
EnvironmentDependencyValues requested are different than current active one (requested -> active):
  graphicsApiMask: 2099200 -> 2361344
========================================================================
Received Import Request.
  Time of request: 2026-09-05T10:24:51.2234034Z
  Time since last request: 600.72009179999998 seconds.
  importAddress: GUID: e9b63031b6e86be44adab37645278daf - Path: Assets/_Heathen Engineering/Assets/UX/Icons/Flat Icons [Free]/Free Flat Volume 4 Icon.png - Importer: PreviewImporter
Importing 'GUID: e9b63031b6e86be44adab37645278daf - Path: Assets/_Heathen Engineering/Assets/UX/Icons/Flat Icons [Free]/Free Flat Volume 4 Icon.png - Importer: PreviewImporter' with importer (PreviewImporter)
Imported 'GUID: e9b63031b6e86be44adab37645278daf' -> (Import Result ID: 'e982e113c09c13a0c1f72728706d6417') in 0.118 seconds [static and dynamic dependencies]. Details - ImportResultOutputID=64afc2bc2c2b53921465cd607148bbb0 DependenciesID=bb1a922d23042759ff22ed9e747b7227 StaticDependenciesID=417743f3ceca3b41406e182bdefdc484 
Number of updated asset objects reloaded before import = 0
Number of asset objects unloaded after import = 3
========================================================================
Received Import Request.
  Time of request: 2026-09-05T10:24:51.3578666Z
  Time since last request: 0.0005681 seconds.
  importAddress: GUID: 4ce0634a6bcefab4c8b2dd9468b7a46a - Path: Assets/_Heathen Engineering/Assets/UX/Icons/Flat Icons [Free]/Free Flat Volume 2 Icon.png - Importer: PreviewImporter
Importing 'GUID: 4ce0634a6bcefab4c8b2dd9468b7a46a - Path: Assets/_Heathen Engineering/Assets/UX/Icons/Flat Icons [Free]/Free Flat Volume 2 Icon.png - Importer: PreviewImporter' with importer (PreviewImporter)
Imported 'GUID: 4ce0634a6bcefab4c8b2dd9468b7a46a' -> (Import Result ID: '3d3d3eb206e929c2f2a0e39fd0c20296') in 0.012 seconds [static and dynamic dependencies]. Details - ImportResultOutputID=89af369ada75b61933c71c43a738612d DependenciesID=5a14f46d12c052dc05f857244a352f71 StaticDependenciesID=e100b612bf791935dfe618b8bc4f5223 
Number of updated asset objects reloaded before import = 0
Number of asset objects unloaded after import = 3
========================================================================
Received Import Request.
  Time of request: 2026-09-05T10:24:51.3812145Z
  Time since last request: 0.0003484 seconds.
  importAddress: GUID: e153e7320d1c3b247b8dd9913128265a - Path: Assets/_Heathen Engineering/Assets/UX/Icons/Flat Icons [Free]/Free Flat Volume 3 Icon.png - Importer: PreviewImporter
Importing 'GUID: e153e7320d1c3b247b8dd9913128265a - Path: Assets/_Heathen Engineering/Assets/UX/Icons/Flat Icons [Free]/Free Flat Volume 3 Icon.png - Importer: PreviewImporter' with importer (PreviewImporter)
Imported 'GUID: e153e7320d1c3b247b8dd9913128265a' -> (Import Result ID: 'e8a5b2a5ecff511f3490142606173107') in 0.013 seconds [static and dynamic dependencies]. Details - ImportResultOutputID=ff3f571ced484477b7597fce88ef2d9a DependenciesID=29981ba9a71458a2c418dc55e0c95a3d StaticDependenciesID=dee45a3b0253c3bb427c6693960df66b 
Number of updated asset objects reloaded before import = 0
Number of asset objects unloaded after import = 3
========================================================================
Received Import Request.
  Time of request: 2026-09-05T10:24:51.5779259Z
  Time since last request: 0.1697485 seconds.
  importAddress: GUID: f339c25a4bc8a7642bdf4d4d8194ec18 - Path: Assets/_Heathen Engineering/Assets/UX/Icons/Flat Icons [Free]/Free Flat Volume 0 Icon.png - Importer: PreviewImporter
Importing 'GUID: f339c25a4bc8a7642bdf4d4d8194ec18 - Path: Assets/_Heathen Engineering/Assets/UX/Icons/Flat Icons [Free]/Free Flat Volume 0 Icon.png - Importer: PreviewImporter' with importer (PreviewImporter)
Imported 'GUID: f339c25a4bc8a7642bdf4d4d8194ec18' -> (Import Result ID: 'da1c51169afc7a05bdaa70cf36772a26') in 0.023 seconds [static and dynamic dependencies]. Details - ImportResultOutputID=e13f00eae164be1b20207f2f90fbfc49 DependenciesID=7466a4d134ca221b3f44714d4cc6f019 StaticDependenciesID=3b15ff62ead208698da5472720046e8e 
Number of updated asset objects reloaded before import = 0
Number of asset objects unloaded after import = 3
========================================================================
Received Import Request.
  Time of request: 2026-09-05T10:24:51.6124371Z
  Time since last request: 0.0000873 seconds.
  importAddress: GUID: e9923c6d5bf099243b4b1ce45e68853a - Path: Assets/_Heathen Engineering/Assets/UX/Icons/Flat Icons [Free]/Free Flat Upload 2 Icon.png - Importer: PreviewImporter
Importing 'GUID: e9923c6d5bf099243b4b1ce45e68853a - Path: Assets/_Heathen Engineering/Assets/UX/Icons/Flat Icons [Free]/Free Flat Upload 2 Icon.png - Importer: PreviewImporter' with importer (PreviewImporter)
Imported 'GUID: e9923c6d5bf099243b4b1ce45e68853a' -> (Import Result ID: 'fc5cec9b4eb61b364ef5b9bd5ab0561d') in 0.011 seconds [static and dynamic dependencies]. Details - ImportResultOutputID=9d266b19f5e20be9d6095050c13fa621 DependenciesID=347c062e689f89e2c98d3fe196aaa1d4 StaticDependenciesID=40b352a5c1e236c7f0051092e326df27 
Number of updated asset objects reloaded before import = 0
Number of asset objects unloaded after import = 3
========================================================================
Received Import Request.
  Time of request: 2026-09-05T10:24:51.6807441Z
  Time since last request: 0.0391944 seconds.
  importAddress: GUID: 2514675ace6b54a4b86f2e955361c8dc - Path: Assets/_Heathen Engineering/Assets/UX/Icons/Flat Icons [Free]/Free Flat Toggle Thumb Right Icon.png - Importer: PreviewImporter
Importing 'GUID: 2514675ace6b54a4b86f2e955361c8dc - Path: Assets/_Heathen Engineering/Assets/UX/Icons/Flat Icons [Free]/Free Flat Toggle Thumb Right Icon.png - Importer: PreviewImporter' with importer (PreviewImporter)
Imported 'GUID: 2514675ace6b54a4b86f2e955361c8dc' -> (Import Result ID: 'a14371f2bf35934b7a710422a9f1b925') in 0.020 seconds [static and dynamic dependencies]. Details - ImportResultOutputID=0182cb35e9d148902d9f08e91a959a03 DependenciesID=4dca1768cf2a7f846aa0446a890e8dc1 StaticDependenciesID=4a2a6a9da1c65e2d9414a4b81fb4486a 
Number of updated asset objects reloaded before import = 0
Number of asset objects unloaded after import = 3
========================================================================
Received Import Request.
  Time of request: 2026-09-05T10:24:51.9814419Z
  Time since last request: 0.2691215 seconds.
  importAddress: GUID: 5ca38f46fb0ec0842bb1308f91141f57 - Path: Assets/_Heathen Engineering/Assets/UX/Icons/Flat Icons [Free]/Free Flat Toggle Thumb Centre Icon.png - Importer: PreviewImporter
Importing 'GUID: 5ca38f46fb0ec0842bb1308f91141f57 - Path: Assets/_Heathen Engineering/Assets/UX/Icons/Flat Icons [Free]/Free Flat Toggle Thumb Centre Icon.png - Importer: PreviewImporter' with importer (PreviewImporter)
Imported 'GUID: 5ca38f46fb0ec0842bb1308f91141f57' -> (Import Result ID: 'dfbef6903870c281f78c6523f12ca751') in 0.015 seconds [static and dynamic dependencies]. Details - ImportResultOutputID=cb96de394f9dfcae58d150f8346a367e DependenciesID=f29bc6e27d2831b2e48666358ac2624a StaticDependenciesID=f2a235d420922e53634fbea880f0f9c5 
Number of updated asset objects reloaded before import = 0
Number of asset objects unloaded after import = 3
========================================================================
Received Import Request.
  Time of request: 2026-09-05T10:24:52.0169259Z
  Time since last request: 0.0002907 seconds.
  importAddress: GUID: 1023dc51a47ee2646b092add613fd71f - Path: Assets/_Heathen Engineering/Assets/UX/Icons/Flat Icons [Free]/Free Flat Toggle Right Icon.png - Importer: PreviewImporter
Importing 'GUID: 1023dc51a47ee2646b092add613fd71f - Path: Assets/_Heathen Engineering/Assets/UX/Icons/Flat Icons [Free]/Free Flat Toggle Right Icon.png - Importer: PreviewImporter' with importer (PreviewImporter)
Imported 'GUID: 1023dc51a47ee2646b092add613fd71f' -> (Import Result ID: 'dd8e2a97c759d44b2b089d3120a00cea') in 0.014 seconds [static and dynamic dependencies]. Details - ImportResultOutputID=b790f2e7731233a5f11854d661a80f3d DependenciesID=da2b70f919267b85a6e80a2a6eee0bb8 StaticDependenciesID=7eda85e4321137782b8f375dbddf94a0 
Number of updated asset objects reloaded before import = 0
Number of asset objects unloaded after import = 3
========================================================================
Received Import Request.
  Time of request: 2026-09-05T10:24:52.0451963Z
  Time since last request: 0.0003552 seconds.
  importAddress: GUID: c94014c28c49aed4ab93b4d5bedad6a5 - Path: Assets/_Heathen Engineering/Assets/UX/Icons/Flat Icons [Free]/Free Flat Toggle Cage Icon.png - Importer: PreviewImporter
Importing 'GUID: c94014c28c49aed4ab93b4d5bedad6a5 - Path: Assets/_Heathen Engineering/Assets/UX/Icons/Flat Icons [Free]/Free Flat Toggle Cage Icon.png - Importer: PreviewImporter' with importer (PreviewImporter)
Imported 'GUID: c94014c28c49aed4ab93b4d5bedad6a5' -> (Import Result ID: 'd0d9450ba12c9004ea640547b2944fd0') in 0.025 seconds [static and dynamic dependencies]. Details - ImportResultOutputID=12e55366cc3f927f61dfeb382752fed7 DependenciesID=0110de1abb9c7e144e301842d77367b7 StaticDependenciesID=5699add42df4e939f369f0da67147e1f 
Number of updated asset objects reloaded before import = 0
Number of asset objects unloaded after import = 3
========================================================================
Received Import Request.
  Time of request: 2026-09-05T10:24:52.4928294Z
  Time since last request: 0.409677 seconds.
  importAddress: GUID: 44f10997f36483b40926d06c92414351 - Path: Assets/_Heathen Engineering/Assets/UX/Icons/Flat Icons [Free]/Free Flat Thumbs Down Icon.png - Importer: PreviewImporter
Importing 'GUID: 44f10997f36483b40926d06c92414351 - Path: Assets/_Heathen Engineering/Assets/UX/Icons/Flat Icons [Free]/Free Flat Thumbs Down Icon.png - Importer: PreviewImporter' with importer (PreviewImporter)
Imported 'GUID: 44f10997f36483b40926d06c92414351' -> (Import Result ID: 'b4347a976db9d69016d3fcc197e0f2f0') in 0.012 seconds [static and dynamic dependencies]. Details - ImportResultOutputID=b38585ead28e04e531700b8fd2bd4ab7 DependenciesID=97bebca44245ee1032708727557d3e76 StaticDependenciesID=cddddeb94af52fc894ad5dea50f061a7 
Number of updated asset objects reloaded before import = 0
Number of asset objects unloaded after import = 3
========================================================================
Received Import Request.
  Time of request: 2026-09-05T10:24:52.5252567Z
  Time since last request: 0.0001954 seconds.
  importAddress: GUID: 0579b86233f138a43b5a174d669f362b - Path: Assets/_Heathen Engineering/Assets/UX/Icons/Flat Icons [Free]/Free Flat Star Filled Icon.png - Importer: PreviewImporter
Importing 'GUID: 0579b86233f138a43b5a174d669f362b - Path: Assets/_Heathen Engineering/Assets/UX/Icons/Flat Icons [Free]/Free Flat Star Filled Icon.png - Importer: PreviewImporter' with importer (PreviewImporter)
Imported 'GUID: 0579b86233f138a43b5a174d669f362b' -> (Import Result ID: '473e740dac83e0876492b9a56c4a27a0') in 0.025 seconds [static and dynamic dependencies]. Details - ImportResultOutputID=a9bf67232dfd22f70f9d6e7a5e02c2e7 DependenciesID=95419e7b56e6ec353075087f7dbe4c7f StaticDependenciesID=9f455f51b3b3928a063bfe98f3cdcaf4 
Number of updated asset objects reloaded before import = 0
Number of asset objects unloaded after import = 3
========================================================================
Received Import Request.
  Time of request: 2026-09-05T10:24:53.0035644Z
  Time since last request: 0.4366958 seconds.
  importAddress: GUID: b626bfb4f029b8e49841dbd66431319f - Path: Assets/_Heathen Engineering/Assets/UX/Icons/Flat Icons [Free]/Free Flat Signal Up Off Icon.png - Importer: PreviewImporter
Importing 'GUID: b626bfb4f029b8e49841dbd66431319f - Path: Assets/_Heathen Engineering/Assets/UX/Icons/Flat Icons [Free]/Free Flat Signal Up Off Icon.png - Importer: PreviewImporter' with importer (PreviewImporter)
Imported 'GUID: b626bfb4f029b8e49841dbd66431319f' -> (Import Result ID: '29bc4d79ce79bc1416984c8decc50e8e') in 0.016 seconds [static and dynamic dependencies]. Details - ImportResultOutputID=19de71ae3321b742799e201e8a3922b1 DependenciesID=806fc28e66ec1642e40c536d63846ec3 StaticDependenciesID=dbd3ebf9aac55162ac31cce3cb2907f3 
Number of updated asset objects reloaded before import = 0
Number of asset objects unloaded after import = 3
========================================================================
Received Import Request.
  Time of request: 2026-09-05T10:24:53.0417027Z
  Time since last request: 0.0058967 seconds.
  importAddress: GUID: bbcbf804e83d1bd4ea93dbd6d941636e - Path: Assets/_Heathen Engineering/Assets/UX/Icons/Flat Icons [Free]/Free Flat Signal Up 011 Icon.png - Importer: PreviewImporter
Importing 'GUID: bbcbf804e83d1bd4ea93dbd6d941636e - Path: Assets/_Heathen Engineering/Assets/UX/Icons/Flat Icons [Free]/Free Flat Signal Up 011 Icon.png - Importer: PreviewImporter' with importer (PreviewImporter)
Imported 'GUID: bbcbf804e83d1bd4ea93dbd6d941636e' -> (Import Result ID: 'f06a0a0513a4d5299fa4dd5eabd74c55') in 0.022 seconds [static and dynamic dependencies]. Details - ImportResultOutputID=c5c8efb7f32c8f1bb3b5a50379dc40ef DependenciesID=9b964750d578f43ab3e653e25c700c46 StaticDependenciesID=dac5b8039a823e5636683fc41cc12aa1 
Number of updated asset objects reloaded before import = 0
Number of asset objects unloaded after import = 3
========================================================================
Received Import Request.
  Time of request: 2026-09-05T10:24:53.1261743Z
  Time since last request: 0.0509737 seconds.
  importAddress: GUID: 0eb838ecab1c6554cb140a94de6ce907 - Path: Assets/_Heathen Engineering/Assets/UX/Icons/Flat Icons [Free]/Free Flat Signal Up 2 Icon.png - Importer: PreviewImporter
Importing 'GUID: 0eb838ecab1c6554cb140a94de6ce907 - Path: Assets/_Heathen Engineering/Assets/UX/Icons/Flat Icons [Free]/Free Flat Signal Up 2 Icon.png - Importer: PreviewImporter' with importer (PreviewImporter)
Imported 'GUID: 0eb838ecab1c6554cb140a94de6ce907' -> (Import Result ID: '304c4ac49ca24b70536994a701b56da2') in 0.019 seconds [static and dynamic dependencies]. Details - ImportResultOutputID=2f73152de01de8c2dcb88999752ced04 DependenciesID=1ff49148db810e1eea82a39fd245545d StaticDependenciesID=78913b44722f10c6737391fa7fd1eef9 
Number of updated asset objects reloaded before import = 0
Number of asset objects unloaded after import = 3
========================================================================
Received Import Request.
  Time of request: 2026-09-05T10:24:53.2066302Z
  Time since last request: 0.0485385 seconds.
  importAddress: GUID: a7244b18d2f1b32478166258108232f0 - Path: Assets/_Heathen Engineering/Assets/UX/Icons/Flat Icons [Free]/Free Flat Signal Up 0 Icon.png - Importer: PreviewImporter
Importing 'GUID: a7244b18d2f1b32478166258108232f0 - Path: Assets/_Heathen Engineering/Assets/UX/Icons/Flat Icons [Free]/Free Flat Signal Up 0 Icon.png - Importer: PreviewImporter' with importer (PreviewImporter)
Imported 'GUID: a7244b18d2f1b32478166258108232f0' -> (Import Result ID: 'e9fc143dd1cf04e06fa2d1836ab7e614') in 0.025 seconds [static and dynamic dependencies]. Details - ImportResultOutputID=5362474400a5cd8d5ca04d810706329b DependenciesID=acbe9adec53101f1413a037db9fa9ed5 StaticDependenciesID=9322bb455a3118e2b314c9bef8c13aa6 
Number of updated asset objects reloaded before import = 0
Number of asset objects unloaded after import = 3
========================================================================
Received Import Request.
  Time of request: 2026-09-05T10:24:53.4924515Z
  Time since last request: 0.2474007 seconds.
  importAddress: GUID: cac9f704575bbe744b68791d16b1806a - Path: Assets/_Heathen Engineering/Assets/UX/Icons/Flat Icons [Free]/Free Flat Person Icon.png - Importer: PreviewImporter
Importing 'GUID: cac9f704575bbe744b68791d16b1806a - Path: Assets/_Heathen Engineering/Assets/UX/Icons/Flat Icons [Free]/Free Flat Person Icon.png - Importer: PreviewImporter' with importer (PreviewImporter)
Imported 'GUID: cac9f704575bbe744b68791d16b1806a' -> (Import Result ID: '56986ad4eea95a4e3f41fd2bfcb90298') in 0.017 seconds [static and dynamic dependencies]. Details - ImportResultOutputID=1acf145fb61013234acf5f3d771b0f97 DependenciesID=636f69cd07a12ab14dd48db0d5ca3cd4 StaticDependenciesID=7100a2a357e18651a8c039beed729792 
Number of updated asset objects reloaded before import = 0
Number of asset objects unloaded after import = 3
========================================================================
Received Import Request.
  Time of request: 2026-09-05T10:24:53.5337483Z
  Time since last request: 0.0039386 seconds.
  importAddress: GUID: 8cac3f9b9c687694f93a46e1b6aaf3aa - Path: Assets/_Heathen Engineering/Assets/UX/Icons/Flat Icons [Free]/Free Flat People 3 Icon.png - Importer: PreviewImporter
Importing 'GUID: 8cac3f9b9c687694f93a46e1b6aaf3aa - Path: Assets/_Heathen Engineering/Assets/UX/Icons/Flat Icons [Free]/Free Flat People 3 Icon.png - Importer: PreviewImporter' with importer (PreviewImporter)
Imported 'GUID: 8cac3f9b9c687694f93a46e1b6aaf3aa' -> (Import Result ID: '286cac477c5c7ea6329aa80db3fac362') in 0.025 seconds [static and dynamic dependencies]. Details - ImportResultOutputID=98c5f8edd8f6e06116663b9d5170f10b DependenciesID=82ba50642db11fa3242ce00992d1d4e9 StaticDependenciesID=92b8874c4ae82dab752516f8d94c38c8 
Number of updated asset objects reloaded before import = 0
Number of asset objects unloaded after import = 3
========================================================================
Received Import Request.
  Time of request: 2026-09-05T10:24:53.5716704Z
  Time since last request: 0.0003713 seconds.
  importAddress: GUID: e779ad32171e85f49bbebec977f04411 - Path: Assets/_Heathen Engineering/Assets/UX/Icons/Flat Icons [Free]/Free Flat People 1 Icon.png - Importer: PreviewImporter
Importing 'GUID: e779ad32171e85f49bbebec977f04411 - Path: Assets/_Heathen Engineering/Assets/UX/Icons/Flat Icons [Free]/Free Flat People 1 Icon.png - Importer: PreviewImporter' with importer (PreviewImporter)
Imported 'GUID: e779ad32171e85f49bbebec977f04411' -> (Import Result ID: '0c33041bce365a8ebfe98c463ef2d51e') in 0.013 seconds [static and dynamic dependencies]. Details - ImportResultOutputID=4d005e2ed4bc1b3e1f6ebce2c0f84e71 DependenciesID=a9df684dc601c5ec1388c5408ce04e81 StaticDependenciesID=4dfd3bd5dee2c559d53e105dbff80213 
Number of updated asset objects reloaded before import = 0
Number of asset objects unloaded after import = 3
========================================================================
Received Import Request.
  Time of request: 2026-09-05T10:24:53.9228955Z
  Time since last request: 0.3212675 seconds.
  importAddress: GUID: b63baeb07a1575b458e8570f910dbc41 - Path: Assets/_Heathen Engineering/Assets/UX/Icons/Flat Icons [Free]/Free Flat Mute Icon.png - Importer: PreviewImporter
Importing 'GUID: b63baeb07a1575b458e8570f910dbc41 - Path: Assets/_Heathen Engineering/Assets/UX/Icons/Flat Icons [Free]/Free Flat Mute Icon.png - Importer: PreviewImporter' with importer (PreviewImporter)
Imported 'GUID: b63baeb07a1575b458e8570f910dbc41' -> (Import Result ID: '1febeaed097eaa2058d365e7b95c2050') in 0.016 seconds [static and dynamic dependencies]. Details - ImportResultOutputID=185b7b4834f65818514c6053f2f07108 DependenciesID=467cfe5cc28db89d1548a282cabb478c StaticDependenciesID=bf261e0c3a3f6bdf18c00b121e020661 
Number of updated asset objects reloaded before import = 0
Number of asset objects unloaded after import = 3
========================================================================
Received Import Request.
  Time of request: 2026-09-05T10:24:53.9609888Z
  Time since last request: 0.0002233 seconds.
  importAddress: GUID: 547bb804169b8084a8523d172c156a03 - Path: Assets/_Heathen Engineering/Assets/UX/Icons/Flat Icons [Free]/Free Flat Music No Dashless Icon.png - Importer: PreviewImporter
Importing 'GUID: 547bb804169b8084a8523d172c156a03 - Path: Assets/_Heathen Engineering/Assets/UX/Icons/Flat Icons [Free]/Free Flat Music No Dashless Icon.png - Importer: PreviewImporter' with importer (PreviewImporter)
Imported 'GUID: 547bb804169b8084a8523d172c156a03' -> (Import Result ID: '9732db31e6efd1f385312b8892f64cab') in 0.021 seconds [static and dynamic dependencies]. Details - ImportResultOutputID=f507cd9662a8b890730b96e235a81ac3 DependenciesID=e3c53fb8522b718e6a29d889e6b22315 StaticDependenciesID=7e300eeb78ac993c089f203c443d4847 
Number of updated asset objects reloaded before import = 0
Number of asset objects unloaded after import = 3
========================================================================
Received Import Request.
  Time of request: 2026-09-05T10:24:53.9966793Z
  Time since last request: 0.0004314 seconds.
  importAddress: GUID: cfeb52c1158468445be82e5c877e4f1a - Path: Assets/_Heathen Engineering/Assets/UX/Icons/Flat Icons [Free]/Free Flat Music Icon.png - Importer: PreviewImporter
Importing 'GUID: cfeb52c1158468445be82e5c877e4f1a - Path: Assets/_Heathen Engineering/Assets/UX/Icons/Flat Icons [Free]/Free Flat Music Icon.png - Importer: PreviewImporter' with importer (PreviewImporter)
Imported 'GUID: cfeb52c1158468445be82e5c877e4f1a' -> (Import Result ID: 'ad7f4a7aa23f03ab7569b0dedacdd13f') in 0.024 seconds [static and dynamic dependencies]. Details - ImportResultOutputID=11b2ca3cd0309aaa36c867684cef104a DependenciesID=7d67cfc59d9d0e6ba3b24474f9b66651 StaticDependenciesID=d95426ed4e76aae83d0b4999ee8b079c 
Number of updated asset objects reloaded before import = 0
Number of asset objects unloaded after import = 3
========================================================================
Received Import Request.
  Time of request: 2026-09-05T10:24:54.0340262Z
  Time since last request: 0.0007641 seconds.
  importAddress: GUID: 27e3504e0ecab4f478e174d2f4f4be75 - Path: Assets/_Heathen Engineering/Assets/UX/Icons/Flat Icons [Free]/Free Flat Move Out Icon.png - Importer: PreviewImporter
Importing 'GUID: 27e3504e0ecab4f478e174d2f4f4be75 - Path: Assets/_Heathen Engineering/Assets/UX/Icons/Flat Icons [Free]/Free Flat Move Out Icon.png - Importer: PreviewImporter' with importer (PreviewImporter)
Imported 'GUID: 27e3504e0ecab4f478e174d2f4f4be75' -> (Import Result ID: '30f72fc8d699344c478dcc8146d7cfa9') in 0.014 seconds [static and dynamic dependencies]. Details - ImportResultOutputID=793427f9e0c6741589f1af1ebe49f956 DependenciesID=76d8a9c333b2f1dae6bc83f07c5a5fb1 StaticDependenciesID=9e5f1cc2dc609e4628e93792532db265 
Number of updated asset objects reloaded before import = 0
Number of asset objects unloaded after import = 3
========================================================================
Received Import Request.
  Time of request: 2026-09-05T10:24:54.3478597Z
  Time since last request: 0.2866691 seconds.
  importAddress: GUID: fb23ae9c9c616a34a808b7e87e761a4b - Path: Assets/_Heathen Engineering/Assets/UX/Icons/Flat Icons [Free]/Free Flat Move In Icon.png - Importer: PreviewImporter
Importing 'GUID: fb23ae9c9c616a34a808b7e87e761a4b - Path: Assets/_Heathen Engineering/Assets/UX/Icons/Flat Icons [Free]/Free Flat Move In Icon.png - Importer: PreviewImporter' with importer (PreviewImporter)
Imported 'GUID: fb23ae9c9c616a34a808b7e87e761a4b' -> (Import Result ID: '7d69019325d5345ebeb80d8543984f2b') in 0.015 seconds [static and dynamic dependencies]. Details - ImportResultOutputID=f1878b0db7941d651a7c149a30607ee1 DependenciesID=6c8cdb272db5eee9e3b90f467204a308 StaticDependenciesID=1b516ae50e81b55f5677a69b26cabea8 
Number of updated asset objects reloaded before import = 0
Number of asset objects unloaded after import = 3
========================================================================
Received Import Request.
  Time of request: 2026-09-05T10:24:54.3874063Z
  Time since last request: 0.0025352 seconds.
  importAddress: GUID: 50fea1eac0ada9a46b84161f5c9db6cd - Path: Assets/_Heathen Engineering/Assets/UX/Icons/Flat Icons [Free]/Free Flat Mic Off Dashless Icon.png - Importer: PreviewImporter
Importing 'GUID: 50fea1eac0ada9a46b84161f5c9db6cd - Path: Assets/_Heathen Engineering/Assets/UX/Icons/Flat Icons [Free]/Free Flat Mic Off Dashless Icon.png - Importer: PreviewImporter' with importer (PreviewImporter)
Imported 'GUID: 50fea1eac0ada9a46b84161f5c9db6cd' -> (Import Result ID: 'eca23f941ec087d92f455ea21e968e9d') in 0.024 seconds [static and dynamic dependencies]. Details - ImportResultOutputID=7d2f6b4958fa18cc1460c8d2a273e01b DependenciesID=a3018d43780ad55799c3452fe6f7c184 StaticDependenciesID=649a7e3f497d8010efdfc009a2ffd696 
Number of updated asset objects reloaded before import = 0
Number of asset objects unloaded after import = 3
========================================================================
Received Import Request.
  Time of request: 2026-09-05T10:24:54.4261064Z
  Time since last request: 0.0003504 seconds.
  importAddress: GUID: c6a91fdbbdde167459002f1c9ca6b127 - Path: Assets/_Heathen Engineering/Assets/UX/Icons/Flat Icons [Free]/Free Flat Mic Off Dash Icon.png - Importer: PreviewImporter
Importing 'GUID: c6a91fdbbdde167459002f1c9ca6b127 - Path: Assets/_Heathen Engineering/Assets/UX/Icons/Flat Icons [Free]/Free Flat Mic Off Dash Icon.png - Importer: PreviewImporter' with importer (PreviewImporter)
Imported 'GUID: c6a91fdbbdde167459002f1c9ca6b127' -> (Import Result ID: '119ec71b9d7fbfc2a84af23aa343b487') in 0.012 seconds [static and dynamic dependencies]. Details - ImportResultOutputID=b700c461742afaf884c7b7d5f5f6fb26 DependenciesID=e72dbbd5024545c87873472d989b7eba StaticDependenciesID=844a4bd8c4d90939c3d0246d7e626cb7 
Number of updated asset objects reloaded before import = 0
Number of asset objects unloaded after import = 3
========================================================================
Received Import Request.
  Time of request: 2026-09-05T10:24:54.8373819Z
  Time since last request: 0.3841912 seconds.
  importAddress: GUID: d5ad855c08e83c3409a8053c8f886d54 - Path: Assets/_Heathen Engineering/Assets/UX/Icons/Flat Icons [Free]/Free Flat Mic No Cross Icon.png - Importer: PreviewImporter
Importing 'GUID: d5ad855c08e83c3409a8053c8f886d54 - Path: Assets/_Heathen Engineering/Assets/UX/Icons/Flat Icons [Free]/Free Flat Mic No Cross Icon.png - Importer: PreviewImporter' with importer (PreviewImporter)
Imported 'GUID: d5ad855c08e83c3409a8053c8f886d54' -> (Import Result ID: 'cb7eb79147412361d4f2f41fa806392a') in 0.016 seconds [static and dynamic dependencies]. Details - ImportResultOutputID=e1169e5e432551d936a88b223ad9a784 DependenciesID=482fbd133434dbda1297a474ffd79791 StaticDependenciesID=a67d2fd2c7762d83b32770ffc5c2610b 
Number of updated asset objects reloaded before import = 0
Number of asset objects unloaded after import = 3
========================================================================
Received Import Request.
  Time of request: 2026-09-05T10:24:54.8783664Z
  Time since last request: 0.0038617 seconds.
  importAddress: GUID: 4ce624e3d198e86438d872c3a6b74c39 - Path: Assets/_Heathen Engineering/Assets/UX/Icons/Flat Icons [Free]/Free Flat Menu 12 Icon.png - Importer: PreviewImporter
Importing 'GUID: 4ce624e3d198e86438d872c3a6b74c39 - Path: Assets/_Heathen Engineering/Assets/UX/Icons/Flat Icons [Free]/Free Flat Menu 12 Icon.png - Importer: PreviewImporter' with importer (PreviewImporter)
Imported 'GUID: 4ce624e3d198e86438d872c3a6b74c39' -> (Import Result ID: '5b3be5277a6bdbd44b27c8c68bc84b1b') in 0.021 seconds [static and dynamic dependencies]. Details - ImportResultOutputID=41d0e73caf9575d310e28016806c18ec DependenciesID=353dfa6c9793e25a5a80c315e9ff909c StaticDependenciesID=fdcc773bb270bc46fbe5f8c59bdf618a 
Number of updated asset objects reloaded before import = 0
Number of asset objects unloaded after import = 3
========================================================================
Received Import Request.
  Time of request: 2026-09-05T10:24:54.9384768Z
  Time since last request: 0.023539 seconds.
  importAddress: GUID: 461c7ab371b3c814e836b1682d4162b3 - Path: Assets/_Heathen Engineering/Assets/UX/Icons/Flat Icons [Free]/Free Flat Menu 10 Icon.png - Importer: PreviewImporter
Importing 'GUID: 461c7ab371b3c814e836b1682d4162b3 - Path: Assets/_Heathen Engineering/Assets/UX/Icons/Flat Icons [Free]/Free Flat Menu 10 Icon.png - Importer: PreviewImporter' with importer (PreviewImporter)
Imported 'GUID: 461c7ab371b3c814e836b1682d4162b3' -> (Import Result ID: '915c90e27d5f3452ce54bbc5ed04dc70') in 0.016 seconds [static and dynamic dependencies]. Details - ImportResultOutputID=ba8397e7bc181b0afa0c76b9a48ff8ee DependenciesID=467d6fa3b9ccfe7ebf226b0dbea84b9a StaticDependenciesID=27ef5cf488331137f20c205c547fa03a 
Number of updated asset objects reloaded before import = 0
Number of asset objects unloaded after import = 3
========================================================================
Received Import Request.
  Time of request: 2026-09-05T10:24:54.9672845Z
  Time since last request: 0.0001617 seconds.
  importAddress: GUID: c53a8d00e4c3bb34998868ca02b1cd74 - Path: Assets/_Heathen Engineering/Assets/UX/Icons/Flat Icons [Free]/Free Flat Menu 9 Icon.png - Importer: PreviewImporter
Importing 'GUID: c53a8d00e4c3bb34998868ca02b1cd74 - Path: Assets/_Heathen Engineering/Assets/UX/Icons/Flat Icons [Free]/Free Flat Menu 9 Icon.png - Importer: PreviewImporter' with importer (PreviewImporter)
Imported 'GUID: c53a8d00e4c3bb34998868ca02b1cd74' -> (Import Result ID: 'd7ac83567161ac5cd58a932e201703a9') in 0.021 seconds [static and dynamic dependencies]. Details - ImportResultOutputID=c822bc15b8f066dc4fcb4445d6aa921d DependenciesID=f1efa73488b4064684140c605e5c921b StaticDependenciesID=c0157e265cab682f97bd71b174cda532 
Number of updated asset objects reloaded before import = 0
Number of asset objects unloaded after import = 3
========================================================================
Received Import Request.
  Time of request: 2026-09-05T10:24:55.32157Z
  Time since last request: 0.3209833 seconds.
  importAddress: GUID: fe1f07455434e6a4db092145b8bdd1f9 - Path: Assets/_Heathen Engineering/Assets/UX/Icons/Flat Icons [Free]/Free Flat Menu 6 Icon.png - Importer: PreviewImporter
Importing 'GUID: fe1f07455434e6a4db092145b8bdd1f9 - Path: Assets/_Heathen Engineering/Assets/UX/Icons/Flat Icons [Free]/Free Flat Menu 6 Icon.png - Importer: PreviewImporter' with importer (PreviewImporter)
Imported 'GUID: fe1f07455434e6a4db092145b8bdd1f9' -> (Import Result ID: '4eec48a42604ff646bc38ee665e5fcbd') in 0.014 seconds [static and dynamic dependencies]. Details - ImportResultOutputID=eed93912516ad89a4b5de97877d12593 DependenciesID=6cd550305f9de44a9497078c2181bf64 StaticDependenciesID=6e3452568f67073d17080c84d0ab0ecd 
Number of updated asset objects reloaded before import = 0
Number of asset objects unloaded after import = 3
========================================================================
Received Import Request.
  Time of request: 2026-09-05T10:24:55.3574668Z
  Time since last request: 0.003254 seconds.
  importAddress: GUID: 1ab4b47fe981ba54bb256ded73fe7301 - Path: Assets/_Heathen Engineering/Assets/UX/Icons/Flat Icons [Free]/Free Flat Menu 4 Icon.png - Importer: PreviewImporter
Importing 'GUID: 1ab4b47fe981ba54bb256ded73fe7301 - Path: Assets/_Heathen Engineering/Assets/UX/Icons/Flat Icons [Free]/Free Flat Menu 4 Icon.png - Importer: PreviewImporter' with importer (PreviewImporter)
Imported 'GUID: 1ab4b47fe981ba54bb256ded73fe7301' -> (Import Result ID: '7d7bd9908b13904349698519071b92d5') in 0.022 seconds [static and dynamic dependencies]. Details - ImportResultOutputID=0c163faad68491749eeb38b04b395f66 DependenciesID=1921de1e085c1fea3397e0abdaec024b StaticDependenciesID=bbdf93fd507acff59e481eece60310f1 
Number of updated asset objects reloaded before import = 0
Number of asset objects unloaded after import = 3
========================================================================
Received Import Request.
  Time of request: 2026-09-05T10:24:55.7333032Z
  Time since last request: 0.3387185 seconds.
  importAddress: GUID: 0e89f78e71f5979439b0c05bb022f87b - Path: Assets/_Heathen Engineering/Assets/UX/Icons/Flat Icons [Free]/Free Flat Menu 2 Icon.png - Importer: PreviewImporter
Importing 'GUID: 0e89f78e71f5979439b0c05bb022f87b - Path: Assets/_Heathen Engineering/Assets/UX/Icons/Flat Icons [Free]/Free Flat Menu 2 Icon.png - Importer: PreviewImporter' with importer (PreviewImporter)
Imported 'GUID: 0e89f78e71f5979439b0c05bb022f87b' -> (Import Result ID: '0984477474de84d573ab9687f501c911') in 0.012 seconds [static and dynamic dependencies]. Details - ImportResultOutputID=3bef8bfb4a1c63c4833163b9b8435c62 DependenciesID=e2e91788065bbdb06420730406027816 StaticDependenciesID=58d08d57e04f7ac63d3525b8f2509ee1 
Number of updated asset objects reloaded before import = 0
Number of asset objects unloaded after import = 3
========================================================================
Received Import Request.
  Time of request: 2026-09-05T10:24:55.7664304Z
  Time since last request: 0.0008246 seconds.
  importAddress: GUID: 54edad069dc0f1148bf3ab0538fa2391 - Path: Assets/_Heathen Engineering/Assets/UX/Icons/Flat Icons [Free]/Free Flat Menu 1 Icon.png - Importer: PreviewImporter
Importing 'GUID: 54edad069dc0f1148bf3ab0538fa2391 - Path: Assets/_Heathen Engineering/Assets/UX/Icons/Flat Icons [Free]/Free Flat Menu 1 Icon.png - Importer: PreviewImporter' with importer (PreviewImporter)
Imported 'GUID: 54edad069dc0f1148bf3ab0538fa2391' -> (Import Result ID: '43ca0c195e0038c1180b12763e55626a') in 0.014 seconds [static and dynamic dependencies]. Details - ImportResultOutputID=7384bc3dff7b8ffa4a513823f00a1739 DependenciesID=6a125f58ac4750f3de392c6aeb443223 StaticDependenciesID=b1942dbd3a188a75c381bad1197b1b36 
Number of updated asset objects reloaded before import = 0
Number of asset objects unloaded after import = 3
========================================================================
Received Import Request.
  Time of request: 2026-09-05T10:24:55.8110506Z
  Time since last request: 0.014733 seconds.
  importAddress: GUID: ddf6af97ee5fb574a9f23107f5fda6de - Path: Assets/_Heathen Engineering/Assets/UX/Icons/Flat Icons [Free]/Free Flat Media Right Full Icon.png - Importer: PreviewImporter
Importing 'GUID: ddf6af97ee5fb574a9f23107f5fda6de - Path: Assets/_Heathen Engineering/Assets/UX/Icons/Flat Icons [Free]/Free Flat Media Right Full Icon.png - Importer: PreviewImporter' with importer (PreviewImporter)
Imported 'GUID: ddf6af97ee5fb574a9f23107f5fda6de' -> (Import Result ID: 'dcbf26789a3aa1036059d44c93c96857') in 0.018 seconds [static and dynamic dependencies]. Details - ImportResultOutputID=5d5f666056c9a10fb4c9404313ca342d DependenciesID=8b7b31c476c5cf42ee1e15014ac0f0a3 StaticDependenciesID=b769cea221b88f986a8210cad2c03e48 
Number of updated asset objects reloaded before import = 0
Number of asset objects unloaded after import = 3
========================================================================
Received Import Request.
  Time of request: 2026-09-05T10:24:55.8872098Z
  Time since last request: 0.0435175 seconds.
  importAddress: GUID: 5fc710f713ac1be468e5c8ef2b11239c - Path: Assets/_Heathen Engineering/Assets/UX/Icons/Flat Icons [Free]/Free Flat Media Pause Icon.png - Importer: PreviewImporter
Importing 'GUID: 5fc710f713ac1be468e5c8ef2b11239c - Path: Assets/_Heathen Engineering/Assets/UX/Icons/Flat Icons [Free]/Free Flat Media Pause Icon.png - Importer: PreviewImporter' with importer (PreviewImporter)
Imported 'GUID: 5fc710f713ac1be468e5c8ef2b11239c' -> (Import Result ID: 'c08ff164c5200569fcdb15629a81523d') in 0.015 seconds [static and dynamic dependencies]. Details - ImportResultOutputID=9861588c39681df292935ea14e16385c DependenciesID=a5dc5a2c44d41cc89068cfa1b62e9292 StaticDependenciesID=43080671f7f50565c3e28fa870a14f78 
Number of updated asset objects reloaded before import = 0
Number of asset objects unloaded after import = 3
========================================================================
Received Import Request.
  Time of request: 2026-09-05T10:24:56.2522724Z
  Time since last request: 0.332788 seconds.
  importAddress: GUID: 384f096438e6ce64d8d0ce0cc29739c5 - Path: Assets/_Heathen Engineering/Assets/UX/Icons/Flat Icons [Free]/Free Flat Media Left Full Icon.png - Importer: PreviewImporter
Importing 'GUID: 384f096438e6ce64d8d0ce0cc29739c5 - Path: Assets/_Heathen Engineering/Assets/UX/Icons/Flat Icons [Free]/Free Flat Media Left Full Icon.png - Importer: PreviewImporter' with importer (PreviewImporter)
Imported 'GUID: 384f096438e6ce64d8d0ce0cc29739c5' -> (Import Result ID: '3e9cb7a239dbd47ad3b80f9a5807e53e') in 0.024 seconds [static and dynamic dependencies]. Details - ImportResultOutputID=9b83cf7171a703b8f928f940f3e4364f DependenciesID=c0eb1f01672ca9d159ac878c32922147 StaticDependenciesID=ded8f02354c5c0c98b28c2f3328986c0 
Number of updated asset objects reloaded before import = 0
Number of asset objects unloaded after import = 3
========================================================================
Received Import Request.
  Time of request: 2026-09-05T10:24:56.2980105Z
  Time since last request: 0.0002778 seconds.
  importAddress: GUID: e8e788d00a023ef4ea9a8e321c8efb2a - Path: Assets/_Heathen Engineering/Assets/UX/Icons/Flat Icons [Free]/Free Flat Magnify Plus Icon.png - Importer: PreviewImporter
Importing 'GUID: e8e788d00a023ef4ea9a8e321c8efb2a - Path: Assets/_Heathen Engineering/Assets/UX/Icons/Flat Icons [Free]/Free Flat Magnify Plus Icon.png - Importer: PreviewImporter' with importer (PreviewImporter)
Imported 'GUID: e8e788d00a023ef4ea9a8e321c8efb2a' -> (Import Result ID: 'c677bf4ca914b05102975c97e789ef79') in 0.020 seconds [static and dynamic dependencies]. Details - ImportResultOutputID=dee13af01c1cd3a8c3441d2966b89bbc DependenciesID=d705bb058e5bdbd43c3d9d35074a4c94 StaticDependenciesID=c3b7f54af7baa25c46eacbcd1d6c304e 
Number of updated asset objects reloaded before import = 0
Number of asset objects unloaded after import = 3
========================================================================
Received Import Request.
  Time of request: 2026-09-05T10:24:56.3367514Z
  Time since last request: 0.0004123 seconds.
  importAddress: GUID: b6bc290c5fb5d2b4d830dc9d31d43119 - Path: Assets/_Heathen Engineering/Assets/UX/Icons/Flat Icons [Free]/Free Flat Magnify Icon.png - Importer: PreviewImporter
Importing 'GUID: b6bc290c5fb5d2b4d830dc9d31d43119 - Path: Assets/_Heathen Engineering/Assets/UX/Icons/Flat Icons [Free]/Free Flat Magnify Icon.png - Importer: PreviewImporter' with importer (PreviewImporter)
Imported 'GUID: b6bc290c5fb5d2b4d830dc9d31d43119' -> (Import Result ID: 'fcfc22138385283b67cc746c6284d3b1') in 0.010 seconds [static and dynamic dependencies]. Details - ImportResultOutputID=c5d806defb5f08dd152471771e12565a DependenciesID=d7c6c5a78fb1eaadc3d618ce2daa441a StaticDependenciesID=301d43ab58c722f040f91581aa7a27e7 
Number of updated asset objects reloaded before import = 0
Number of asset objects unloaded after import = 3
========================================================================
Received Import Request.
  Time of request: 2026-09-05T10:24:56.8235136Z
  Time since last request: 0.4623593 seconds.
  importAddress: GUID: 640b86b0058321e4fab8001b90531991 - Path: Assets/_Heathen Engineering/Assets/UX/Icons/Flat Icons [Free]/Free Flat Lock Closed Icon.png - Importer: PreviewImporter
Importing 'GUID: 640b86b0058321e4fab8001b90531991 - Path: Assets/_Heathen Engineering/Assets/UX/Icons/Flat Icons [Free]/Free Flat Lock Closed Icon.png - Importer: PreviewImporter' with importer (PreviewImporter)
Imported 'GUID: 640b86b0058321e4fab8001b90531991' -> (Import Result ID: '590fe17392d4dcd9994af79d917ce26c') in 0.020 seconds [static and dynamic dependencies]. Details - ImportResultOutputID=b2a6cd0bc03b808b49deca3e8080d853 DependenciesID=97e70b556178d728d9d120c001bcb7ad StaticDependenciesID=c1915efdf82ce3d5f1f1e9969b4b9ef5 
Number of updated asset objects reloaded before import = 0
Number of asset objects unloaded after import = 3
========================================================================
Received Import Request.
  Time of request: 2026-09-05T10:24:56.8936993Z
  Time since last request: 0.0291121 seconds.
  importAddress: GUID: 540b141eb0ec4494d9b42bd9ea32cd93 - Path: Assets/_Heathen Engineering/Assets/UX/Icons/Flat Icons [Free]/Free Flat Hyphen Icon.png - Importer: PreviewImporter
Importing 'GUID: 540b141eb0ec4494d9b42bd9ea32cd93 - Path: Assets/_Heathen Engineering/Assets/UX/Icons/Flat Icons [Free]/Free Flat Hyphen Icon.png - Importer: PreviewImporter' with importer (PreviewImporter)
Imported 'GUID: 540b141eb0ec4494d9b42bd9ea32cd93' -> (Import Result ID: '0279834c3cb2507d98f755f7fe508f2f') in 0.016 seconds [static and dynamic dependencies]. Details - ImportResultOutputID=aded7a38ab3871356bce7c3dbe12f98a DependenciesID=cb2b4a88d37d202561c8fa3b22b489ab StaticDependenciesID=d4e8b8f7382406a7f5e4ddde88dbe1c4 
Number of updated asset objects reloaded before import = 0
Number of asset objects unloaded after import = 3
========================================================================
Received Import Request.
  Time of request: 2026-09-05T10:24:57.3651977Z
  Time since last request: 0.439397 seconds.
  importAddress: GUID: 4217838d18d06c04fbb38361be7b975f - Path: Assets/_Heathen Engineering/Assets/UX/Icons/Flat Icons [Free]/Free Flat Heart Filled Icon.png - Importer: PreviewImporter
Importing 'GUID: 4217838d18d06c04fbb38361be7b975f - Path: Assets/_Heathen Engineering/Assets/UX/Icons/Flat Icons [Free]/Free Flat Heart Filled Icon.png - Importer: PreviewImporter' with importer (PreviewImporter)
Imported 'GUID: 4217838d18d06c04fbb38361be7b975f' -> (Import Result ID: '2a2107ba36b65dcdd3da7550c0257cf9') in 0.013 seconds [static and dynamic dependencies]. Details - ImportResultOutputID=7643ea5dbd93ec18a32ace4ca5797e30 DependenciesID=6eb41eb3ce53101633c375dc54ecba61 StaticDependenciesID=4005eaae45ea834230804719345e15f5 
Number of updated asset objects reloaded before import = 0
Number of asset objects unloaded after import = 3
========================================================================
Received Import Request.
  Time of request: 2026-09-05T10:24:57.4359114Z
  Time since last request: 0.0376828 seconds.
  importAddress: GUID: 90e127db07a8eb542a422512cb421d2c - Path: Assets/_Heathen Engineering/Assets/UX/Icons/Flat Icons [Free]/Free Flat Hat Split W Icon.png - Importer: PreviewImporter
Importing 'GUID: 90e127db07a8eb542a422512cb421d2c - Path: Assets/_Heathen Engineering/Assets/UX/Icons/Flat Icons [Free]/Free Flat Hat Split W Icon.png - Importer: PreviewImporter' with importer (PreviewImporter)
Imported 'GUID: 90e127db07a8eb542a422512cb421d2c' -> (Import Result ID: '0d64486c2a9bcd7373c7856b1c13b0eb') in 0.022 seconds [static and dynamic dependencies]. Details - ImportResultOutputID=f1171c2b73a98dd07fbc92ca40f2194d DependenciesID=704209eaedc65be7f1e36e99e52e0b50 StaticDependenciesID=87ff1a031db180dd551957333317e53d 
Number of updated asset objects reloaded before import = 0
Number of asset objects unloaded after import = 3
========================================================================
Received Import Request.
  Time of request: 2026-09-05T10:24:57.4726505Z
  Time since last request: 0.0001529 seconds.
  importAddress: GUID: 8fd96ff0c98bc8a4da092b4c4ecab60f - Path: Assets/_Heathen Engineering/Assets/UX/Icons/Flat Icons [Free]/Free Flat Hat Split SE Icon.png - Importer: PreviewImporter
Importing 'GUID: 8fd96ff0c98bc8a4da092b4c4ecab60f - Path: Assets/_Heathen Engineering/Assets/UX/Icons/Flat Icons [Free]/Free Flat Hat Split SE Icon.png - Importer: PreviewImporter' with importer (PreviewImporter)
Imported 'GUID: 8fd96ff0c98bc8a4da092b4c4ecab60f' -> (Import Result ID: '9c52b560b4488fb257b518af3bcd0c02') in 0.015 seconds [static and dynamic dependencies]. Details - ImportResultOutputID=a9a102467ab0f5db76a3e7be3c2fd16c DependenciesID=3788eddeb0ca8272ac89eabe16e3dd41 StaticDependenciesID=703b39cc691b530d92a469962cf623b7 
Number of updated asset objects reloaded before import = 0
Number of asset objects unloaded after import = 3
========================================================================
Received Import Request.
  Time of request: 2026-09-05T10:24:57.5190463Z
  Time since last request: 0.0114989 seconds.
  importAddress: GUID: e9c01f7dbcef8ef4aa228dd4b2d7661a - Path: Assets/_Heathen Engineering/Assets/UX/Icons/Flat Icons [Free]/Free Flat Hat Split NWS Icon.png - Importer: PreviewImporter
Importing 'GUID: e9c01f7dbcef8ef4aa228dd4b2d7661a - Path: Assets/_Heathen Engineering/Assets/UX/Icons/Flat Icons [Free]/Free Flat Hat Split NWS Icon.png - Importer: PreviewImporter' with importer (PreviewImporter)
Imported 'GUID: e9c01f7dbcef8ef4aa228dd4b2d7661a' -> (Import Result ID: '17f9c5cf5802791726ce996a6d9a1b0f') in 0.017 seconds [static and dynamic dependencies]. Details - ImportResultOutputID=163e68d15f48b9ebf1adb0170f90ce9b DependenciesID=01a1d5b016fb2bd6f506b07a55979997 StaticDependenciesID=5627b8f651b79989bb26365cc0b6f202 
Number of updated asset objects reloaded before import = 0
Number of asset objects unloaded after import = 3
========================================================================
Received Import Request.
  Time of request: 2026-09-05T10:24:57.5496091Z
  Time since last request: 0.0004201 seconds.
  importAddress: GUID: 0882a00e59f52a543800a1a52bbba249 - Path: Assets/_Heathen Engineering/Assets/UX/Icons/Flat Icons [Free]/Free Flat Hat Split NW Icon.png - Importer: PreviewImporter
Importing 'GUID: 0882a00e59f52a543800a1a52bbba249 - Path: Assets/_Heathen Engineering/Assets/UX/Icons/Flat Icons [Free]/Free Flat Hat Split NW Icon.png - Importer: PreviewImporter' with importer (PreviewImporter)
Imported 'GUID: 0882a00e59f52a543800a1a52bbba249' -> (Import Result ID: '02de3b4bf125be7fa925e762ea27bc14') in 0.019 seconds [static and dynamic dependencies]. Details - ImportResultOutputID=9194922035d13675f037b3743b0e0dc3 DependenciesID=93220bbde65938b20fcdec3fedf6636f StaticDependenciesID=197c862ba7d3f9865100c017a4c21448 
Number of updated asset objects reloaded before import = 0
Number of asset objects unloaded after import = 3
========================================================================
Received Import Request.
  Time of request: 2026-09-05T10:24:57.8965058Z
  Time since last request: 0.3149703 seconds.
  importAddress: GUID: c13c42142e883da49b83522d06caeb61 - Path: Assets/_Heathen Engineering/Assets/UX/Icons/Flat Icons [Free]/Free Flat Hat Split NES Icon.png - Importer: PreviewImporter
Importing 'GUID: c13c42142e883da49b83522d06caeb61 - Path: Assets/_Heathen Engineering/Assets/UX/Icons/Flat Icons [Free]/Free Flat Hat Split NES Icon.png - Importer: PreviewImporter' with importer (PreviewImporter)
Imported 'GUID: c13c42142e883da49b83522d06caeb61' -> (Import Result ID: '5ba0c9f2b1703395c7f813da80ba43d8') in 0.021 seconds [static and dynamic dependencies]. Details - ImportResultOutputID=88ce3a1ce32c0604f161d70e75dea53b DependenciesID=c88b86e242fc3d187649a535171a712d StaticDependenciesID=b3258237125df88b1c94b16519727460 
Number of updated asset objects reloaded before import = 0
Number of asset objects unloaded after import = 3
========================================================================
Received Import Request.
  Time of request: 2026-09-05T10:24:57.9379192Z
  Time since last request: 0.0003755 seconds.
  importAddress: GUID: f49975360a7f21c488118ad3121430d6 - Path: Assets/_Heathen Engineering/Assets/UX/Icons/Flat Icons [Free]/Free Flat Hat Split N Icon.png - Importer: PreviewImporter
Importing 'GUID: f49975360a7f21c488118ad3121430d6 - Path: Assets/_Heathen Engineering/Assets/UX/Icons/Flat Icons [Free]/Free Flat Hat Split N Icon.png - Importer: PreviewImporter' with importer (PreviewImporter)
Imported 'GUID: f49975360a7f21c488118ad3121430d6' -> (Import Result ID: 'e1335b9e1eb69cec0af8b82c666eda2f') in 0.021 seconds [static and dynamic dependencies]. Details - ImportResultOutputID=3906e662d43311dc296c705a5f733461 DependenciesID=6057e20d9dbdfcd73d58869c4e246095 StaticDependenciesID=36432104e4b28b4e058c6e3d71ea4f0e 
Number of updated asset objects reloaded before import = 0
Number of asset objects unloaded after import = 3
========================================================================
Received Import Request.
  Time of request: 2026-09-05T10:24:57.9758449Z
  Time since last request: 0.0005465 seconds.
  importAddress: GUID: d1cf728dc5f8f1146bbdb20b1d77e043 - Path: Assets/_Heathen Engineering/Assets/UX/Icons/Flat Icons [Free]/Free Flat Hat Split EW Icon.png - Importer: PreviewImporter
Importing 'GUID: d1cf728dc5f8f1146bbdb20b1d77e043 - Path: Assets/_Heathen Engineering/Assets/UX/Icons/Flat Icons [Free]/Free Flat Hat Split EW Icon.png - Importer: PreviewImporter' with importer (PreviewImporter)
Imported 'GUID: d1cf728dc5f8f1146bbdb20b1d77e043' -> (Import Result ID: '9da96f75149875e34a0eb4115f878124') in 0.012 seconds [static and dynamic dependencies]. Details - ImportResultOutputID=8fff11d121902190a139e6e0343ec9cf DependenciesID=2c968c1eda70afa448b907a6ea775178 StaticDependenciesID=143a04c1ca5d481d313cd2267c4cc1ee 
Number of updated asset objects reloaded before import = 0
Number of asset objects unloaded after import = 3
========================================================================
Received Import Request.
  Time of request: 2026-09-05T10:24:58.0272306Z
  Time since last request: 0.0217357 seconds.
  importAddress: GUID: 30990340d6554dc439a6db77a98c2e70 - Path: Assets/_Heathen Engineering/Assets/UX/Icons/Flat Icons [Free]/Free Flat Hat Split E Icon.png - Importer: PreviewImporter
Importing 'GUID: 30990340d6554dc439a6db77a98c2e70 - Path: Assets/_Heathen Engineering/Assets/UX/Icons/Flat Icons [Free]/Free Flat Hat Split E Icon.png - Importer: PreviewImporter' with importer (PreviewImporter)
Imported 'GUID: 30990340d6554dc439a6db77a98c2e70' -> (Import Result ID: '6d50159218408b669cda77064a4fe8c4') in 0.018 seconds [static and dynamic dependencies]. Details - ImportResultOutputID=73f603a7b087f0bb02ee6f6db30d3550 DependenciesID=9cd5a5ae583a67bd142f54f844bef38a StaticDependenciesID=c0710698de277d6f68046826e75efe9d 
Number of updated asset objects reloaded before import = 0
Number of asset objects unloaded after import = 3
========================================================================
Received Import Request.
  Time of request: 2026-09-05T10:24:58.3769934Z
  Time since last request: 0.3182465 seconds.
  importAddress: GUID: b2271e079e70d6c4dbee30583586e16b - Path: Assets/_Heathen Engineering/Assets/UX/Icons/Flat Icons [Free]/Free Flat Hat Solid W Icon.png - Importer: PreviewImporter
Importing 'GUID: b2271e079e70d6c4dbee30583586e16b - Path: Assets/_Heathen Engineering/Assets/UX/Icons/Flat Icons [Free]/Free Flat Hat Solid W Icon.png - Importer: PreviewImporter' with importer (PreviewImporter)
Imported 'GUID: b2271e079e70d6c4dbee30583586e16b' -> (Import Result ID: '38dd17df2bec4fc81dd99ce2debf3417') in 0.025 seconds [static and dynamic dependencies]. Details - ImportResultOutputID=8a883a29c70d7a0ef01d65b82a195fce DependenciesID=5bbaafb6630c5a533a61010d8b72a57e StaticDependenciesID=932506ba84a52bdc08110d8c9869fcf4 
Number of updated asset objects reloaded before import = 0
Number of asset objects unloaded after import = 3
========================================================================
Received Import Request.
  Time of request: 2026-09-05T10:24:58.4156943Z
  Time since last request: 0.0003968 seconds.
  importAddress: GUID: 11299bf0a0917514d9e6c313cd385549 - Path: Assets/_Heathen Engineering/Assets/UX/Icons/Flat Icons [Free]/Free Flat Hat Solid SW Icon.png - Importer: PreviewImporter
Importing 'GUID: 11299bf0a0917514d9e6c313cd385549 - Path: Assets/_Heathen Engineering/Assets/UX/Icons/Flat Icons [Free]/Free Flat Hat Solid SW Icon.png - Importer: PreviewImporter' with importer (PreviewImporter)
Imported 'GUID: 11299bf0a0917514d9e6c313cd385549' -> (Import Result ID: '23c9dfb6e0ff5ba356bf7a697ce51638') in 0.017 seconds [static and dynamic dependencies]. Details - ImportResultOutputID=fd88ab3884896c1143f8aa7d7a2fa60a DependenciesID=7f0ba543ce6112f367c4a8f1507e1509 StaticDependenciesID=e86290ffe9f3a4b894fc66dcd7fb45b2 
Number of updated asset objects reloaded before import = 0
Number of asset objects unloaded after import = 3
========================================================================
Received Import Request.
  Time of request: 2026-09-05T10:24:58.4508432Z
  Time since last request: 0.001078 seconds.
  importAddress: GUID: 90f33ae65fc362b438a11b10ef464599 - Path: Assets/_Heathen Engineering/Assets/UX/Icons/Flat Icons [Free]/Free Flat Hat Solid S Icon.png - Importer: PreviewImporter
Importing 'GUID: 90f33ae65fc362b438a11b10ef464599 - Path: Assets/_Heathen Engineering/Assets/UX/Icons/Flat Icons [Free]/Free Flat Hat Solid S Icon.png - Importer: PreviewImporter' with importer (PreviewImporter)
Imported 'GUID: 90f33ae65fc362b438a11b10ef464599' -> (Import Result ID: '3e38047a63256d480590f547e31802c1') in 0.014 seconds [static and dynamic dependencies]. Details - ImportResultOutputID=b0e1ee36f61362f8560a3e79f448f4b7 DependenciesID=407b450072b54705020c892fec3daec4 StaticDependenciesID=2c2c5264e3c77bc7cce839337027bc87 
Number of updated asset objects reloaded before import = 0
Number of asset objects unloaded after import = 3
========================================================================
Received Import Request.
  Time of request: 2026-09-05T10:24:58.4805175Z
  Time since last request: 0.0003318 seconds.
  importAddress: GUID: 5765d0c2d64a33040af9c54787ad7418 - Path: Assets/_Heathen Engineering/Assets/UX/Icons/Flat Icons [Free]/Free Flat Hat Solid NS Icon.png - Importer: PreviewImporter
Importing 'GUID: 5765d0c2d64a33040af9c54787ad7418 - Path: Assets/_Heathen Engineering/Assets/UX/Icons/Flat Icons [Free]/Free Flat Hat Solid NS Icon.png - Importer: PreviewImporter' with importer (PreviewImporter)
Imported 'GUID: 5765d0c2d64a33040af9c54787ad7418' -> (Import Result ID: 'daf9e418385c575185612f6a119c93fd') in 0.023 seconds [static and dynamic dependencies]. Details - ImportResultOutputID=4422f5a4429bec63faf53772b5cff0e0 DependenciesID=4585fdaf33d2df491b48bc4e16bdaafe StaticDependenciesID=784c74c504bb3f5fbb2d67422fce547c 
Number of updated asset objects reloaded before import = 0
Number of asset objects unloaded after import = 3
========================================================================
Received Import Request.
  Time of request: 2026-09-05T10:24:58.7924454Z
  Time since last request: 0.2757632 seconds.
  importAddress: GUID: c4ac5f3ea2864b943ac08da9a3e9d511 - Path: Assets/_Heathen Engineering/Assets/UX/Icons/Flat Icons [Free]/Free Flat Hat Solid NES Icon.png - Importer: PreviewImporter
Importing 'GUID: c4ac5f3ea2864b943ac08da9a3e9d511 - Path: Assets/_Heathen Engineering/Assets/UX/Icons/Flat Icons [Free]/Free Flat Hat Solid NES Icon.png - Importer: PreviewImporter' with importer (PreviewImporter)
Imported 'GUID: c4ac5f3ea2864b943ac08da9a3e9d511' -> (Import Result ID: 'ef4cdad11fe162a7490fcfc25162816d') in 0.014 seconds [static and dynamic dependencies]. Details - ImportResultOutputID=f228ac2a0c1a523601d0b31723eac2de DependenciesID=411dd565cc6ed13b4e95920cd782d2bd StaticDependenciesID=fdcb84a486a6db7c1a0e890886863318 
Number of updated asset objects reloaded before import = 0
Number of asset objects unloaded after import = 3
========================================================================
Received Import Request.
  Time of request: 2026-09-05T10:24:58.8259163Z
  Time since last request: 0.0009017 seconds.
  importAddress: GUID: 8803f9c70b4f1a044b4dc06ddf9c1ddd - Path: Assets/_Heathen Engineering/Assets/UX/Icons/Flat Icons [Free]/Free Flat Hat Solid NE Icon.png - Importer: PreviewImporter
Importing 'GUID: 8803f9c70b4f1a044b4dc06ddf9c1ddd - Path: Assets/_Heathen Engineering/Assets/UX/Icons/Flat Icons [Free]/Free Flat Hat Solid NE Icon.png - Importer: PreviewImporter' with importer (PreviewImporter)
Imported 'GUID: 8803f9c70b4f1a044b4dc06ddf9c1ddd' -> (Import Result ID: '698536c3455fb0795dd065776597ba44') in 0.025 seconds [static and dynamic dependencies]. Details - ImportResultOutputID=67e02d3edaea868442fa39ebcdab3219 DependenciesID=3f244fe5f7d9a18042dac5619d322af5 StaticDependenciesID=61e3b2d5b1f626eb11ceb4bd632e344b 
Number of updated asset objects reloaded before import = 0
Number of asset objects unloaded after import = 3
========================================================================
Received Import Request.
  Time of request: 2026-09-05T10:24:58.8672365Z
  Time since last request: 0.0003743 seconds.
  importAddress: GUID: 5e15ac1f91a3248428bfeb5aacfea078 - Path: Assets/_Heathen Engineering/Assets/UX/Icons/Flat Icons [Free]/Free Flat Hat Solid EW Icon.png - Importer: PreviewImporter
Importing 'GUID: 5e15ac1f91a3248428bfeb5aacfea078 - Path: Assets/_Heathen Engineering/Assets/UX/Icons/Flat Icons [Free]/Free Flat Hat Solid EW Icon.png - Importer: PreviewImporter' with importer (PreviewImporter)
Imported 'GUID: 5e15ac1f91a3248428bfeb5aacfea078' -> (Import Result ID: '7d8de8c48beb8e0ab244499d5b834aeb') in 0.016 seconds [static and dynamic dependencies]. Details - ImportResultOutputID=de4c27796134cfe68fd4dadcb555c6c8 DependenciesID=db9e2029113bbb70ec02b6e2d2547329 StaticDependenciesID=dcec3e9e28a51c1acc6ad77efb4b43fa 
Number of updated asset objects reloaded before import = 0
Number of asset objects unloaded after import = 3
========================================================================
Received Import Request.
  Time of request: 2026-09-05T10:24:58.8974685Z
  Time since last request: 0.0003763 seconds.
  importAddress: GUID: 4ad0bc8bc8bb92648a4dd9f7c65814d0 - Path: Assets/_Heathen Engineering/Assets/UX/Icons/Flat Icons [Free]/Free Flat Hat Solid ENW Icon.png - Importer: PreviewImporter
Importing 'GUID: 4ad0bc8bc8bb92648a4dd9f7c65814d0 - Path: Assets/_Heathen Engineering/Assets/UX/Icons/Flat Icons [Free]/Free Flat Hat Solid ENW Icon.png - Importer: PreviewImporter' with importer (PreviewImporter)
Imported 'GUID: 4ad0bc8bc8bb92648a4dd9f7c65814d0' -> (Import Result ID: 'dbf3556f744b2a42024c10a70f83ad3a') in 0.013 seconds [static and dynamic dependencies]. Details - ImportResultOutputID=0029f4df72ed035f4d76deafd5dc1e69 DependenciesID=e71ccd16b4c8c0878c2ed3a8801a5180 StaticDependenciesID=6493f421b4eebe233c8fd6ccffbcc7af 
Number of updated asset objects reloaded before import = 0
Number of asset objects unloaded after import = 3
========================================================================
Received Import Request.
  Time of request: 2026-09-05T10:24:59.1720625Z
  Time since last request: 0.2468091 seconds.
  importAddress: GUID: 2c95e0623afa9ee4fa6d3c2920292e59 - Path: Assets/_Heathen Engineering/Assets/UX/Icons/Flat Icons [Free]/Free Flat Gradient Vertical (Top) Icon.png - Importer: PreviewImporter
Importing 'GUID: 2c95e0623afa9ee4fa6d3c2920292e59 - Path: Assets/_Heathen Engineering/Assets/UX/Icons/Flat Icons [Free]/Free Flat Gradient Vertical (Top) Icon.png - Importer: PreviewImporter' with importer (PreviewImporter)
Imported 'GUID: 2c95e0623afa9ee4fa6d3c2920292e59' -> (Import Result ID: '028d1cd3eb89387084619f1e26fb8ede') in 0.017 seconds [static and dynamic dependencies]. Details - ImportResultOutputID=1fd6cb4041efb03e1a053b47b17f109d DependenciesID=2692fe3da8c16bba68df6c6d93b013a7 StaticDependenciesID=2676a7b80d8abf8e8b5424f4de4ed2a1 
Number of updated asset objects reloaded before import = 0
Number of asset objects unloaded after import = 3
========================================================================
Received Import Request.
  Time of request: 2026-09-05T10:24:59.2080594Z
  Time since last request: 0.0001571 seconds.
  importAddress: GUID: 840b035a02edc9f49b5fb9f99beeaf75 - Path: Assets/_Heathen Engineering/Assets/UX/Icons/Flat Icons [Free]/Free Flat Gradient Vertical (Bottom) Icon.png - Importer: PreviewImporter
Importing 'GUID: 840b035a02edc9f49b5fb9f99beeaf75 - Path: Assets/_Heathen Engineering/Assets/UX/Icons/Flat Icons [Free]/Free Flat Gradient Vertical (Bottom) Icon.png - Importer: PreviewImporter' with importer (PreviewImporter)
Imported 'GUID: 840b035a02edc9f49b5fb9f99beeaf75' -> (Import Result ID: '3c2027910968081b068bc6ec5fd6691b') in 0.023 seconds [static and dynamic dependencies]. Details - ImportResultOutputID=82a8b775a372c23b8eca373718eea926 DependenciesID=4a673bf2daae499477b3c7a0f6d418b2 StaticDependenciesID=dbc4cc58ec7b1dc0c5652f217b8f51c5 
Number of updated asset objects reloaded before import = 0
Number of asset objects unloaded after import = 3
========================================================================
Received Import Request.
  Time of request: 2026-09-05T10:24:59.244171Z
  Time since last request: 0.0007159 seconds.
  importAddress: GUID: 153fa9138019fcc44a09720d23956c6d - Path: Assets/_Heathen Engineering/Assets/UX/Icons/Flat Icons [Free]/Free Flat Gradient Horizontal (Right) Icon.png - Importer: PreviewImporter
Importing 'GUID: 153fa9138019fcc44a09720d23956c6d - Path: Assets/_Heathen Engineering/Assets/UX/Icons/Flat Icons [Free]/Free Flat Gradient Horizontal (Right) Icon.png - Importer: PreviewImporter' with importer (PreviewImporter)
Imported 'GUID: 153fa9138019fcc44a09720d23956c6d' -> (Import Result ID: '69a6ff55de3f392436f6daaa64ac069d') in 0.018 seconds [static and dynamic dependencies]. Details - ImportResultOutputID=e684384ca8140bac0e789745b8b669da DependenciesID=3a9fefe80f60b31bc51cc756b827b75e StaticDependenciesID=7f6b3efc878cbc55d2ac5dd2ba4f3487 
Number of updated asset objects reloaded before import = 0
Number of asset objects unloaded after import = 3
========================================================================
Received Import Request.
  Time of request: 2026-09-05T10:24:59.2826531Z
  Time since last request: 0.000574 seconds.
  importAddress: GUID: ddab5934254f1ae49921cf4eeb754ddc - Path: Assets/_Heathen Engineering/Assets/UX/Icons/Flat Icons [Free]/Free Flat Gradient Horizontal (Left) Icon.png - Importer: PreviewImporter
Importing 'GUID: ddab5934254f1ae49921cf4eeb754ddc - Path: Assets/_Heathen Engineering/Assets/UX/Icons/Flat Icons [Free]/Free Flat Gradient Horizontal (Left) Icon.png - Importer: PreviewImporter' with importer (PreviewImporter)
Imported 'GUID: ddab5934254f1ae49921cf4eeb754ddc' -> (Import Result ID: 'f165c917092f874828a3b99a9d57ab5b') in 0.015 seconds [static and dynamic dependencies]. Details - ImportResultOutputID=56e86d9a8749b0ee2c4ab878575e8cc0 DependenciesID=92b415b2b7531d3b9db76168bcb299f2 StaticDependenciesID=2da81d2229148839249f77befd51eb30 
Number of updated asset objects reloaded before import = 0
Number of asset objects unloaded after import = 3
========================================================================
Received Import Request.
  Time of request: 2026-09-05T10:24:59.4944057Z
  Time since last request: 0.1808736 seconds.
  importAddress: GUID: 672d6696a008164478c0ffb9ceee46bc - Path: Assets/_Heathen Engineering/Assets/UX/Icons/Flat Icons [Free]/Free Flat Gradient Circle (Right) Icon.png - Importer: PreviewImporter
Importing 'GUID: 672d6696a008164478c0ffb9ceee46bc - Path: Assets/_Heathen Engineering/Assets/UX/Icons/Flat Icons [Free]/Free Flat Gradient Circle (Right) Icon.png - Importer: PreviewImporter' with importer (PreviewImporter)
Imported 'GUID: 672d6696a008164478c0ffb9ceee46bc' -> (Import Result ID: 'c33fac20a2f8d38ce37707469bef6062') in 0.018 seconds [static and dynamic dependencies]. Details - ImportResultOutputID=4545ae8c454ab2be3685e8dcca3a2d3a DependenciesID=7745e55eff4243c2919f07c64c208574 StaticDependenciesID=8f04010abe82cdebc090e50237cd7110 
Number of updated asset objects reloaded before import = 0
Number of asset objects unloaded after import = 3
========================================================================
Received Import Request.
  Time of request: 2026-09-05T10:24:59.5315228Z
  Time since last request: 0.0005197 seconds.
  importAddress: GUID: eb947f65937e82c47a6d1c17463829da - Path: Assets/_Heathen Engineering/Assets/UX/Icons/Flat Icons [Free]/Free Flat Gradient Circle (Left) Icon.png - Importer: PreviewImporter
Importing 'GUID: eb947f65937e82c47a6d1c17463829da - Path: Assets/_Heathen Engineering/Assets/UX/Icons/Flat Icons [Free]/Free Flat Gradient Circle (Left) Icon.png - Importer: PreviewImporter' with importer (PreviewImporter)
Imported 'GUID: eb947f65937e82c47a6d1c17463829da' -> (Import Result ID: '3910c95fa8ec867cd079e34564f5054d') in 0.023 seconds [static and dynamic dependencies]. Details - ImportResultOutputID=35d39fd8160bfd5f7982700a58448526 DependenciesID=a608af4ad3c05cecdcff93f0ed3f4dcd StaticDependenciesID=a9db7b373de84df0659fe41d39dd6a6e 
Number of updated asset objects reloaded before import = 0
Number of asset objects unloaded after import = 3
========================================================================
Received Import Request.
  Time of request: 2026-09-05T10:24:59.5680448Z
  Time since last request: 0.0003963 seconds.
  importAddress: GUID: 4cc60f0142748304ca70d11a2ce32203 - Path: Assets/_Heathen Engineering/Assets/UX/Icons/Flat Icons [Free]/Free Flat Gear 3 Icon.png - Importer: PreviewImporter
Importing 'GUID: 4cc60f0142748304ca70d11a2ce32203 - Path: Assets/_Heathen Engineering/Assets/UX/Icons/Flat Icons [Free]/Free Flat Gear 3 Icon.png - Importer: PreviewImporter' with importer (PreviewImporter)
Imported 'GUID: 4cc60f0142748304ca70d11a2ce32203' -> (Import Result ID: 'f5fee1d44d733ea947eaa497c7d29f9b') in 0.020 seconds [static and dynamic dependencies]. Details - ImportResultOutputID=a48369b52cd1413bc1284fe6c3137c67 DependenciesID=f973c3345e77369ef21f8974b6f02fb7 StaticDependenciesID=daa10ff40507b225c3f91c1426a93c08 
Number of updated asset objects reloaded before import = 0
Number of asset objects unloaded after import = 3
========================================================================
Received Import Request.
  Time of request: 2026-09-05T10:24:59.6043916Z
  Time since last request: 0.0005053 seconds.
  importAddress: GUID: 064df71df088bcf4aa33e70a7ebdd421 - Path: Assets/_Heathen Engineering/Assets/UX/Icons/Flat Icons [Free]/Free Flat Gear 2 Icon.png - Importer: PreviewImporter
Importing 'GUID: 064df71df088bcf4aa33e70a7ebdd421 - Path: Assets/_Heathen Engineering/Assets/UX/Icons/Flat Icons [Free]/Free Flat Gear 2 Icon.png - Importer: PreviewImporter' with importer (PreviewImporter)
Imported 'GUID: 064df71df088bcf4aa33e70a7ebdd421' -> (Import Result ID: 'cda89fb63bddafef2599051e9753b126') in 0.013 seconds [static and dynamic dependencies]. Details - ImportResultOutputID=0169f0bf0618ea4f284d3a3bdf9b9327 DependenciesID=c1ba2729889b2ba2e897619f786ebea9 StaticDependenciesID=cfdb526754494449eca4ed9c5d6f233f 
Number of updated asset objects reloaded before import = 0
Number of asset objects unloaded after import = 3
========================================================================
Received Import Request.
  Time of request: 2026-09-05T10:24:59.8269012Z
  Time since last request: 0.1947335 seconds.
  importAddress: GUID: d4f0d45606b591d4aa6c965c13822d65 - Path: Assets/_Heathen Engineering/Assets/UX/Icons/Flat Icons [Free]/Free Flat Exit Right Icon.png - Importer: PreviewImporter
Importing 'GUID: d4f0d45606b591d4aa6c965c13822d65 - Path: Assets/_Heathen Engineering/Assets/UX/Icons/Flat Icons [Free]/Free Flat Exit Right Icon.png - Importer: PreviewImporter' with importer (PreviewImporter)
Imported 'GUID: d4f0d45606b591d4aa6c965c13822d65' -> (Import Result ID: '4847f989d5a1ca656595ddf74a7af418') in 0.016 seconds [static and dynamic dependencies]. Details - ImportResultOutputID=9b3f695986c9e78cc2dedbf6cda6caed DependenciesID=e9999dd2a37ab8dcbe6296cca4fd558f StaticDependenciesID=51a2288cb853a01101aa2f070707752b 
Number of updated asset objects reloaded before import = 0
Number of asset objects unloaded after import = 3
========================================================================
Received Import Request.
  Time of request: 2026-09-05T10:24:59.864067Z
  Time since last request: 0.0007795 seconds.
  importAddress: GUID: b1b7bca5eb410a54a82c3d0e0173e568 - Path: Assets/_Heathen Engineering/Assets/UX/Icons/Flat Icons [Free]/Free Flat Exit Door Icon.png - Importer: PreviewImporter
Importing 'GUID: b1b7bca5eb410a54a82c3d0e0173e568 - Path: Assets/_Heathen Engineering/Assets/UX/Icons/Flat Icons [Free]/Free Flat Exit Door Icon.png - Importer: PreviewImporter' with importer (PreviewImporter)
Imported 'GUID: b1b7bca5eb410a54a82c3d0e0173e568' -> (Import Result ID: '5a157b8f8c6c6892effe604c493509d2') in 0.020 seconds [static and dynamic dependencies]. Details - ImportResultOutputID=b21f2c7dedc02c0388b56ea23552ad1d DependenciesID=c54d09d6ae7bc0d0e999093b618c2a43 StaticDependenciesID=b8c60b0861baac3d0266f5e601a15ff6 
Number of updated asset objects reloaded before import = 0
Number of asset objects unloaded after import = 3
========================================================================
Received Import Request.
  Time of request: 2026-09-05T10:24:59.9023446Z
  Time since last request: 0.0039077 seconds.
  importAddress: GUID: c3c81b037aa57ed4bb6d9a6f0b83a87c - Path: Assets/_Heathen Engineering/Assets/UX/Icons/Flat Icons [Free]/Free Flat Download 2 Icon.png - Importer: PreviewImporter
Importing 'GUID: c3c81b037aa57ed4bb6d9a6f0b83a87c - Path: Assets/_Heathen Engineering/Assets/UX/Icons/Flat Icons [Free]/Free Flat Download 2 Icon.png - Importer: PreviewImporter' with importer (PreviewImporter)
Imported 'GUID: c3c81b037aa57ed4bb6d9a6f0b83a87c' -> (Import Result ID: '32e12eb6b1a78cd1821879c3d69098ac') in 0.026 seconds [static and dynamic dependencies]. Details - ImportResultOutputID=6fcf673fa0fcc84620299afabad0daaf DependenciesID=23131ba5368f41db61967dbd31aeb44e StaticDependenciesID=fa702a9e0252634430f79f8b169fb649 
Number of updated asset objects reloaded before import = 0
Number of asset objects unloaded after import = 3
========================================================================
Received Import Request.
  Time of request: 2026-09-05T10:24:59.9444467Z
  Time since last request: 0.0005679 seconds.
  importAddress: GUID: 7edd250b04abcb14599c39485d6a4e0c - Path: Assets/_Heathen Engineering/Assets/UX/Icons/Flat Icons [Free]/Free Flat Download 1 Icon.png - Importer: PreviewImporter
Importing 'GUID: 7edd250b04abcb14599c39485d6a4e0c - Path: Assets/_Heathen Engineering/Assets/UX/Icons/Flat Icons [Free]/Free Flat Download 1 Icon.png - Importer: PreviewImporter' with importer (PreviewImporter)
Imported 'GUID: 7edd250b04abcb14599c39485d6a4e0c' -> (Import Result ID: '1808ad7ad3e8a6daa21f7888deee361f') in 0.017 seconds [static and dynamic dependencies]. Details - ImportResultOutputID=fbd1e39b20f585b77fedb93fb83e3f33 DependenciesID=51282ac81259549d2e630a06a056f0c9 StaticDependenciesID=3134a9dfbf262549f3c0d004c313eebe 
Number of updated asset objects reloaded before import = 0
Number of asset objects unloaded after import = 3
========================================================================
Received Import Request.
  Time of request: 2026-09-05T10:25:00.1443199Z
  Time since last request: 0.1678635 seconds.
  importAddress: GUID: d59ff638a09b0b84184c5dd3bdd73e5f - Path: Assets/_Heathen Engineering/Assets/UX/Icons/Flat Icons [Free]/Free Flat Disk 4 Icon.png - Importer: PreviewImporter
Importing 'GUID: d59ff638a09b0b84184c5dd3bdd73e5f - Path: Assets/_Heathen Engineering/Assets/UX/Icons/Flat Icons [Free]/Free Flat Disk 4 Icon.png - Importer: PreviewImporter' with importer (PreviewImporter)
Imported 'GUID: d59ff638a09b0b84184c5dd3bdd73e5f' -> (Import Result ID: 'f8b9b98447a169028b83369a6a03dee6') in 0.023 seconds [static and dynamic dependencies]. Details - ImportResultOutputID=d832f00388a99f7bbe78ff94f5151c02 DependenciesID=275bb2641ba7bee5a78d6a9cd7ebcdb2 StaticDependenciesID=5b1387ef5e0486f7c89d0bb71d65e9ef 
Number of updated asset objects reloaded before import = 0
Number of asset objects unloaded after import = 3
========================================================================
Received Import Request.
  Time of request: 2026-09-05T10:25:00.1823975Z
  Time since last request: 0.0004148 seconds.
  importAddress: GUID: 22538c55dffce6f47834b48a5970cd81 - Path: Assets/_Heathen Engineering/Assets/UX/Icons/Flat Icons [Free]/Free Flat Disk 3 Icon.png - Importer: PreviewImporter
Importing 'GUID: 22538c55dffce6f47834b48a5970cd81 - Path: Assets/_Heathen Engineering/Assets/UX/Icons/Flat Icons [Free]/Free Flat Disk 3 Icon.png - Importer: PreviewImporter' with importer (PreviewImporter)
Imported 'GUID: 22538c55dffce6f47834b48a5970cd81' -> (Import Result ID: 'c4dabc987df0b2913ca057d8b18124f2') in 0.022 seconds [static and dynamic dependencies]. Details - ImportResultOutputID=c5b501d3da0ce37e886beb66d3e1e7f2 DependenciesID=6408b1e277b28babbb1d16c4c6851e89 StaticDependenciesID=4e70e9418e1baf4b689d0582908c9dbd 
Number of updated asset objects reloaded before import = 0
Number of asset objects unloaded after import = 3
========================================================================
Received Import Request.
  Time of request: 2026-09-05T10:25:00.2321707Z
  Time since last request: 0.0061559 seconds.
  importAddress: GUID: aa594d32530d2e84fbddfe4be182a215 - Path: Assets/_Heathen Engineering/Assets/UX/Icons/Flat Icons [Free]/Free Flat Connection 1 Icon.png - Importer: PreviewImporter
Importing 'GUID: aa594d32530d2e84fbddfe4be182a215 - Path: Assets/_Heathen Engineering/Assets/UX/Icons/Flat Icons [Free]/Free Flat Connection 1 Icon.png - Importer: PreviewImporter' with importer (PreviewImporter)
Imported 'GUID: aa594d32530d2e84fbddfe4be182a215' -> (Import Result ID: '25bfee37f9f7d4b69511102945107d64') in 0.013 seconds [static and dynamic dependencies]. Details - ImportResultOutputID=a6d38fae18c9f5954a54d168d831bdaf DependenciesID=e5187d886b3c55755ff72b14fcc51b2c StaticDependenciesID=bdbad042f46352c0dffa07605c5b74e9 
Number of updated asset objects reloaded before import = 0
Number of asset objects unloaded after import = 3
========================================================================
Received Import Request.
  Time of request: 2026-09-05T10:25:00.2607989Z
  Time since last request: 0.0001828 seconds.
  importAddress: GUID: 8a03f4e4f5e68804cadf129ecd68c56c - Path: Assets/_Heathen Engineering/Assets/UX/Icons/Flat Icons [Free]/Free Flat Disk 1 Icon.png - Importer: PreviewImporter
Importing 'GUID: 8a03f4e4f5e68804cadf129ecd68c56c - Path: Assets/_Heathen Engineering/Assets/UX/Icons/Flat Icons [Free]/Free Flat Disk 1 Icon.png - Importer: PreviewImporter' with importer (PreviewImporter)
Imported 'GUID: 8a03f4e4f5e68804cadf129ecd68c56c' -> (Import Result ID: 'f67773c12e073b77c5134df44173d3b1') in 0.012 seconds [static and dynamic dependencies]. Details - ImportResultOutputID=a2613ef09d8ce3d973a6d1cfb922f606 DependenciesID=9c09c2978394f5ad70c3fdc40a7be25d StaticDependenciesID=f92b9146847bd13d154537bd482ba824 
Number of updated asset objects reloaded before import = 0
Number of asset objects unloaded after import = 3
========================================================================
Received Import Request.
  Time of request: 2026-09-05T10:25:00.2882134Z
  Time since last request: 0.0002809 seconds.
  importAddress: GUID: a4452197917f106499fe55c7b5705314 - Path: Assets/_Heathen Engineering/Assets/UX/Icons/Flat Icons [Free]/Free Flat Connection 4 Icon.png - Importer: PreviewImporter
Importing 'GUID: a4452197917f106499fe55c7b5705314 - Path: Assets/_Heathen Engineering/Assets/UX/Icons/Flat Icons [Free]/Free Flat Connection 4 Icon.png - Importer: PreviewImporter' with importer (PreviewImporter)
Imported 'GUID: a4452197917f106499fe55c7b5705314' -> (Import Result ID: '4d67f9eeb27f885022d8228ed42a8346') in 0.014 seconds [static and dynamic dependencies]. Details - ImportResultOutputID=ee8d0f5b803d31fe1720a645007e5741 DependenciesID=830a5edde20a7896801909e4e08e4c9e StaticDependenciesID=e4d6be0a575414ebfba45f83af2867b5 
Number of updated asset objects reloaded before import = 0
Number of asset objects unloaded after import = 3
========================================================================
Received Import Request.
  Time of request: 2026-09-05T10:25:00.8972499Z
  Time since last request: 0.581058 seconds.
  importAddress: GUID: 867f6a421a63e4d41ab1ac5e7120e733 - Path: Assets/_Heathen Engineering/Assets/UX/Icons/Flat Icons [Free]/Free Flat Cloud 2 Icon.png - Importer: PreviewImporter
Importing 'GUID: 867f6a421a63e4d41ab1ac5e7120e733 - Path: Assets/_Heathen Engineering/Assets/UX/Icons/Flat Icons [Free]/Free Flat Cloud 2 Icon.png - Importer: PreviewImporter' with importer (PreviewImporter)
Imported 'GUID: 867f6a421a63e4d41ab1ac5e7120e733' -> (Import Result ID: '6af21c84625ca1a27cef581f88fba630') in 0.015 seconds [static and dynamic dependencies]. Details - ImportResultOutputID=462dff071b75ee0937b74981e62ef1dd DependenciesID=45bd0a9339a4abef7741340adc0e275c StaticDependenciesID=18f5d35a81cf4b770f70ec307b76092a 
Number of updated asset objects reloaded before import = 0
Number of asset objects unloaded after import = 3
========================================================================
Received Import Request.
  Time of request: 2026-09-05T10:25:00.9696019Z
  Time since last request: 0.0403529 seconds.
  importAddress: GUID: a569a5f6afddaa34a9757d84bb77e9a1 - Path: Assets/_Heathen Engineering/Assets/UX/Icons/Flat Icons [Free]/Free Flat Circle Dash Icon.png - Importer: PreviewImporter
Importing 'GUID: a569a5f6afddaa34a9757d84bb77e9a1 - Path: Assets/_Heathen Engineering/Assets/UX/Icons/Flat Icons [Free]/Free Flat Circle Dash Icon.png - Importer: PreviewImporter' with importer (PreviewImporter)
Imported 'GUID: a569a5f6afddaa34a9757d84bb77e9a1' -> (Import Result ID: '5a85c5c932c07d43a5111597b9b7c748') in 0.020 seconds [static and dynamic dependencies]. Details - ImportResultOutputID=4f0a18f0242aa195edfc6b94c1cc2479 DependenciesID=56e485b31054dc80b5bf22bcfe5d07e3 StaticDependenciesID=a4c9ae5cf7d4d8d90e98cbbc93dacc0f 
Number of updated asset objects reloaded before import = 0
Number of asset objects unloaded after import = 3
========================================================================
Received Import Request.
  Time of request: 2026-09-05T10:25:01.8115813Z
  Time since last request: 0.8097421 seconds.
  importAddress: GUID: 078f2bfa61d319f42b811c4c87166211 - Path: Assets/_Heathen Engineering/Assets/UX/Icons/Flat Icons [Free]/Free Flat Chat 3 Exclaim Icon.png - Importer: PreviewImporter
Importing 'GUID: 078f2bfa61d319f42b811c4c87166211 - Path: Assets/_Heathen Engineering/Assets/UX/Icons/Flat Icons [Free]/Free Flat Chat 3 Exclaim Icon.png - Importer: PreviewImporter' with importer (PreviewImporter)
Imported 'GUID: 078f2bfa61d319f42b811c4c87166211' -> (Import Result ID: '6ad03141cccd5a2746cccf986299ee40') in 0.016 seconds [static and dynamic dependencies]. Details - ImportResultOutputID=9c5898e68a900f6c5599f7fa2d23dc94 DependenciesID=9aad907c0a9af6d269351dbb30df5a03 StaticDependenciesID=0fd7900a9827226530452301dbe9b5bf 
Number of updated asset objects reloaded before import = 0
Number of asset objects unloaded after import = 3
========================================================================
Received Import Request.
  Time of request: 2026-09-05T10:25:01.8964149Z
  Time since last request: 0.0489442 seconds.
  importAddress: GUID: c7986faa57fc5ab478937d4fed66b1bb - Path: Assets/_Heathen Engineering/Assets/UX/Icons/Flat Icons [Free]/Free Flat Chat 3 Blank Icon.png - Importer: PreviewImporter
Importing 'GUID: c7986faa57fc5ab478937d4fed66b1bb - Path: Assets/_Heathen Engineering/Assets/UX/Icons/Flat Icons [Free]/Free Flat Chat 3 Blank Icon.png - Importer: PreviewImporter' with importer (PreviewImporter)
Imported 'GUID: c7986faa57fc5ab478937d4fed66b1bb' -> (Import Result ID: '46389998c040eb95b371da6b7605f920') in 0.024 seconds [static and dynamic dependencies]. Details - ImportResultOutputID=4a54c93d6527e1f1e6b8be2b383ddb29 DependenciesID=18c9925542c213357600f654c9ab9a4d StaticDependenciesID=0e8e0684a5aaa39cbd52cb50bc58daa0 
Number of updated asset objects reloaded before import = 0
Number of asset objects unloaded after import = 3
========================================================================
Received Import Request.
  Time of request: 2026-09-05T10:25:02.4114775Z
  Time since last request: 0.4783403 seconds.
  importAddress: GUID: d5cab6940ee892c458dfef5bfaaf7074 - Path: Assets/_Heathen Engineering/Assets/UX/Icons/Flat Icons [Free]/Free Flat Chat 2 Question Icon.png - Importer: PreviewImporter
Importing 'GUID: d5cab6940ee892c458dfef5bfaaf7074 - Path: Assets/_Heathen Engineering/Assets/UX/Icons/Flat Icons [Free]/Free Flat Chat 2 Question Icon.png - Importer: PreviewImporter' with importer (PreviewImporter)
Imported 'GUID: d5cab6940ee892c458dfef5bfaaf7074' -> (Import Result ID: '98ceb1a5982359107173a8ba77b4a103') in 0.016 seconds [static and dynamic dependencies]. Details - ImportResultOutputID=7f56d0fa91fb3a22649910c16ca15cae DependenciesID=210d303f8ead69a43bfeccdeec29aeef StaticDependenciesID=952912c116593216a22f33b126bf4712 
Number of updated asset objects reloaded before import = 0
Number of asset objects unloaded after import = 3
========================================================================
Received Import Request.
  Time of request: 2026-09-05T10:25:02.4900936Z
  Time since last request: 0.0434892 seconds.
  importAddress: GUID: 88c10575716b42f4681514f464e8e81f - Path: Assets/_Heathen Engineering/Assets/UX/Icons/Flat Icons [Free]/Free Flat Chat 2 Ellipsis Icon.png - Importer: PreviewImporter
Importing 'GUID: 88c10575716b42f4681514f464e8e81f - Path: Assets/_Heathen Engineering/Assets/UX/Icons/Flat Icons [Free]/Free Flat Chat 2 Ellipsis Icon.png - Importer: PreviewImporter' with importer (PreviewImporter)
Imported 'GUID: 88c10575716b42f4681514f464e8e81f' -> (Import Result ID: '26c13eb2e14f14dcaa74bc6c48ae7a35') in 0.024 seconds [static and dynamic dependencies]. Details - ImportResultOutputID=c5a3be705f2deb1626b675eef96282cc DependenciesID=84941f58c6aee5350263038731f8a563 StaticDependenciesID=4a3a351a52e10bb8ba2c707169d87069 
Number of updated asset objects reloaded before import = 0
Number of asset objects unloaded after import = 3
========================================================================
Received Import Request.
  Time of request: 2026-09-05T10:25:02.8092974Z
  Time since last request: 0.2792376 seconds.
  importAddress: GUID: 1639b79b49ea92841a885cc7c3f1d900 - Path: Assets/_Heathen Engineering/Assets/UX/Icons/Flat Icons [Free]/Free Flat Chat 2 Bars Icon.png - Importer: PreviewImporter
Importing 'GUID: 1639b79b49ea92841a885cc7c3f1d900 - Path: Assets/_Heathen Engineering/Assets/UX/Icons/Flat Icons [Free]/Free Flat Chat 2 Bars Icon.png - Importer: PreviewImporter' with importer (PreviewImporter)
Imported 'GUID: 1639b79b49ea92841a885cc7c3f1d900' -> (Import Result ID: '046941f24a54ce9f90026b068bacc488') in 0.017 seconds [static and dynamic dependencies]. Details - ImportResultOutputID=773f78fd28bdd48b8b69cc2994cb2329 DependenciesID=1472e46cf6c86268cd879ed0b9c76460 StaticDependenciesID=fe657ab10782acfdc141c8a699cb9402 
Number of updated asset objects reloaded before import = 0
Number of asset objects unloaded after import = 3
========================================================================
Received Import Request.
  Time of request: 2026-09-05T10:25:02.8458461Z
  Time since last request: 0.0000242 seconds.
  importAddress: GUID: 7e666620d72e96e48b03c1a3bcfe774e - Path: Assets/_Heathen Engineering/Assets/UX/Icons/Flat Icons [Free]/Free Flat Chat 1 Question Icon.png - Importer: PreviewImporter
Importing 'GUID: 7e666620d72e96e48b03c1a3bcfe774e - Path: Assets/_Heathen Engineering/Assets/UX/Icons/Flat Icons [Free]/Free Flat Chat 1 Question Icon.png - Importer: PreviewImporter' with importer (PreviewImporter)
Imported 'GUID: 7e666620d72e96e48b03c1a3bcfe774e' -> (Import Result ID: '1bb8220da0f78d5600ea4087ece21d30') in 0.025 seconds [static and dynamic dependencies]. Details - ImportResultOutputID=a30973b46e64ee86679a0f9dfdb9a309 DependenciesID=e56f7220793360bee1fada9622643664 StaticDependenciesID=bef337c08a49c15c7454c52979f3b667 
Number of updated asset objects reloaded before import = 0
Number of asset objects unloaded after import = 3
========================================================================
Received Import Request.
  Time of request: 2026-09-05T10:25:02.886483Z
  Time since last request: 0.0004234 seconds.
  importAddress: GUID: 3ac79dc5d95aecf40b0a769e033134fd - Path: Assets/_Heathen Engineering/Assets/UX/Icons/Flat Icons [Free]/Free Flat Chat 1 Ellipsis Icon.png - Importer: PreviewImporter
Importing 'GUID: 3ac79dc5d95aecf40b0a769e033134fd - Path: Assets/_Heathen Engineering/Assets/UX/Icons/Flat Icons [Free]/Free Flat Chat 1 Ellipsis Icon.png - Importer: PreviewImporter' with importer (PreviewImporter)
Imported 'GUID: 3ac79dc5d95aecf40b0a769e033134fd' -> (Import Result ID: '4df13042cef8135799c8847612608728') in 0.018 seconds [static and dynamic dependencies]. Details - ImportResultOutputID=c000956993186983ccd46271b9980e64 DependenciesID=5c3fb8b2a040a17a832ebcffaf38347d StaticDependenciesID=7cdf09110b90bc6f05295ed2e5f07ca4 
Number of updated asset objects reloaded before import = 0
Number of asset objects unloaded after import = 3
========================================================================
Received Import Request.
  Time of request: 2026-09-05T10:25:03.1873463Z
  Time since last request: 0.2694954 seconds.
  importAddress: GUID: f34607a2337e1fa4da91f3aef1cb73c3 - Path: Assets/_Heathen Engineering/Assets/UX/Icons/Flat Icons [Free]/Free Flat Cart Icon.png - Importer: PreviewImporter
Importing 'GUID: f34607a2337e1fa4da91f3aef1cb73c3 - Path: Assets/_Heathen Engineering/Assets/UX/Icons/Flat Icons [Free]/Free Flat Cart Icon.png - Importer: PreviewImporter' with importer (PreviewImporter)
Imported 'GUID: f34607a2337e1fa4da91f3aef1cb73c3' -> (Import Result ID: '68eba724f5128c33bebecee10aaacd77') in 0.012 seconds [static and dynamic dependencies]. Details - ImportResultOutputID=831248bb30d3c545e88c48c7b05af3aa DependenciesID=23f3e52a74a57f1405a5c73a303d9f81 StaticDependenciesID=ba9c15152d8ab19c97a76858fa516ff3 
Number of updated asset objects reloaded before import = 0
Number of asset objects unloaded after import = 3
========================================================================
Received Import Request.
  Time of request: 2026-09-05T10:25:03.219716Z
  Time since last request: 0.000233 seconds.
  importAddress: GUID: f3565a7a017759148b71fa384df16242 - Path: Assets/_Heathen Engineering/Assets/UX/Icons/Flat Icons [Free]/Free Flat Button Solid Y Icon.png - Importer: PreviewImporter
Importing 'GUID: f3565a7a017759148b71fa384df16242 - Path: Assets/_Heathen Engineering/Assets/UX/Icons/Flat Icons [Free]/Free Flat Button Solid Y Icon.png - Importer: PreviewImporter' with importer (PreviewImporter)
Imported 'GUID: f3565a7a017759148b71fa384df16242' -> (Import Result ID: 'e678675ed2fa38dbd9de05502c2976ec') in 0.017 seconds [static and dynamic dependencies]. Details - ImportResultOutputID=8e553915598b6b60a9816f0fe0f4c8c6 DependenciesID=05014e42b3d142d319656d9b2783c2cc StaticDependenciesID=b01bc889bd3322944fa7148aa88bb87d 
Number of updated asset objects reloaded before import = 0
Number of asset objects unloaded after import = 3
========================================================================
Received Import Request.
  Time of request: 2026-09-05T10:25:03.2526209Z
  Time since last request: 0.0007001 seconds.
  importAddress: GUID: 380a24cb7426df2488b581cba5fe7a41 - Path: Assets/_Heathen Engineering/Assets/UX/Icons/Flat Icons [Free]/Free Flat Button Solid Square Icon.png - Importer: PreviewImporter
Importing 'GUID: 380a24cb7426df2488b581cba5fe7a41 - Path: Assets/_Heathen Engineering/Assets/UX/Icons/Flat Icons [Free]/Free Flat Button Solid Square Icon.png - Importer: PreviewImporter' with importer (PreviewImporter)
Imported 'GUID: 380a24cb7426df2488b581cba5fe7a41' -> (Import Result ID: '7e14472635c61423a0a63c3f5d798d64') in 0.015 seconds [static and dynamic dependencies]. Details - ImportResultOutputID=35e94b9fd7bf6c0bf3fe317edc41589c DependenciesID=90de3703e8216d0a0e1d6cc75ca66eca StaticDependenciesID=fecee4a43786c06a04a78b91544ec878 
Number of updated asset objects reloaded before import = 0
Number of asset objects unloaded after import = 3
========================================================================
Received Import Request.
  Time of request: 2026-09-05T10:25:03.2821754Z
  Time since last request: 0.0004043 seconds.
  importAddress: GUID: b5acca5b493797f4eb71cb59d573ffc9 - Path: Assets/_Heathen Engineering/Assets/UX/Icons/Flat Icons [Free]/Free Flat Button Solid Right Trigger Icon.png - Importer: PreviewImporter
Importing 'GUID: b5acca5b493797f4eb71cb59d573ffc9 - Path: Assets/_Heathen Engineering/Assets/UX/Icons/Flat Icons [Free]/Free Flat Button Solid Right Trigger Icon.png - Importer: PreviewImporter' with importer (PreviewImporter)
Imported 'GUID: b5acca5b493797f4eb71cb59d573ffc9' -> (Import Result ID: '7c3d492d749328dcc204b1afab7cfa44') in 0.014 seconds [static and dynamic dependencies]. Details - ImportResultOutputID=bdc5f2cd7eb6d410657a46a3cfa08ed4 DependenciesID=0f833f76ec117bf6d75978676e0c0d2d StaticDependenciesID=ba560ad2fedbe37694a9a05dc5ba12ef 
Number of updated asset objects reloaded before import = 0
Number of asset objects unloaded after import = 3
========================================================================
Received Import Request.
  Time of request: 2026-09-05T10:25:03.5840091Z
  Time since last request: 0.2745189 seconds.
  importAddress: GUID: e5ac73b6ab71b5446a70c3cf954f4d2f - Path: Assets/_Heathen Engineering/Assets/UX/Icons/Flat Icons [Free]/Free Flat Button Solid Right 3 Icon.png - Importer: PreviewImporter
Importing 'GUID: e5ac73b6ab71b5446a70c3cf954f4d2f - Path: Assets/_Heathen Engineering/Assets/UX/Icons/Flat Icons [Free]/Free Flat Button Solid Right 3 Icon.png - Importer: PreviewImporter' with importer (PreviewImporter)
Imported 'GUID: e5ac73b6ab71b5446a70c3cf954f4d2f' -> (Import Result ID: 'c8fb5d84a78d8aa258692109163dbfe3') in 0.012 seconds [static and dynamic dependencies]. Details - ImportResultOutputID=81a536ab3f37113eac240e245f548ac4 DependenciesID=2d7dcba6e5e0bcaf1e97124189fde6b6 StaticDependenciesID=3acb50b67481b6f423970113613841c0 
Number of updated asset objects reloaded before import = 0
Number of asset objects unloaded after import = 3
========================================================================
Received Import Request.
  Time of request: 2026-09-05T10:25:03.6130679Z
  Time since last request: 0.0003174 seconds.
  importAddress: GUID: 33cd37725f2325248af5a05d1ebac12c - Path: Assets/_Heathen Engineering/Assets/UX/Icons/Flat Icons [Free]/Free Flat Button Solid Right 2 Icon.png - Importer: PreviewImporter
Importing 'GUID: 33cd37725f2325248af5a05d1ebac12c - Path: Assets/_Heathen Engineering/Assets/UX/Icons/Flat Icons [Free]/Free Flat Button Solid Right 2 Icon.png - Importer: PreviewImporter' with importer (PreviewImporter)
Imported 'GUID: 33cd37725f2325248af5a05d1ebac12c' -> (Import Result ID: '66ad62855dad3d81b6ee63286202be8a') in 0.015 seconds [static and dynamic dependencies]. Details - ImportResultOutputID=62432bdf88101dd169bfb1f90e7443c9 DependenciesID=0b46b98d1b28a1041c3f88074ffcb28a StaticDependenciesID=a318d610300eb4cfeec469b618e0c2ec 
Number of updated asset objects reloaded before import = 0
Number of asset objects unloaded after import = 3
========================================================================
Received Import Request.
  Time of request: 2026-09-05T10:25:03.9782204Z
  Time since last request: 0.3345911 seconds.
  importAddress: GUID: f610d61d0fea207459ce90dcbb4ea0fc - Path: Assets/_Heathen Engineering/Assets/UX/Icons/Flat Icons [Free]/Free Flat Button Solid Left Icon.png - Importer: PreviewImporter
Importing 'GUID: f610d61d0fea207459ce90dcbb4ea0fc - Path: Assets/_Heathen Engineering/Assets/UX/Icons/Flat Icons [Free]/Free Flat Button Solid Left Icon.png - Importer: PreviewImporter' with importer (PreviewImporter)
Imported 'GUID: f610d61d0fea207459ce90dcbb4ea0fc' -> (Import Result ID: '1c1dfd58654e6e6ebb8a0b877ad68ffd') in 0.013 seconds [static and dynamic dependencies]. Details - ImportResultOutputID=497c9ff8a299ca16c3297b777002eb40 DependenciesID=07418d6ffb211d75ccd74c8508ce8760 StaticDependenciesID=35aaf3ceaa2601e8dd2220c4e1985557 
Number of updated asset objects reloaded before import = 0
Number of asset objects unloaded after import = 3
========================================================================
Received Import Request.
  Time of request: 2026-09-05T10:25:04.0122458Z
  Time since last request: 0.0002212 seconds.
  importAddress: GUID: 18e5191cf4ec7cb4fb09b913d3cb123f - Path: Assets/_Heathen Engineering/Assets/UX/Icons/Flat Icons [Free]/Free Flat Button Solid Left 3 Icon.png - Importer: PreviewImporter
Importing 'GUID: 18e5191cf4ec7cb4fb09b913d3cb123f - Path: Assets/_Heathen Engineering/Assets/UX/Icons/Flat Icons [Free]/Free Flat Button Solid Left 3 Icon.png - Importer: PreviewImporter' with importer (PreviewImporter)
Imported 'GUID: 18e5191cf4ec7cb4fb09b913d3cb123f' -> (Import Result ID: '4f207fe85aa4442b3d654f5805745fc0') in 0.025 seconds [static and dynamic dependencies]. Details - ImportResultOutputID=fa6f3395cbf99a34aba996fe8e3397fb DependenciesID=1169437e89202a27d9d6242ba3a9590e StaticDependenciesID=7323e14525b074330562ae09e981d268 
Number of updated asset objects reloaded before import = 0
Number of asset objects unloaded after import = 3
========================================================================
Received Import Request.
  Time of request: 2026-09-05T10:25:04.0525349Z
  Time since last request: 0.0012868 seconds.
  importAddress: GUID: c4e2123aca855c547899d4e1cbd4312b - Path: Assets/_Heathen Engineering/Assets/UX/Icons/Flat Icons [Free]/Free Flat Button Solid Circle Icon.png - Importer: PreviewImporter
Importing 'GUID: c4e2123aca855c547899d4e1cbd4312b - Path: Assets/_Heathen Engineering/Assets/UX/Icons/Flat Icons [Free]/Free Flat Button Solid Circle Icon.png - Importer: PreviewImporter' with importer (PreviewImporter)
Imported 'GUID: c4e2123aca855c547899d4e1cbd4312b' -> (Import Result ID: 'f2d511553e68b8d8096bee21b9bea58a') in 0.021 seconds [static and dynamic dependencies]. Details - ImportResultOutputID=a7e9f425895193fe10e79a46a10f19b8 DependenciesID=e9875b628360ecaae1f3084f3312bffa StaticDependenciesID=c04b0e209f96251a35161579929e7519 
Number of updated asset objects reloaded before import = 0
Number of asset objects unloaded after import = 3
========================================================================
Received Import Request.
  Time of request: 2026-09-05T10:25:04.0885138Z
  Time since last request: 0.0007601 seconds.
  importAddress: GUID: f4e83e5b560bef7408b322d1703b4d22 - Path: Assets/_Heathen Engineering/Assets/UX/Icons/Flat Icons [Free]/Free Flat Button Solid B Icon.png - Importer: PreviewImporter
Importing 'GUID: f4e83e5b560bef7408b322d1703b4d22 - Path: Assets/_Heathen Engineering/Assets/UX/Icons/Flat Icons [Free]/Free Flat Button Solid B Icon.png - Importer: PreviewImporter' with importer (PreviewImporter)
Imported 'GUID: f4e83e5b560bef7408b322d1703b4d22' -> (Import Result ID: '5d364ba74f55c57d79a98924940f7055') in 0.018 seconds [static and dynamic dependencies]. Details - ImportResultOutputID=f250eb04243734433bdc4d84f9a63550 DependenciesID=2ae9eeadbe03f9c58c2c6743ba360e65 StaticDependenciesID=558d9131b43de25f95561a8384e3298c 
Number of updated asset objects reloaded before import = 0
Number of asset objects unloaded after import = 3
========================================================================
Received Import Request.
  Time of request: 2026-09-05T10:25:04.1207404Z
  Time since last request: 0.0001817 seconds.
  importAddress: GUID: 19b84d13b4e51a64b8aa6f9532611ef6 - Path: Assets/_Heathen Engineering/Assets/UX/Icons/Flat Icons [Free]/Free Flat Button Solid A Icon.png - Importer: PreviewImporter
Importing 'GUID: 19b84d13b4e51a64b8aa6f9532611ef6 - Path: Assets/_Heathen Engineering/Assets/UX/Icons/Flat Icons [Free]/Free Flat Button Solid A Icon.png - Importer: PreviewImporter' with importer (PreviewImporter)
Imported 'GUID: 19b84d13b4e51a64b8aa6f9532611ef6' -> (Import Result ID: 'ae6b9fc6cb1dc2f68b0666a84c83534f') in 0.010 seconds [static and dynamic dependencies]. Details - ImportResultOutputID=b63a7274fa03692cc8889c3f42329dfb DependenciesID=72d3cbf48441cec58e5015a777586d6b StaticDependenciesID=f618fc92adf2142b7e3f65293a5ba2c0 
Number of updated asset objects reloaded before import = 0
Number of asset objects unloaded after import = 3
========================================================================
Received Import Request.
  Time of request: 2026-09-05T10:25:04.4118419Z
  Time since last request: 0.2664782 seconds.
  importAddress: GUID: f16ca8d9b20ab364ab5f5fb683243731 - Path: Assets/_Heathen Engineering/Assets/UX/Icons/Flat Icons [Free]/Free Flat Button Blank X Icon.png - Importer: PreviewImporter
Importing 'GUID: f16ca8d9b20ab364ab5f5fb683243731 - Path: Assets/_Heathen Engineering/Assets/UX/Icons/Flat Icons [Free]/Free Flat Button Blank X Icon.png - Importer: PreviewImporter' with importer (PreviewImporter)
Imported 'GUID: f16ca8d9b20ab364ab5f5fb683243731' -> (Import Result ID: '005f8117137e76f7872b39348d58267b') in 0.014 seconds [static and dynamic dependencies]. Details - ImportResultOutputID=4a873d128c5724a5458815bf80461c62 DependenciesID=7084959628723c8727a6d3a982f1218b StaticDependenciesID=bd121f0dfaca503d7e187aac80c8d8ff 
Number of updated asset objects reloaded before import = 0
Number of asset objects unloaded after import = 3
========================================================================
Received Import Request.
  Time of request: 2026-09-05T10:25:04.4445501Z
  Time since last request: 0.0001968 seconds.
  importAddress: GUID: 7b25fbafa09b7ed4c853b32bed5e90f4 - Path: Assets/_Heathen Engineering/Assets/UX/Icons/Flat Icons [Free]/Free Flat Button Blank Triangle Icon.png - Importer: PreviewImporter
Importing 'GUID: 7b25fbafa09b7ed4c853b32bed5e90f4 - Path: Assets/_Heathen Engineering/Assets/UX/Icons/Flat Icons [Free]/Free Flat Button Blank Triangle Icon.png - Importer: PreviewImporter' with importer (PreviewImporter)
Imported 'GUID: 7b25fbafa09b7ed4c853b32bed5e90f4' -> (Import Result ID: '53563a2aafccca5d5a127c9314532702') in 0.027 seconds [static and dynamic dependencies]. Details - ImportResultOutputID=23c0ba3809e84ae72900488a4bccca44 DependenciesID=577260045ce62d48e7a2a870891610b8 StaticDependenciesID=aa15f7f07625cecb7c085c043b01a8d8 
Number of updated asset objects reloaded before import = 0
Number of asset objects unloaded after import = 3
========================================================================
Received Import Request.
  Time of request: 2026-09-05T10:25:04.4873742Z
  Time since last request: 0.0000404 seconds.
  importAddress: GUID: 859fea088a5120b479928f78ad7e5703 - Path: Assets/_Heathen Engineering/Assets/UX/Icons/Flat Icons [Free]/Free Flat Button Blank Right Trigger Icon.png - Importer: PreviewImporter
Importing 'GUID: 859fea088a5120b479928f78ad7e5703 - Path: Assets/_Heathen Engineering/Assets/UX/Icons/Flat Icons [Free]/Free Flat Button Blank Right Trigger Icon.png - Importer: PreviewImporter' with importer (PreviewImporter)
Imported 'GUID: 859fea088a5120b479928f78ad7e5703' -> (Import Result ID: 'e7f89b62260b88573e45faa04642cc49') in 0.013 seconds [static and dynamic dependencies]. Details - ImportResultOutputID=a01ae4b113d9a62bdc153a93e89eceae DependenciesID=cf074fc8ebc8fece7af84f0b07e08274 StaticDependenciesID=0744a551aa19491a348ad4a1818d434e 
Number of updated asset objects reloaded before import = 0
Number of asset objects unloaded after import = 3
========================================================================
Received Import Request.
  Time of request: 2026-09-05T10:25:04.5180168Z
  Time since last request: 0.0003288 seconds.
  importAddress: GUID: 5b55b5f730766e840a5af1096769a00d - Path: Assets/_Heathen Engineering/Assets/UX/Icons/Flat Icons [Free]/Free Flat Button Blank Right 3 Icon.png - Importer: PreviewImporter
Importing 'GUID: 5b55b5f730766e840a5af1096769a00d - Path: Assets/_Heathen Engineering/Assets/UX/Icons/Flat Icons [Free]/Free Flat Button Blank Right 3 Icon.png - Importer: PreviewImporter' with importer (PreviewImporter)
Imported 'GUID: 5b55b5f730766e840a5af1096769a00d' -> (Import Result ID: 'be586531494420b428686afe9440da97') in 0.013 seconds [static and dynamic dependencies]. Details - ImportResultOutputID=883eceb3935382906a846259c47af8b5 DependenciesID=c10ac4b8dbe3159f02a1656691663194 StaticDependenciesID=63bd86657f3af68dff555a884d9ff2a8 
Number of updated asset objects reloaded before import = 0
Number of asset objects unloaded after import = 3
========================================================================
Received Import Request.
  Time of request: 2026-09-05T10:25:04.546676Z
  Time since last request: 0.0008023 seconds.
  importAddress: GUID: 463c2aaea7772194fbd59989df2c5135 - Path: Assets/_Heathen Engineering/Assets/UX/Icons/Flat Icons [Free]/Free Flat Button Blank Right 2 Icon.png - Importer: PreviewImporter
Importing 'GUID: 463c2aaea7772194fbd59989df2c5135 - Path: Assets/_Heathen Engineering/Assets/UX/Icons/Flat Icons [Free]/Free Flat Button Blank Right 2 Icon.png - Importer: PreviewImporter' with importer (PreviewImporter)
Imported 'GUID: 463c2aaea7772194fbd59989df2c5135' -> (Import Result ID: '38c1bd83510967ccc02cc1388752a6c1') in 0.016 seconds [static and dynamic dependencies]. Details - ImportResultOutputID=bcf225c899e2f44008a09a21f7250a11 DependenciesID=97b6835b20499aaae57f9de1e2d0a82e StaticDependenciesID=20bcde74f2b5ec1ee0750202c5e6a43a 
Number of updated asset objects reloaded before import = 0
Number of asset objects unloaded after import = 3
========================================================================
Received Import Request.
  Time of request: 2026-09-05T10:25:04.7814097Z
  Time since last request: 0.2049913 seconds.
  importAddress: GUID: ced01e781c3826c448f19d0a7e13d7dc - Path: Assets/_Heathen Engineering/Assets/UX/Icons/Flat Icons [Free]/Free Flat Button Blank Left Icon.png - Importer: PreviewImporter
Importing 'GUID: ced01e781c3826c448f19d0a7e13d7dc - Path: Assets/_Heathen Engineering/Assets/UX/Icons/Flat Icons [Free]/Free Flat Button Blank Left Icon.png - Importer: PreviewImporter' with importer (PreviewImporter)
Imported 'GUID: ced01e781c3826c448f19d0a7e13d7dc' -> (Import Result ID: '38a6eafbe8b938ffca437ec0bcc34a7b') in 0.015 seconds [static and dynamic dependencies]. Details - ImportResultOutputID=41cdba431d9f550191839d977906387f DependenciesID=c6100872fc318281c71b99ea19de4878 StaticDependenciesID=3172b44007aeefc611ed985e7e89070f 
Number of updated asset objects reloaded before import = 0
Number of asset objects unloaded after import = 3
========================================================================
Received Import Request.
  Time of request: 2026-09-05T10:25:04.8197706Z
  Time since last request: 0.0011876 seconds.
  importAddress: GUID: 90bb85824309d2d4d8cdb0544041a973 - Path: Assets/_Heathen Engineering/Assets/UX/Icons/Flat Icons [Free]/Free Flat Button Blank Left Bumper Icon.png - Importer: PreviewImporter
Importing 'GUID: 90bb85824309d2d4d8cdb0544041a973 - Path: Assets/_Heathen Engineering/Assets/UX/Icons/Flat Icons [Free]/Free Flat Button Blank Left Bumper Icon.png - Importer: PreviewImporter' with importer (PreviewImporter)
Imported 'GUID: 90bb85824309d2d4d8cdb0544041a973' -> (Import Result ID: '0f3a69beb981fe047daa29f458a99d7e') in 0.022 seconds [static and dynamic dependencies]. Details - ImportResultOutputID=e903a73138924364158b6d5068b951ab DependenciesID=bda429a1a5bcfaab53a70840b497d1c6 StaticDependenciesID=66f0bd52c814e1e152386b68d0c6b8ac 
Number of updated asset objects reloaded before import = 0
Number of asset objects unloaded after import = 3
========================================================================
Received Import Request.
  Time of request: 2026-09-05T10:25:04.8591692Z
  Time since last request: 0.0004124 seconds.
  importAddress: GUID: e884030ede1e6034d84629a0b4acb5be - Path: Assets/_Heathen Engineering/Assets/UX/Icons/Flat Icons [Free]/Free Flat Button Blank Left 2 Icon.png - Importer: PreviewImporter
Importing 'GUID: e884030ede1e6034d84629a0b4acb5be - Path: Assets/_Heathen Engineering/Assets/UX/Icons/Flat Icons [Free]/Free Flat Button Blank Left 2 Icon.png - Importer: PreviewImporter' with importer (PreviewImporter)
Imported 'GUID: e884030ede1e6034d84629a0b4acb5be' -> (Import Result ID: '025ceacef542df5104d493e76873d528') in 0.022 seconds [static and dynamic dependencies]. Details - ImportResultOutputID=6e46655a9a0856bfbf489f0092dad080 DependenciesID=9eed7ae8ea7ab7254730e4c8c5e84357 StaticDependenciesID=a9eeb0fb7f64d222ba543fbb8a1f6cac 
Number of updated asset objects reloaded before import = 0
Number of asset objects unloaded after import = 3
========================================================================
Received Import Request.
  Time of request: 2026-09-05T10:25:04.8943334Z
  Time since last request: 0.0005238 seconds.
  importAddress: GUID: b8e8e3f5289b61440b0df71eeecea4ae - Path: Assets/_Heathen Engineering/Assets/UX/Icons/Flat Icons [Free]/Free Flat Button Blank Circle Icon.png - Importer: PreviewImporter
Importing 'GUID: b8e8e3f5289b61440b0df71eeecea4ae - Path: Assets/_Heathen Engineering/Assets/UX/Icons/Flat Icons [Free]/Free Flat Button Blank Circle Icon.png - Importer: PreviewImporter' with importer (PreviewImporter)
Imported 'GUID: b8e8e3f5289b61440b0df71eeecea4ae' -> (Import Result ID: '453aebddfded3eb1d11bf27372aa8f48') in 0.014 seconds [static and dynamic dependencies]. Details - ImportResultOutputID=e816f26b08d14965b3f217908dd85b76 DependenciesID=706b2172e77898e389bb6ccc624e7062 StaticDependenciesID=8b477fa0f3e1b96d19cf34f28a1aa0f9 
Number of updated asset objects reloaded before import = 0
Number of asset objects unloaded after import = 3
========================================================================
Received Import Request.
  Time of request: 2026-09-05T10:25:05.1452138Z
  Time since last request: 0.2234715 seconds.
  importAddress: GUID: 9b33052baeedce34f9d3fb0bd54ee01e - Path: Assets/_Heathen Engineering/Assets/UX/Icons/Flat Icons [Free]/Free Flat Button Blank A Icon.png - Importer: PreviewImporter
Importing 'GUID: 9b33052baeedce34f9d3fb0bd54ee01e - Path: Assets/_Heathen Engineering/Assets/UX/Icons/Flat Icons [Free]/Free Flat Button Blank A Icon.png - Importer: PreviewImporter' with importer (PreviewImporter)
Imported 'GUID: 9b33052baeedce34f9d3fb0bd54ee01e' -> (Import Result ID: '12d9fab18b1c720af678904de90b995f') in 0.024 seconds [static and dynamic dependencies]. Details - ImportResultOutputID=42a27c3ecf6dd4d4849cb354df419481 DependenciesID=2f578f38281fe22be221ff89c5cab872 StaticDependenciesID=6ad13fc06431a80f596f7e08d74ea30c 
Number of updated asset objects reloaded before import = 0
Number of asset objects unloaded after import = 3
========================================================================
Received Import Request.
  Time of request: 2026-09-05T10:25:05.1854646Z
  Time since last request: 0.0005395 seconds.
  importAddress: GUID: dda637b01e0d3f54cb9342e29bfd1121 - Path: Assets/_Heathen Engineering/Assets/UX/Icons/Flat Icons [Free]/Free Flat Border Single 7pt Icon.png - Importer: PreviewImporter
Importing 'GUID: dda637b01e0d3f54cb9342e29bfd1121 - Path: Assets/_Heathen Engineering/Assets/UX/Icons/Flat Icons [Free]/Free Flat Border Single 7pt Icon.png - Importer: PreviewImporter' with importer (PreviewImporter)
Imported 'GUID: dda637b01e0d3f54cb9342e29bfd1121' -> (Import Result ID: '18edfb8b3ffc9798cb0d794460f57cbb') in 0.021 seconds [static and dynamic dependencies]. Details - ImportResultOutputID=04d796548c79f7ad198c0cc51f24fc79 DependenciesID=491f4780e1196a6b19957bad14645e99 StaticDependenciesID=60e0f3dddf8b6a22c764dac9634ee753 
Number of updated asset objects reloaded before import = 0
Number of asset objects unloaded after import = 3
========================================================================
Received Import Request.
  Time of request: 2026-09-05T10:25:05.2214911Z
  Time since last request: 0.0006205 seconds.
  importAddress: GUID: 90be2c78025cc29449fdd74841bb3484 - Path: Assets/_Heathen Engineering/Assets/UX/Icons/Flat Icons [Free]/Free Flat Border Single 6pt Icon.png - Importer: PreviewImporter
Importing 'GUID: 90be2c78025cc29449fdd74841bb3484 - Path: Assets/_Heathen Engineering/Assets/UX/Icons/Flat Icons [Free]/Free Flat Border Single 6pt Icon.png - Importer: PreviewImporter' with importer (PreviewImporter)
Imported 'GUID: 90be2c78025cc29449fdd74841bb3484' -> (Import Result ID: 'c858a5216ea18c1b007311db4688778b') in 0.017 seconds [static and dynamic dependencies]. Details - ImportResultOutputID=d455fa1f80a17fb83ba1977fe68e2f49 DependenciesID=a4f3285c3c026b3947f4510f32762a95 StaticDependenciesID=a8b741ea7f9609aad72e47181c5a351b 
Number of updated asset objects reloaded before import = 0
Number of asset objects unloaded after import = 3
========================================================================
Received Import Request.
  Time of request: 2026-09-05T10:25:05.2501753Z
  Time since last request: 0.0002046 seconds.
  importAddress: GUID: c60e730a62e7dc2458a6b0ba7621a1ff - Path: Assets/_Heathen Engineering/Assets/UX/Icons/Flat Icons [Free]/Free Flat Border Single 3pt Icon.png - Importer: PreviewImporter
Importing 'GUID: c60e730a62e7dc2458a6b0ba7621a1ff - Path: Assets/_Heathen Engineering/Assets/UX/Icons/Flat Icons [Free]/Free Flat Border Single 3pt Icon.png - Importer: PreviewImporter' with importer (PreviewImporter)
Imported 'GUID: c60e730a62e7dc2458a6b0ba7621a1ff' -> (Import Result ID: 'b755015d031e57ad40f18d335e3eeb0f') in 0.017 seconds [static and dynamic dependencies]. Details - ImportResultOutputID=c457e751e655f41ad2c70013ecb75d85 DependenciesID=ab08a45dc132b87643be93cb3c5528d8 StaticDependenciesID=0f1384f5e776e46d0cf459744603a682 
Number of updated asset objects reloaded before import = 0
Number of asset objects unloaded after import = 3
========================================================================
Received Import Request.
  Time of request: 2026-09-05T10:25:05.547107Z
  Time since last request: 0.2676258 seconds.
  importAddress: GUID: c59e65e500ccadb4483d5e35d1046598 - Path: Assets/_Heathen Engineering/Assets/UX/Icons/Flat Icons [Free]/Free Flat Border Single 1pt Icon.png - Importer: PreviewImporter
Importing 'GUID: c59e65e500ccadb4483d5e35d1046598 - Path: Assets/_Heathen Engineering/Assets/UX/Icons/Flat Icons [Free]/Free Flat Border Single 1pt Icon.png - Importer: PreviewImporter' with importer (PreviewImporter)
Imported 'GUID: c59e65e500ccadb4483d5e35d1046598' -> (Import Result ID: '9bb415773fa8bf68f45b8490ec5b3a01') in 0.011 seconds [static and dynamic dependencies]. Details - ImportResultOutputID=4cbe02ae73de721a985682434296f392 DependenciesID=4d22a66acc5d8ba51a7e449b9b8ca50d StaticDependenciesID=acaa5090721eaa20a2cdc1eb0039faed 
Number of updated asset objects reloaded before import = 0
Number of asset objects unloaded after import = 3
========================================================================
Received Import Request.
  Time of request: 2026-09-05T10:25:05.5775137Z
  Time since last request: 0.000015 seconds.
  importAddress: GUID: 13810fc7317ad384fa9d1745157efbe6 - Path: Assets/_Heathen Engineering/Assets/UX/Icons/Flat Icons [Free]/Free Flat Border Double 5-1pt Icon.png - Importer: PreviewImporter
Importing 'GUID: 13810fc7317ad384fa9d1745157efbe6 - Path: Assets/_Heathen Engineering/Assets/UX/Icons/Flat Icons [Free]/Free Flat Border Double 5-1pt Icon.png - Importer: PreviewImporter' with importer (PreviewImporter)
Imported 'GUID: 13810fc7317ad384fa9d1745157efbe6' -> (Import Result ID: 'bb47750b13669ba841faf550b136f771') in 0.014 seconds [static and dynamic dependencies]. Details - ImportResultOutputID=53a18f65f1f15fb4e7d6222158f39192 DependenciesID=90686c0cc823df74b3e1b874055ec221 StaticDependenciesID=43e474eb037cef1d7844ba94ec40c198 
Number of updated asset objects reloaded before import = 0
Number of asset objects unloaded after import = 3
========================================================================
Received Import Request.
  Time of request: 2026-09-05T10:25:05.9151243Z
  Time since last request: 0.3078616 seconds.
  importAddress: GUID: 01e5a57de5f823146b89862d2f42f93b - Path: Assets/_Heathen Engineering/Assets/UX/Icons/Flat Icons [Free]/Free Flat Border Double 2-1pt Icon.png - Importer: PreviewImporter
Importing 'GUID: 01e5a57de5f823146b89862d2f42f93b - Path: Assets/_Heathen Engineering/Assets/UX/Icons/Flat Icons [Free]/Free Flat Border Double 2-1pt Icon.png - Importer: PreviewImporter' with importer (PreviewImporter)
Imported 'GUID: 01e5a57de5f823146b89862d2f42f93b' -> (Import Result ID: 'bbb5cdf17748ccaf4fda51089f127e72') in 0.021 seconds [static and dynamic dependencies]. Details - ImportResultOutputID=39474cea5d263bd90a4eb4ae9583d6f7 DependenciesID=05ac510c314f30d295879fb838ed174d StaticDependenciesID=48027112f3d875734a0942fc919abf1b 
Number of updated asset objects reloaded before import = 0
Number of asset objects unloaded after import = 3
========================================================================
Received Import Request.
  Time of request: 2026-09-05T10:25:05.949992Z
  Time since last request: 0.0000248 seconds.
  importAddress: GUID: cf01b82643aa5244599dea85d7f534dc - Path: Assets/_Heathen Engineering/Assets/UX/Icons/Flat Icons [Free]/Free Flat Border Double 1-5pt Icon.png - Importer: PreviewImporter
Importing 'GUID: cf01b82643aa5244599dea85d7f534dc - Path: Assets/_Heathen Engineering/Assets/UX/Icons/Flat Icons [Free]/Free Flat Border Double 1-5pt Icon.png - Importer: PreviewImporter' with importer (PreviewImporter)
Imported 'GUID: cf01b82643aa5244599dea85d7f534dc' -> (Import Result ID: '579f4d1284259ad07b791115a0c6c729') in 0.009 seconds [static and dynamic dependencies]. Details - ImportResultOutputID=744f46d23be007c10ca8610294fcffd7 DependenciesID=68fc41cb45d6167a539bd7efa6125cec StaticDependenciesID=1b668b8e0cac2a82fa14d8b4afcd8a34 
Number of updated asset objects reloaded before import = 0
Number of asset objects unloaded after import = 3
========================================================================
Received Import Request.
  Time of request: 2026-09-05T10:25:06.2971013Z
  Time since last request: 0.3223865 seconds.
  importAddress: GUID: 92a6e63d8da7f3342b5c23c8da734580 - Path: Assets/_Heathen Engineering/Assets/UX/Icons/Flat Icons [Free]/Free Flat Border Double 1-2pt Icon.png - Importer: PreviewImporter
Importing 'GUID: 92a6e63d8da7f3342b5c23c8da734580 - Path: Assets/_Heathen Engineering/Assets/UX/Icons/Flat Icons [Free]/Free Flat Border Double 1-2pt Icon.png - Importer: PreviewImporter' with importer (PreviewImporter)
Imported 'GUID: 92a6e63d8da7f3342b5c23c8da734580' -> (Import Result ID: 'b0830cab7619ff88b86d0685e083e865') in 0.011 seconds [static and dynamic dependencies]. Details - ImportResultOutputID=5cebb715f2b8622e49d7331403339e8e DependenciesID=8544a8574fbdf840e8b53294235b8fac StaticDependenciesID=bcda6895310c25922169da244fec46d1 
Number of updated asset objects reloaded before import = 0
Number of asset objects unloaded after import = 3
========================================================================
Received Import Request.
  Time of request: 2026-09-05T10:25:06.3639676Z
  Time since last request: 0.0356284 seconds.
  importAddress: GUID: 3e0d213ff767ce743b60fb3316413774 - Path: Assets/_Heathen Engineering/Assets/UX/Icons/Flat Icons [Free]/Free Flat Battery Tick Fill Icon.png - Importer: PreviewImporter
Importing 'GUID: 3e0d213ff767ce743b60fb3316413774 - Path: Assets/_Heathen Engineering/Assets/UX/Icons/Flat Icons [Free]/Free Flat Battery Tick Fill Icon.png - Importer: PreviewImporter' with importer (PreviewImporter)
Imported 'GUID: 3e0d213ff767ce743b60fb3316413774' -> (Import Result ID: '83e3ed1a5d698620475a26bef30e35e7') in 0.013 seconds [static and dynamic dependencies]. Details - ImportResultOutputID=0db9c2e1f3163480cd1ac72c3a81d5bd DependenciesID=b439bf5eacd50aa912af30ea179336e5 StaticDependenciesID=406d456fa909c8977417349b6ea235a8 
Number of updated asset objects reloaded before import = 0
Number of asset objects unloaded after import = 3
========================================================================
Received Import Request.
  Time of request: 2026-09-05T10:25:06.6648616Z
  Time since last request: 0.2713086 seconds.
  importAddress: GUID: 04bc28bea5a22c644b2f8b78da6de920 - Path: Assets/_Heathen Engineering/Assets/UX/Icons/Flat Icons [Free]/Free Flat Battery Tick 5 Icon.png - Importer: PreviewImporter
Importing 'GUID: 04bc28bea5a22c644b2f8b78da6de920 - Path: Assets/_Heathen Engineering/Assets/UX/Icons/Flat Icons [Free]/Free Flat Battery Tick 5 Icon.png - Importer: PreviewImporter' with importer (PreviewImporter)
Imported 'GUID: 04bc28bea5a22c644b2f8b78da6de920' -> (Import Result ID: 'd022404212dd8cd0cde0d906ff1eabc3') in 0.015 seconds [static and dynamic dependencies]. Details - ImportResultOutputID=804801c0794d8d2f1c6a2488bb904a90 DependenciesID=54902df0d72904c0e2491913bf1337ad StaticDependenciesID=cba9a5d45a3a0bb1f49fbefae200432c 
Number of updated asset objects reloaded before import = 0
Number of asset objects unloaded after import = 3
========================================================================
Received Import Request.
  Time of request: 2026-09-05T10:25:07.1566158Z
  Time since last request: 0.4610628 seconds.
  importAddress: GUID: 6c7218760d7e1b041a1cbf797895f78a - Path: Assets/_Heathen Engineering/Assets/UX/Icons/Flat Icons [Free]/Free Flat Battery Tick 3 Icon.png - Importer: PreviewImporter
Importing 'GUID: 6c7218760d7e1b041a1cbf797895f78a - Path: Assets/_Heathen Engineering/Assets/UX/Icons/Flat Icons [Free]/Free Flat Battery Tick 3 Icon.png - Importer: PreviewImporter' with importer (PreviewImporter)
Imported 'GUID: 6c7218760d7e1b041a1cbf797895f78a' -> (Import Result ID: '4dbb480d6fdbaf838c1cc6390c649a07') in 0.016 seconds [static and dynamic dependencies]. Details - ImportResultOutputID=8856eb4460e452bbd2efabe33294ac44 DependenciesID=bdc7364bae96d2d86b974cf5410864c2 StaticDependenciesID=5d55c1dd7512e11b17fabe2b03b9f5ef 
Number of updated asset objects reloaded before import = 0
Number of asset objects unloaded after import = 3
========================================================================
Received Import Request.
  Time of request: 2026-09-05T10:25:07.1944644Z
  Time since last request: 0.0003292 seconds.
  importAddress: GUID: df49e60286e084549bba8d9bebf38b42 - Path: Assets/_Heathen Engineering/Assets/UX/Icons/Flat Icons [Free]/Free Flat Battery Tick 2 Icon.png - Importer: PreviewImporter
Importing 'GUID: df49e60286e084549bba8d9bebf38b42 - Path: Assets/_Heathen Engineering/Assets/UX/Icons/Flat Icons [Free]/Free Flat Battery Tick 2 Icon.png - Importer: PreviewImporter' with importer (PreviewImporter)
Imported 'GUID: df49e60286e084549bba8d9bebf38b42' -> (Import Result ID: '976b4a762ad3749fc3049107aa842587') in 0.030 seconds [static and dynamic dependencies]. Details - ImportResultOutputID=ca865faf477264f5d4f769c5ceb17a7e DependenciesID=bd39a9b8f32ccb03fafa514be70e3937 StaticDependenciesID=48a79a2145c58d6a461bc5789a6907ec 
Number of updated asset objects reloaded before import = 0
Number of asset objects unloaded after import = 3
========================================================================
Received Import Request.
  Time of request: 2026-09-05T10:25:07.4991007Z
  Time since last request: 0.2611006 seconds.
  importAddress: GUID: e3e302267a5c6d244abbe2f50dc5eb4b - Path: Assets/_Heathen Engineering/Assets/UX/Icons/Flat Icons [Free]/Free Flat Battery Smooth 5 Icon.png - Importer: PreviewImporter
Importing 'GUID: e3e302267a5c6d244abbe2f50dc5eb4b - Path: Assets/_Heathen Engineering/Assets/UX/Icons/Flat Icons [Free]/Free Flat Battery Smooth 5 Icon.png - Importer: PreviewImporter' with importer (PreviewImporter)
Imported 'GUID: e3e302267a5c6d244abbe2f50dc5eb4b' -> (Import Result ID: 'ca923d5e926b04ce14a66e1f3e349731') in 0.019 seconds [static and dynamic dependencies]. Details - ImportResultOutputID=00d6a4a8952712529723a2f45870bead DependenciesID=0a951fd7c6c6ceac9d645cf977bce64a StaticDependenciesID=cb23f6f61bc26be71ff2e4ef4e51f231 
Number of updated asset objects reloaded before import = 0
Number of asset objects unloaded after import = 3
========================================================================
Received Import Request.
  Time of request: 2026-09-05T10:25:07.5388451Z
  Time since last request: 0.0012199 seconds.
  importAddress: GUID: 3695b77399e10b540a875e03221764f9 - Path: Assets/_Heathen Engineering/Assets/UX/Icons/Flat Icons [Free]/Free Flat Battery Smooth 3 Icon.png - Importer: PreviewImporter
Importing 'GUID: 3695b77399e10b540a875e03221764f9 - Path: Assets/_Heathen Engineering/Assets/UX/Icons/Flat Icons [Free]/Free Flat Battery Smooth 3 Icon.png - Importer: PreviewImporter' with importer (PreviewImporter)
Imported 'GUID: 3695b77399e10b540a875e03221764f9' -> (Import Result ID: '0aee23707addec0807237f7009b68cf0') in 0.021 seconds [static and dynamic dependencies]. Details - ImportResultOutputID=23776863f8262e0818640c8aa5afafc6 DependenciesID=3a40f5319ec39a6174cabc8443a2c38e StaticDependenciesID=aeb0dabfea586053eb539928e82ac8ef 
Number of updated asset objects reloaded before import = 0
Number of asset objects unloaded after import = 3
========================================================================
Received Import Request.
  Time of request: 2026-09-05T10:25:07.8900604Z
  Time since last request: 0.3114815 seconds.
  importAddress: GUID: 897fca193fcbd464caf717391a549ca4 - Path: Assets/_Heathen Engineering/Assets/UX/Icons/Flat Icons [Free]/Free Flat Battery Smooth 1 Icon.png - Importer: PreviewImporter
Importing 'GUID: 897fca193fcbd464caf717391a549ca4 - Path: Assets/_Heathen Engineering/Assets/UX/Icons/Flat Icons [Free]/Free Flat Battery Smooth 1 Icon.png - Importer: PreviewImporter' with importer (PreviewImporter)
Imported 'GUID: 897fca193fcbd464caf717391a549ca4' -> (Import Result ID: 'a4767dbf3f82201592d796298d1008e3') in 0.019 seconds [static and dynamic dependencies]. Details - ImportResultOutputID=b7da8f8cd9d1ee100e7592f6081eedd5 DependenciesID=ce63e5f9b9bfbe1d9de5867a2e06d172 StaticDependenciesID=f92a76fda4955e04919cee426c98fe8b 
Number of updated asset objects reloaded before import = 0
Number of asset objects unloaded after import = 3
========================================================================
Received Import Request.
  Time of request: 2026-09-05T10:25:07.9630422Z
  Time since last request: 0.034078 seconds.
  importAddress: GUID: 6a6898f5f34b5154aa1b3d44f98bc92b - Path: Assets/_Heathen Engineering/Assets/UX/Icons/Flat Icons [Free]/Free Flat Battery No Dashless Icon.png - Importer: PreviewImporter
Importing 'GUID: 6a6898f5f34b5154aa1b3d44f98bc92b - Path: Assets/_Heathen Engineering/Assets/UX/Icons/Flat Icons [Free]/Free Flat Battery No Dashless Icon.png - Importer: PreviewImporter' with importer (PreviewImporter)
Imported 'GUID: 6a6898f5f34b5154aa1b3d44f98bc92b' -> (Import Result ID: '0e8f56c28dfaa8f8af60686b5fb12512') in 0.022 seconds [static and dynamic dependencies]. Details - ImportResultOutputID=bd739f683150c35cc66dc2ce939806b5 DependenciesID=818463e638b56ab672751dbc54f33739 StaticDependenciesID=4121ff0ae5e0346c79ce4562b530d8f7 
Number of updated asset objects reloaded before import = 0
Number of asset objects unloaded after import = 3
========================================================================
Received Import Request.
  Time of request: 2026-09-05T10:25:08.2732094Z
  Time since last request: 0.2746235 seconds.
  importAddress: GUID: 52ef2ea9601187e4c9fd3db7dd7027f3 - Path: Assets/_Heathen Engineering/Assets/UX/Icons/Flat Icons [Free]/Free Flat Battery Empty Icon.png - Importer: PreviewImporter
Importing 'GUID: 52ef2ea9601187e4c9fd3db7dd7027f3 - Path: Assets/_Heathen Engineering/Assets/UX/Icons/Flat Icons [Free]/Free Flat Battery Empty Icon.png - Importer: PreviewImporter' with importer (PreviewImporter)
Imported 'GUID: 52ef2ea9601187e4c9fd3db7dd7027f3' -> (Import Result ID: '8aee01f403ad0536ac24a68091df320d') in 0.019 seconds [static and dynamic dependencies]. Details - ImportResultOutputID=8e4ede3500c534798efbf5f6a1e2c7ef DependenciesID=b05e6fbd667767d69e7a890ab8350a30 StaticDependenciesID=30aee12548d10f65c1c4e4ddabeb2857 
Number of updated asset objects reloaded before import = 0
Number of asset objects unloaded after import = 3
========================================================================
Received Import Request.
  Time of request: 2026-09-05T10:25:08.3441969Z
  Time since last request: 0.0338239 seconds.
  importAddress: GUID: e40cf289098674f4a98b0bba32cf9c3c - Path: Assets/_Heathen Engineering/Assets/UX/Icons/Flat Icons [Free]/Free Flat Bag 2 Icon.png - Importer: PreviewImporter
Importing 'GUID: e40cf289098674f4a98b0bba32cf9c3c - Path: Assets/_Heathen Engineering/Assets/UX/Icons/Flat Icons [Free]/Free Flat Bag 2 Icon.png - Importer: PreviewImporter' with importer (PreviewImporter)
Imported 'GUID: e40cf289098674f4a98b0bba32cf9c3c' -> (Import Result ID: '51a2588e349c3388c67d81e19b8e452a') in 0.021 seconds [static and dynamic dependencies]. Details - ImportResultOutputID=2b382eb2237829e7491e69806ce7f071 DependenciesID=689024052d63d7b883148ddda27ea02d StaticDependenciesID=d006f22fcaecd786f6abe9be5a42d792 
Number of updated asset objects reloaded before import = 0
Number of asset objects unloaded after import = 3
========================================================================
Received Import Request.
  Time of request: 2026-09-05T10:25:08.7476297Z
  Time since last request: 0.3663449 seconds.
  importAddress: GUID: 879eb3196bae02649b9360b472267f9d - Path: Assets/_Heathen Engineering/Assets/UX/Icons/Flat Icons [Free]/Free Flat Award Icon.png - Importer: PreviewImporter
Importing 'GUID: 879eb3196bae02649b9360b472267f9d - Path: Assets/_Heathen Engineering/Assets/UX/Icons/Flat Icons [Free]/Free Flat Award Icon.png - Importer: PreviewImporter' with importer (PreviewImporter)
Imported 'GUID: 879eb3196bae02649b9360b472267f9d' -> (Import Result ID: '5f5ce993288e0b1d8992ab028a8e4141') in 0.014 seconds [static and dynamic dependencies]. Details - ImportResultOutputID=1696c7dcc5c4b77c2a89bc81befe054f DependenciesID=1893a354c9817e1e16d966a075f5ba3e StaticDependenciesID=1c27420056afba96eb6b40b8e945b063 
Number of updated asset objects reloaded before import = 0
Number of asset objects unloaded after import = 3
========================================================================
Received Import Request.
  Time of request: 2026-09-05T10:25:08.8403301Z
  Time since last request: 0.0586219 seconds.
  importAddress: GUID: b938362154adb7647b816e89388f2492 - Path: Assets/_Heathen Engineering/Assets/UX/Icons/Flat Icons [Free]/Free Flat Arrow Curved Right 1 Icon.png - Importer: PreviewImporter
Importing 'GUID: b938362154adb7647b816e89388f2492 - Path: Assets/_Heathen Engineering/Assets/UX/Icons/Flat Icons [Free]/Free Flat Arrow Curved Right 1 Icon.png - Importer: PreviewImporter' with importer (PreviewImporter)
Imported 'GUID: b938362154adb7647b816e89388f2492' -> (Import Result ID: '0f8a8b381437ca78c2a03ff3991a76b9') in 0.018 seconds [static and dynamic dependencies]. Details - ImportResultOutputID=6cee537a921f19a5d6fde5af1ba51f10 DependenciesID=53d9ce38dc6027912779ef99866e4973 StaticDependenciesID=c19e3dcfead4534a58c7e10a6fdd2ac4 
Number of updated asset objects reloaded before import = 0
Number of asset objects unloaded after import = 3
========================================================================
Received Import Request.
  Time of request: 2026-09-05T10:25:08.9135662Z
  Time since last request: 0.0391546 seconds.
  importAddress: GUID: 1e08dbd0de1d24b4fa9ac49c8b10c0fe - Path: Assets/_Heathen Engineering/Assets/UX/Icons/Flat Icons [Free]/Free Flat Arrow Curved Left 1 Icon.png - Importer: PreviewImporter
Importing 'GUID: 1e08dbd0de1d24b4fa9ac49c8b10c0fe - Path: Assets/_Heathen Engineering/Assets/UX/Icons/Flat Icons [Free]/Free Flat Arrow Curved Left 1 Icon.png - Importer: PreviewImporter' with importer (PreviewImporter)
Imported 'GUID: 1e08dbd0de1d24b4fa9ac49c8b10c0fe' -> (Import Result ID: '81f598960892c22420ae4e912e3a61c4') in 0.022 seconds [static and dynamic dependencies]. Details - ImportResultOutputID=3a8a497105c01f21227b3885eaca7178 DependenciesID=6598893cc86629d229c7f6a0e3376747 StaticDependenciesID=9f598de52930b1e3f37e2fb553909e01 
Number of updated asset objects reloaded before import = 0
Number of asset objects unloaded after import = 3
========================================================================
Received Import Request.
  Time of request: 2026-09-05T10:25:09.2691804Z
  Time since last request: 0.3218624 seconds.
  importAddress: GUID: f9d826ed2cdfb594b916ba79efd8ad7e - Path: Assets/_Heathen Engineering/Assets/UX/Icons/Flat Icons [Free]/Free Flat Arrow 7 SW Icon.png - Importer: PreviewImporter
Importing 'GUID: f9d826ed2cdfb594b916ba79efd8ad7e - Path: Assets/_Heathen Engineering/Assets/UX/Icons/Flat Icons [Free]/Free Flat Arrow 7 SW Icon.png - Importer: PreviewImporter' with importer (PreviewImporter)
Imported 'GUID: f9d826ed2cdfb594b916ba79efd8ad7e' -> (Import Result ID: '3912db38acf4d5f01f96e45080d179a3') in 0.018 seconds [static and dynamic dependencies]. Details - ImportResultOutputID=a45b5c5702d1196e5be6c2c1d7ba825f DependenciesID=f20c9ed6e8e76e201e06cf9845a5bd4c StaticDependenciesID=6c4996ac07416d09dee5d93a8312ac75 
Number of updated asset objects reloaded before import = 0
Number of asset objects unloaded after import = 3
========================================================================
Received Import Request.
  Time of request: 2026-09-05T10:25:09.3096886Z
  Time since last request: 0.0008169 seconds.
  importAddress: GUID: 9647c288cc4ffdf4696259c4d0838725 - Path: Assets/_Heathen Engineering/Assets/UX/Icons/Flat Icons [Free]/Free Flat Arrow 7 S Icon.png - Importer: PreviewImporter
Importing 'GUID: 9647c288cc4ffdf4696259c4d0838725 - Path: Assets/_Heathen Engineering/Assets/UX/Icons/Flat Icons [Free]/Free Flat Arrow 7 S Icon.png - Importer: PreviewImporter' with importer (PreviewImporter)
Imported 'GUID: 9647c288cc4ffdf4696259c4d0838725' -> (Import Result ID: '972beb56a8bec1cbb939f3965399e87f') in 0.025 seconds [static and dynamic dependencies]. Details - ImportResultOutputID=4388eb5831010d3414d9ec48fbf0ce61 DependenciesID=65a6af74b2ce7c7e252aee7478f49795 StaticDependenciesID=1046e29f780248d05695402851715d29 
Number of updated asset objects reloaded before import = 0
Number of asset objects unloaded after import = 3
========================================================================
Received Import Request.
  Time of request: 2026-09-05T10:26:27.0652585Z
  Time since last request: 77.7154092 seconds.
  importAddress: GUID: 63b23d07d008d78479472967955b4b81 - Path: Assets/AsphaltLayer.terrainlayer - Importer: PreviewImporter
Importing 'GUID: 63b23d07d008d78479472967955b4b81 - Path: Assets/AsphaltLayer.terrainlayer - Importer: PreviewImporter' with importer (PreviewImporter)
Imported 'GUID: 63b23d07d008d78479472967955b4b81' -> (Import Result ID: 'e4b03a7acf699d49a7323fe4d28bc832') in 0.032 seconds [static and dynamic dependencies]. Details - ImportResultOutputID=8d465633c37648c35c7f1bdc995ca7de DependenciesID=9f8498e445905039415316cca0557181 StaticDependenciesID=edc1eeafef8c663a5d3432c6f76aa0a7 
Number of updated asset objects reloaded before import = 0
Number of asset objects unloaded after import = 2
========================================================================
Received Prepare
AcceleratorClientConnectionCallback - disconnected - :0
Unloading 22 Unused Serialized files (Serialized files now loaded: 0)
Unloading 22 unused Assets / (2.6 MB). Loaded Objects now: 7496.
Memory consumption went from 325.6 MB to 323.0 MB.
Total: 6.176000 ms (FindLiveObjects: 0.348400 ms CreateObjectMapping: 0.551900 ms MarkObjects: 4.923800 ms  DeleteObjects: 0.350200 ms)

Prepare: number of updated asset objects reloaded= 0
EnvironmentDependencyValues requested are different than current active one (requested -> active):
  graphicsApiMask: 2099200 -> 2361344
========================================================================
Received Import Request.
  Time of request: 2026-09-05T10:28:40.6496131Z
  Time since last request: 133.5295582 seconds.
  importAddress: GUID: a878a8914e0aeaf438b4d1723b6ee9b2 - Path: Assets/Scenes/MainMenu.unity - Importer: PreviewImporter
Importing 'GUID: a878a8914e0aeaf438b4d1723b6ee9b2 - Path: Assets/Scenes/MainMenu.unity - Importer: PreviewImporter' with importer (PreviewImporter)
Imported 'GUID: a878a8914e0aeaf438b4d1723b6ee9b2' -> (Import Result ID: '9e606e5c23df33927ccfe0ee01d344c8') in 0.001 seconds [static and dynamic dependencies]. Details - ImportResultOutputID=0e71cea273757d440976461781b684c2 DependenciesID=be55036a0ce9ff4720fb60d8a5e7d73d StaticDependenciesID=626f0fa95fe4577a2dcd7640c74b62ab 
Number of updated asset objects reloaded before import = 0
Number of asset objects unloaded after import = 0
========================================================================
Received Import Request.
  Time of request: 2026-09-05T10:28:50.2166802Z
  Time since last request: 9.5537687 seconds.
  importAddress: GUID: 99c9720ab356a0642a771bea13969a05 - Path: Assets/Scenes/Level1.unity - Importer: PreviewImporter
Importing 'GUID: 99c9720ab356a0642a771bea13969a05 - Path: Assets/Scenes/Level1.unity - Importer: PreviewImporter' with importer (PreviewImporter)
Imported 'GUID: 99c9720ab356a0642a771bea13969a05' -> (Import Result ID: 'bb2d49e371632d3e8d869ffbbdbf948a') in 0.001 seconds [static and dynamic dependencies]. Details - ImportResultOutputID=60ca0ca267162a69cdf8a1143a5075b0 DependenciesID=0b7fa59254a9aa89786cd6615608364b StaticDependenciesID=b1b9720792190f862fb73a30fb8770bb 
Number of updated asset objects reloaded before import = 0
Number of asset objects unloaded after import = 0
========================================================================
Received Prepare
AcceleratorClientConnectionCallback - disconnected - :0
Refreshing native plugins compatible for Editor in 34.88 ms, found 4 plugins.
Unloading 22 Unused Serialized files (Serialized files now loaded: 0)
Unloading 6568 unused Assets / (4.7 MB). Loaded Objects now: 7496.
Memory consumption went from 330.5 MB to 325.7 MB.
Total: 45.548900 ms (FindLiveObjects: 5.485000 ms CreateObjectMapping: 12.944500 ms MarkObjects: 17.440800 ms  DeleteObjects: 9.676000 ms)

Prepare: number of updated asset objects reloaded= 0
EnvironmentDependencyValues requested are different than current active one (requested -> active):
  graphicsApiMask: 2099200 -> 2361344
========================================================================
Received Prepare
AcceleratorClientConnectionCallback - disconnected - :0
[Licensing::Client] Successfully resolved entitlement details
[Licensing::Client] Successfully resolved entitlement details
Begin MonoManager ReloadAssembly
Refreshing native plugins compatible for Editor in 2.32 ms, found 4 plugins.
Native extension for Android target not found
Native extension for UWP target not found
Native extension for WindowsStandalone target not found
[Package Manager] Failed to launch server process. Reason: Unity was launched with the -noUpm command-line argument
[Package Manager] Unable to send message (not connected to server process).
[Package Manager] Cannot connect to Unity Package Manager local server
[Package Manager] Failed to launch server process. Reason: Unity was launched with the -noUpm command-line argument
[Package Manager] Unable to send message (not connected to server process).
[Package Manager] Cannot connect to Unity Package Manager local server
ScheduleIndexationOnStartup MainProcess:False IndexOnStartup:True
Mono: successfully reloaded assembly
- Finished resetting the current domain, in  1.816 seconds
Domain Reload Profiling: 4304ms
	BeginReloadAssembly (582ms)
		DisableScriptedObjects (18ms)
		CreateAndSetChildDomain (127ms)
	RebuildCommonClasses (22ms)
	RebuildNativeTypeToScriptingClass (44ms)
	initialDomainReloadingComplete (195ms)
	LoadAllAssembliesAndSetupDomain (1642ms)
		LoadAssemblies (957ms)
		AnalyzeDomain (647ms)
			TypeCache.Refresh (32ms)
			BuildScriptInfoCaches (591ms)
			ResolveRequiredComponents (19ms)
	FinalizeReload (1819ms)
		SetupLoadedEditorAssemblies (0ms)
			InitializePlatformSupportModulesInManaged (20ms)
			BeforeProcessingInitializeOnLoad (264ms)
			ProcessInitializeOnLoadAttributes (657ms)
			ProcessInitializeOnLoadMethodAttributes (310ms)
			AfterProcessingInitializeOnLoad (5ms)
		AwakeInstancesAfterBackupRestoration (49ms)
Refreshing native plugins compatible for Editor in 4.11 ms, found 4 plugins.
Unloading 22 Unused Serialized files (Serialized files now loaded: 0)
Unloading 6579 unused Assets / (4.2 MB). Loaded Objects now: 7498.
Memory consumption went from 331.5 MB to 327.3 MB.
Total: 24.303800 ms (FindLiveObjects: 1.656400 ms CreateObjectMapping: 5.547500 ms MarkObjects: 11.980300 ms  DeleteObjects: 5.117000 ms)

Prepare: number of updated asset objects reloaded= 0
EnvironmentDependencyValues requested are different than current active one (requested -> active):
  graphicsApiMask: 2099200 -> 2361344
========================================================================
Received Prepare
AcceleratorClientConnectionCallback - disconnected - :0
Refreshing native plugins compatible for Editor in 5.42 ms, found 4 plugins.
Unloading 22 Unused Serialized files (Serialized files now loaded: 0)
Unloading 6568 unused Assets / (5.8 MB). Loaded Objects now: 7498.
Memory consumption went from 332.7 MB to 326.9 MB.
Total: 31.765100 ms (FindLiveObjects: 1.873400 ms CreateObjectMapping: 6.168400 ms MarkObjects: 16.895100 ms  DeleteObjects: 6.825400 ms)

Prepare: number of updated asset objects reloaded= 0
EnvironmentDependencyValues requested are different than current active one (requested -> active):
  graphicsApiMask: 2099200 -> 2361344
========================================================================
Received Prepare
AcceleratorClientConnectionCallback - disconnected - :0
[Licensing::Client] Successfully resolved entitlement details
[Licensing::Client] Successfully resolved entitlement details
Begin MonoManager ReloadAssembly
Native extension for Android target not found
Native extension for UWP target not found
Native extension for WindowsStandalone target not found
[Package Manager] Failed to launch server process. Reason: Unity was launched with the -noUpm command-line argument
[Package Manager] Unable to send message (not connected to server process).
[Package Manager] Cannot connect to Unity Package Manager local server
[Package Manager] Failed to launch server process. Reason: Unity was launched with the -noUpm command-line argument
[Package Manager] Unable to send message (not connected to server process).
[Package Manager] Cannot connect to Unity Package Manager local server
ScheduleIndexationOnStartup MainProcess:False IndexOnStartup:True
Mono: successfully reloaded assembly
- Finished resetting the current domain, in  0.742 seconds
Domain Reload Profiling: 1458ms
	BeginReloadAssembly (182ms)
		DisableScriptedObjects (5ms)
		CreateAndSetChildDomain (38ms)
	RebuildCommonClasses (8ms)
	RebuildNativeTypeToScriptingClass (13ms)
	initialDomainReloadingComplete (47ms)
	LoadAllAssembliesAndSetupDomain (466ms)
		LoadAssemblies (274ms)
		AnalyzeDomain (174ms)
			TypeCache.Refresh (10ms)
			BuildScriptInfoCaches (154ms)
			ResolveRequiredComponents (7ms)
	FinalizeReload (742ms)
		SetupLoadedEditorAssemblies (0ms)
			InitializePlatformSupportModulesInManaged (12ms)
			BeforeProcessingInitializeOnLoad (139ms)
			ProcessInitializeOnLoadAttributes (275ms)
			ProcessInitializeOnLoadMethodAttributes (102ms)
		AwakeInstancesAfterBackupRestoration (16ms)
Unloading 22 Unused Serialized files (Serialized files now loaded: 0)
Unloading 6579 unused Assets / (5.7 MB). Loaded Objects now: 7501.
Memory consumption went from 333.6 MB to 327.9 MB.
Total: 8.193000 ms (FindLiveObjects: 0.508300 ms CreateObjectMapping: 1.410500 ms MarkObjects: 3.796400 ms  DeleteObjects: 2.477000 ms)

Prepare: number of updated asset objects reloaded= 0
EnvironmentDependencyValues requested are different than current active one (requested -> active):
  graphicsApiMask: 2099200 -> 2361344
========================================================================
Received Prepare
AcceleratorClientConnectionCallback - disconnected - :0
Unloading 22 Unused Serialized files (Serialized files now loaded: 0)
Unloading 22 unused Assets / (2.6 MB). Loaded Objects now: 7501.
Memory consumption went from 329.9 MB to 327.3 MB.
Total: 9.842200 ms (FindLiveObjects: 0.344400 ms CreateObjectMapping: 0.965700 ms MarkObjects: 8.044300 ms  DeleteObjects: 0.486300 ms)

Prepare: number of updated asset objects reloaded= 0
EnvironmentDependencyValues requested are different than current active one (requested -> active):
  graphicsApiMask: 2099200 -> 2361344
========================================================================
Received Prepare
AcceleratorClientConnectionCallback - disconnected - :0
Begin MonoManager ReloadAssembly
Native extension for Android target not found
Native extension for UWP target not found
Native extension for WindowsStandalone target not found
[Package Manager] Failed to launch server process. Reason: Unity was launched with the -noUpm command-line argument
[Package Manager] Unable to send message (not connected to server process).
[Package Manager] Cannot connect to Unity Package Manager local server
[Package Manager] Failed to launch server process. Reason: Unity was launched with the -noUpm command-line argument
[Package Manager] Unable to send message (not connected to server process).
[Package Manager] Cannot connect to Unity Package Manager local server
ScheduleIndexationOnStartup MainProcess:False IndexOnStartup:True
Mono: successfully reloaded assembly
- Finished resetting the current domain, in  0.626 seconds
Domain Reload Profiling: 1166ms
	BeginReloadAssembly (179ms)
		DisableScriptedObjects (4ms)
		CreateAndSetChildDomain (38ms)
	RebuildCommonClasses (8ms)
	RebuildNativeTypeToScriptingClass (13ms)
	initialDomainReloadingComplete (43ms)
	LoadAllAssembliesAndSetupDomain (296ms)
		LoadAssemblies (266ms)
		AnalyzeDomain (17ms)
			TypeCache.Refresh (7ms)
			ResolveRequiredComponents (7ms)
	FinalizeReload (627ms)
		SetupLoadedEditorAssemblies (0ms)
			InitializePlatformSupportModulesInManaged (7ms)
			BeforeProcessingInitializeOnLoad (80ms)
			ProcessInitializeOnLoadAttributes (233ms)
			ProcessInitializeOnLoadMethodAttributes (115ms)
		AwakeInstancesAfterBackupRestoration (14ms)
Unloading 22 Unused Serialized files (Serialized files now loaded: 0)
Unloading 6579 unused Assets / (5.4 MB). Loaded Objects now: 7506.
Memory consumption went from 335.4 MB to 330.0 MB.
Total: 9.798300 ms (FindLiveObjects: 0.558300 ms CreateObjectMapping: 1.471800 ms MarkObjects: 5.416200 ms  DeleteObjects: 2.350000 ms)

Prepare: number of updated asset objects reloaded= 0
EnvironmentDependencyValues requested are different than current active one (requested -> active):
  graphicsApiMask: 2099200 -> 2361344
========================================================================
Received Import Request.
  Time of request: 2026-09-05T10:38:59.4187647Z
  Time since last request: 609.18962369999997 seconds.
  importAddress: GUID: 99c9720ab356a0642a771bea13969a05 - Path: Assets/Scenes/Level1.unity - Importer: PreviewImporter
Importing 'GUID: 99c9720ab356a0642a771bea13969a05 - Path: Assets/Scenes/Level1.unity - Importer: PreviewImporter' with importer (PreviewImporter)
Imported 'GUID: 99c9720ab356a0642a771bea13969a05' -> (Import Result ID: 'ae4b7a6a8b8086fdd2c33b88144728f3') in 0.001 seconds [static and dynamic dependencies]. Details - ImportResultOutputID=60ca0ca267162a69cdf8a1143a5075b0 DependenciesID=abffed611a374d2ce044100238856321 StaticDependenciesID=949aba3b3ee428c592363992109f1551 
Number of updated asset objects reloaded before import = 0
Number of asset objects unloaded after import = 0
========================================================================
Received Prepare
AcceleratorClientConnectionCallback - disconnected - :0
[Licensing::Client] Successfully resolved entitlement details
[Licensing::Client] Successfully resolved entitlement details
Begin MonoManager ReloadAssembly
Native extension for Android target not found
Native extension for UWP target not found
Native extension for WindowsStandalone target not found
[Package Manager] Failed to launch server process. Reason: Unity was launched with the -noUpm command-line argument
[Package Manager] Unable to send message (not connected to server process).
[Package Manager] Cannot connect to Unity Package Manager local server
[Package Manager] Failed to launch server process. Reason: Unity was launched with the -noUpm command-line argument
[Package Manager] Unable to send message (not connected to server process).
[Package Manager] Cannot connect to Unity Package Manager local server
ScheduleIndexationOnStartup MainProcess:False IndexOnStartup:True
Mono: successfully reloaded assembly
- Finished resetting the current domain, in  0.740 seconds
Domain Reload Profiling: 1276ms
	BeginReloadAssembly (178ms)
		DisableScriptedObjects (5ms)
		CreateAndSetChildDomain (39ms)
	RebuildCommonClasses (8ms)
	RebuildNativeTypeToScriptingClass (13ms)
	initialDomainReloadingComplete (43ms)
	LoadAllAssembliesAndSetupDomain (293ms)
		LoadAssemblies (262ms)
		AnalyzeDomain (17ms)
			TypeCache.Refresh (7ms)
			ResolveRequiredComponents (7ms)
	FinalizeReload (742ms)
		SetupLoadedEditorAssemblies (0ms)
			InitializePlatformSupportModulesInManaged (7ms)
			BeforeProcessingInitializeOnLoad (84ms)
			ProcessInitializeOnLoadAttributes (251ms)
			ProcessInitializeOnLoadMethodAttributes (179ms)
		AwakeInstancesAfterBackupRestoration (31ms)
Refreshing native plugins compatible for Editor in 2.70 ms, found 4 plugins.
Unloading 22 Unused Serialized files (Serialized files now loaded: 0)
Unloading 6579 unused Assets / (6.0 MB). Loaded Objects now: 7509.
Memory consumption went from 336.5 MB to 330.5 MB.
Total: 12.143300 ms (FindLiveObjects: 0.643100 ms CreateObjectMapping: 2.250400 ms MarkObjects: 5.614400 ms  DeleteObjects: 3.633600 ms)

Prepare: number of updated asset objects reloaded= 0
EnvironmentDependencyValues requested are different than current active one (requested -> active):
  graphicsApiMask: 2099200 -> 2361344
========================================================================
Received Prepare
AcceleratorClientConnectionCallback - disconnected - :0
Unloading 22 Unused Serialized files (Serialized files now loaded: 0)
Unloading 22 unused Assets / (2.6 MB). Loaded Objects now: 7509.
Memory consumption went from 332.8 MB to 330.2 MB.
Total: 6.461100 ms (FindLiveObjects: 0.386300 ms CreateObjectMapping: 1.147700 ms MarkObjects: 4.555900 ms  DeleteObjects: 0.370200 ms)

Prepare: number of updated asset objects reloaded= 0
EnvironmentDependencyValues requested are different than current active one (requested -> active):
  graphicsApiMask: 2099200 -> 2361344
========================================================================
Received Prepare
AcceleratorClientConnectionCallback - disconnected - :0
[Licensing::Client] Successfully resolved entitlement details
[Licensing::Client] Successfully resolved entitlement details
Begin MonoManager ReloadAssembly
Native extension for Android target not found
Native extension for UWP target not found
Native extension for WindowsStandalone target not found
[Package Manager] Failed to launch server process. Reason: Unity was launched with the -noUpm command-line argument
[Package Manager] Unable to send message (not connected to server process).
[Package Manager] Cannot connect to Unity Package Manager local server
[Package Manager] Failed to launch server process. Reason: Unity was launched with the -noUpm command-line argument
[Package Manager] Unable to send message (not connected to server process).
[Package Manager] Cannot connect to Unity Package Manager local server
ScheduleIndexationOnStartup MainProcess:False IndexOnStartup:True
Mono: successfully reloaded assembly
- Finished resetting the current domain, in  0.659 seconds
Domain Reload Profiling: 1203ms
	BeginReloadAssembly (185ms)
		DisableScriptedObjects (5ms)
		CreateAndSetChildDomain (44ms)
	RebuildCommonClasses (7ms)
	RebuildNativeTypeToScriptingClass (13ms)
	initialDomainReloadingComplete (41ms)
	LoadAllAssembliesAndSetupDomain (296ms)
		LoadAssemblies (267ms)
		AnalyzeDomain (17ms)
			TypeCache.Refresh (7ms)
			ResolveRequiredComponents (7ms)
	FinalizeReload (661ms)
		SetupLoadedEditorAssemblies (0ms)
			InitializePlatformSupportModulesInManaged (10ms)
			BeforeProcessingInitializeOnLoad (84ms)
			ProcessInitializeOnLoadAttributes (238ms)
			ProcessInitializeOnLoadMethodAttributes (127ms)
		AwakeInstancesAfterBackupRestoration (17ms)
Unloading 22 Unused Serialized files (Serialized files now loaded: 0)
Unloading 6579 unused Assets / (5.8 MB). Loaded Objects now: 7512.
Memory consumption went from 338.6 MB to 332.8 MB.
Total: 9.674100 ms (FindLiveObjects: 0.686600 ms CreateObjectMapping: 1.782400 ms MarkObjects: 4.267000 ms  DeleteObjects: 2.936000 ms)

Prepare: number of updated asset objects reloaded= 0
EnvironmentDependencyValues requested are different than current active one (requested -> active):
  graphicsApiMask: 2099200 -> 2361344
========================================================================
Received Prepare
AcceleratorClientConnectionCallback - disconnected - :0
Unloading 22 Unused Serialized files (Serialized files now loaded: 0)
Unloading 22 unused Assets / (2.6 MB). Loaded Objects now: 7512.
Memory consumption went from 334.9 MB to 332.3 MB.
Total: 6.007400 ms (FindLiveObjects: 0.353400 ms CreateObjectMapping: 1.094400 ms MarkObjects: 4.107000 ms  DeleteObjects: 0.451400 ms)

Prepare: number of updated asset objects reloaded= 0
EnvironmentDependencyValues requested are different than current active one (requested -> active):
  graphicsApiMask: 2099200 -> 2361344
========================================================================
Received Prepare
AcceleratorClientConnectionCallback - disconnected - :0
Unloading 22 Unused Serialized files (Serialized files now loaded: 0)
Unloading 22 unused Assets / (2.6 MB). Loaded Objects now: 7512.
Memory consumption went from 335.9 MB to 333.3 MB.
Total: 7.081600 ms (FindLiveObjects: 0.416400 ms CreateObjectMapping: 0.738900 ms MarkObjects: 5.470600 ms  DeleteObjects: 0.452900 ms)

Prepare: number of updated asset objects reloaded= 0
EnvironmentDependencyValues requested are different than current active one (requested -> active):
  graphicsApiMask: 2099200 -> 2361344
========================================================================
Received Import Request.
  Time of request: 2026-09-05T10:43:52.2978697Z
  Time since last request: 292.86531880000001 seconds.
  importAddress: GUID: 5e6cbd92db86f4b18aec3ed561671858 - Path: Assets/Settings/Mobile_RPAsset.asset - Importer: PreviewImporter
Importing 'GUID: 5e6cbd92db86f4b18aec3ed561671858 - Path: Assets/Settings/Mobile_RPAsset.asset - Importer: PreviewImporter' with importer (PreviewImporter)
Imported 'GUID: 5e6cbd92db86f4b18aec3ed561671858' -> (Import Result ID: '4d89e1aeb040e1d85837dc4a01e50d4e') in 0.034 seconds [static and dynamic dependencies]. Details - ImportResultOutputID=e4e7363aa9abc889619739ecbddfb568 DependenciesID=8fae7b6cfa5b5ca17c2cbadfc2eee739 StaticDependenciesID=4fa4b33bd6a380c9eef0e71c4aeba864 
Number of updated asset objects reloaded before import = 0
Number of asset objects unloaded after import = 0
========================================================================
Received Import Request.
  Time of request: 2026-09-05T10:47:02.2344082Z
  Time since last request: 189.88635980000001 seconds.
  importAddress: GUID: 9cf1b056872e14e2e8b74155278345b8 - Path: Assets/Tom's Terrain Tools/Example Data/1-bushmap.tif - Importer: PreviewImporter
Importing 'GUID: 9cf1b056872e14e2e8b74155278345b8 - Path: Assets/Tom's Terrain Tools/Example Data/1-bushmap.tif - Importer: PreviewImporter' with importer (PreviewImporter)
Imported 'GUID: 9cf1b056872e14e2e8b74155278345b8' -> (Import Result ID: '10cb315d152b20e626a09b4917ea431d') in 0.060 seconds [static and dynamic dependencies]. Details - ImportResultOutputID=82310e31404a2a5a053452570c902007 DependenciesID=eebe040cdfe4e37a4f85397cdaf54d87 StaticDependenciesID=a2f2a7c356e786a545140527c76f6a6d 
Number of updated asset objects reloaded before import = 0
Number of asset objects unloaded after import = 2
========================================================================
Received Import Request.
  Time of request: 2026-09-05T10:47:02.3253124Z
  Time since last request: 0.0003789 seconds.
  importAddress: GUID: 1de7badcba3dc4e12b101d1fc91946e0 - Path: Assets/Tom's Terrain Tools/Example Data/1-treemap.tif - Importer: PreviewImporter
Importing 'GUID: 1de7badcba3dc4e12b101d1fc91946e0 - Path: Assets/Tom's Terrain Tools/Example Data/1-treemap.tif - Importer: PreviewImporter' with importer (PreviewImporter)
Imported 'GUID: 1de7badcba3dc4e12b101d1fc91946e0' -> (Import Result ID: 'fe5c01e6cad7797c10466b6b52276bd9') in 0.020 seconds [static and dynamic dependencies]. Details - ImportResultOutputID=1673b9db54f165bce3c6ee79a346a0e6 DependenciesID=b6bf20178dff98a1f9b3e8793a09f33d StaticDependenciesID=0e0049cd963daab39be96b17de735cc9 
Number of updated asset objects reloaded before import = 0
Number of asset objects unloaded after import = 2
========================================================================
Received Import Request.
  Time of request: 2026-09-05T10:47:02.360924Z
  Time since last request: 0.0002947 seconds.
  importAddress: GUID: f194c3b2801924f2d9c2e65e73305734 - Path: Assets/Tom's Terrain Tools/Example Data/2-grassmap.tif - Importer: PreviewImporter
Importing 'GUID: f194c3b2801924f2d9c2e65e73305734 - Path: Assets/Tom's Terrain Tools/Example Data/2-grassmap.tif - Importer: PreviewImporter' with importer (PreviewImporter)
Imported 'GUID: f194c3b2801924f2d9c2e65e73305734' -> (Import Result ID: '8f00caad1a0edb79425fb43aef3c809d') in 0.012 seconds [static and dynamic dependencies]. Details - ImportResultOutputID=a83c78bd6db64b140d97b96221a8140c DependenciesID=1f26d099101bf4144958ffd85dfb05b5 StaticDependenciesID=e52c9fcb5f124e12bae1450dbdbc28c0 
Number of updated asset objects reloaded before import = 0
Number of asset objects unloaded after import = 2
========================================================================
Received Import Request.
  Time of request: 2026-09-05T10:47:02.3905705Z
  Time since last request: 0.0003732 seconds.
  importAddress: GUID: 6cf732f12b76a46ffaf22b169f5cfd85 - Path: Assets/Tom's Terrain Tools/Example Data/1-spawnmap.tif - Importer: PreviewImporter
Importing 'GUID: 6cf732f12b76a46ffaf22b169f5cfd85 - Path: Assets/Tom's Terrain Tools/Example Data/1-spawnmap.tif - Importer: PreviewImporter' with importer (PreviewImporter)
Imported 'GUID: 6cf732f12b76a46ffaf22b169f5cfd85' -> (Import Result ID: 'c5092b31ecb674b66dffbe333d303151') in 0.012 seconds [static and dynamic dependencies]. Details - ImportResultOutputID=590c06084211886694f24338e3b6b0f0 DependenciesID=2f072702b2f11731341cea4a0063e111 StaticDependenciesID=a55e06cc0dac66f4ef128c8c533d10de 
Number of updated asset objects reloaded before import = 0
Number of asset objects unloaded after import = 2
Editor requested this worker to shutdown with reason: Scaling down because of idle timeout
AssetImportWorkerClient::OnTransportError - code=2 error=End of file
AcceleratorClientConnectionCallback - disconnected - :0
AssetImportWorker is now disconnected from the server
Process exiting
Exiting without the bug reporter. Application will terminate with return code 0